ﮐﻭﺩ ﻣﺭﮐﺯ ﺭﺍﻳﺩﻫﯽ,ﻭﻻﻳﺕ,ﻭﻟﺳﻭﺍﻟﻲ,ﻧﺎﻡ ﻣﺭﮐﺯ ﺭﺍﻳﺩﻫﯽ,ﻣﻭﻗﻳﻌﺕ ﻣﺭﮐﺯ ﺭﺍﻳﺩﻫﯽ,ﻣﺣﻼﺕ ﻣﺭﺩﺍﻧﻪ,ﻣﺣﻼﺕ ﺯﻧﺎﻧﻪ,ﻣﺟﻣﻭﻉ ﻣﺣﻼﺕ
0115482,ﮐﺎﺑﻝ,ﺳﺭﻭﺑﯽ,ﻣﮑﺗﺏ ﻗﻠﻌﻪ ﮐﻼﻥ,ﻗﻠﻌﻪ ﮐﻼﻥ,2,2,4
0115486,ﮐﺎﺑﻝ,ﺳﺭﻭﺑﯽ,ﻣﺳﺟﺩ ﺑﺎﻡ ﺩړﻱ,ﺑﺎﻡ ﺩړﻱ,2,2,4
0115487,ﮐﺎﺑﻝ,ﺳﺭﻭﺑﯽ,ﻣﺳﺟﺩ ﮔﺎﺯ ﻋﻠﻳﺎ,ﻭﺯﺑﻳﻥ، ﮔﺎﺯ ﻋﻠﻳﺎ,2,3,5
0115518,ﮐﺎﺑﻝ,ﺳﺭﻭﺑﯽ,ﻣﮑﺗﺏ ﺳﭘﻳﺭ ﮐﻭﻧﺩی,ﺳﭘﻳﺭ ﮐﻭﻧﺩی,1,1,2
0203069,ﮐﺎﭘﻳﺳﺎ,ﮐﻭﻩ ﺑﻧﺩ,ﻣﺳﺟﺩ ﺣﺑﻳﺏ ﺧﻳﻝ,ﺩﺭﻧﺎﻣﻪ,2,1,3
0203072,ﮐﺎﭘﻳﺳﺎ,ﮐﻭﻩ ﺑﻧﺩ,ﻣﺳﺟﺩ ﻫﺯﺍﺭﻭ ﺧﻳﻝ,ﺩﺭﻧﺎﻣﻪ,2,1,3
0206080,ﮐﺎﭘﻳﺳﺎ,ﺗﮕﺎﺏ,ﻣﺳﺟﺩ ﺗﺗﺭ ﺧﻳﻝ,ﺗﺗﺭ ﺧﻳﻝ,2,1,3
0206095,ﮐﺎﭘﻳﺳﺎ,ﺗﮕﺎﺏ,ﻣﺗﻭﺳﻁﻪ ﺷﻬﻳﺩ ﺣﻔﻳﻅ ﷲ,ﺷﮑﻭﺕ,3,0,3
0206097,ﮐﺎﭘﻳﺳﺎ,ﺗﮕﺎﺏ,ﻣﺳﺟﺩ ﺗﺗﺎﺭﺧﻳﻝ,ﺗﺗﺎﺭﺧﻳﻝ )ﮐﻭﭼﻳﺎﻥ(,1,1,2
0207109,ﮐﺎﭘﻳﺳﺎ,ﺍﻟﻪ ﺳﺎی,ﻟﻳﺳﻪ ﺣﻳﺎﺕ ﷲ ﺷﻬﻳﺩ ) ﮐﻭﭼﯽ(,ﻣﺭﮐﺯ ﺍﻟﻪ ﺳﺎی,2,1,3
0303074,ﭘﺭﻭﺍﻥ,ﺷﻳﻧﻭﺍﺭی,ﻣﮑﺗﺏ ﺟﺎﻥ ﻓﺩﺍ ﺷﻬﻳﺩ,ﺷﻳﻭﻩ,1,1,2
0303076,ﭘﺭﻭﺍﻥ,ﺷﻳﻧﻭﺍﺭی,ﻣﺩﺭﺳﻪ ﺩﺭﺍﺯ ﮔﺭﺩ,ﺩﺭﺍﺯ ﮔﺭﺩ,2,1,3
0401009,ﻭﺭﺩک,ﻣﻳﺩﺍﻥ ﺷﻬﺭ,ﻣﮑﺗﺏ ﮐﻬﻧﻪ ﺧﻣﺎﺭ,ﮐﻬﻧﻪ ﺧﻣﺎﺭ,2,1,3
0404083,ﻭﺭﺩک,ﭼﮏ ﻭﺭﺩک,ﺟﻭﺍﺭ ﻣﻧﺯﻝ ﺻﺎﻟﺢ ﻣﺣﻣﺩ,ﻗﺭﻳﻪ ﻧﻭﺭﺧﻳﻝ,1,1,2
0404085,ﻭﺭﺩک,ﭼﮏ ﻭﺭﺩک,ﻣﮑﺗﺏ ﺳﺭ ﮐﻭﻩ,ﻟﻧﺩﻭ,1,1,2
0404086,ﻭﺭﺩک,ﭼﮏ ﻭﺭﺩک,ﻣﮑﺗﺏ ﻣﺣﻠﯽ,ﺑﻭﻧﺎﻥ,2,1,3
0404087,ﻭﺭﺩک,ﭼﮏ ﻭﺭﺩک,ﮐﻠﻳﻧﻳﮏ ﺻﺣﯽ ﻗﺭﻳﻪ ﺳﻳﺑﮏ,ﻗﺭﻳﻪ ﺳﻳﺑﮏ,1,1,2
0404091,ﻭﺭﺩک,ﭼﮏ ﻭﺭﺩک,ﺟﻭﺍﺭ ﻣﻧﺯﻝ ﻣﻧﮕﻝ,ﻗﻠﻌﻪ ﻗﺭﺑﺎﻧﯽ,1,1,2
0404092,ﻭﺭﺩک,ﭼﮏ ﻭﺭﺩک,ﻣﮑﺗﺏ ﺍﺑﺗﺩﺍﺋﻳﻪ ﻋﺭﺑﺎﻥ,ﺷﺎﺑﺎﺯ ﺧﺎﻥ,2,1,3
0404093,ﻭﺭﺩک,ﭼﮏ ﻭﺭﺩک,ﻧﺯﺩﻳﮏ ﺧﺎﻧﻪ ﺷﺧﺻﯽ ﻣﻠﮏ ﻗﺭﻳﻪ,ﻣﻭﻧﮕﻳﺎﺭ ﺧﻳﻝ,2,1,3
0404094,ﻭﺭﺩک,ﭼﮏ ﻭﺭﺩک,ﻣﺳﺟﺩ ﻗﺭﻳﻪ ﺷﮑﺭﺩﺍﺩ,ﻗﺭﻳﻪ ﺷﮑﺭﺩﺍﺩ,1,1,2
0404095,ﻭﺭﺩک,ﭼﮏ ﻭﺭﺩک,ﻣﮑﺗﺏ ﺍﺑﺗﺩﺍﺋﻳﻪ ﺻﺎﺣﺏ ﭼﺎﺭﻗﻠﻌﻪ,ﭼﺎﺭﻗﻠﻌﻪ,1,1,2
0404096,ﻭﺭﺩک,ﭼﮏ ﻭﺭﺩک,ﻣﮑﺗﺏ ﺍﺑﺗﺩﺍﺋﻳﻪ ﻧﻭﺭﺍﻟﻣﺩﺭﺱ,ﻣﻳﺎﻧﻪ ﻗﻝ,1,1,2
0404098,ﻭﺭﺩک,ﭼﮏ ﻭﺭﺩک,ﻣﮑﺗﺏ ﺍﺑﺗﺩﺍﺋﻳﻪ ﺷﻳﺭﺯﺍﺩ,ﺷﺭﻳﻑ ﺧﻳﻝ,1,1,2
0404099,ﻭﺭﺩک,ﭼﮏ ﻭﺭﺩک,ﻣﺳﺟﺩ ﻗﺭﻳﻪ ﺯﺭﮐﮏ,ﻗﺭﻳﻪ ﮔﻭﺩﻩ ﺯﺭﮐﮏ,1,1,2
0404100,ﻭﺭﺩک,ﭼﮏ ﻭﺭﺩک,ﭘﻬﻠﻭی ﻣﻧﺯﻝ ﻗﺎﺿﯽ ﻋﻠﻡ ﮔﻝ,ﻗﺭﻳﻪ ﮐﺭﺍﮐﺕ,2,1,3
0404101,ﻭﺭﺩک,ﭼﮏ ﻭﺭﺩک,ﻣﮑﺗﺏ ﺳﻳﺎﺏ,ﺑﻳﺭﺍﻧﻪ,1,1,2
0404102,ﻭﺭﺩک,ﭼﮏ ﻭﺭﺩک,ﻣﮑﺗﺏ ﺍﺑﺗﺩﺍﺋﻳﻪ ﻋﻣﺭﻓﺎﺭﻭﻕ,ﺳﺭﭘﻭﺵ,1,1,2
0404103,ﻭﺭﺩک,ﭼﮏ ﻭﺭﺩک,ﻣﺳﺟﺩ ﻗﺭﻳﻪ ﮐﻭﻟﮏ,ﻗﺭﻳﻪ ﮐﻭﻟﮏ,1,1,2
0404106,ﻭﺭﺩک,ﭼﮏ ﻭﺭﺩک,ﻣﺳﺟﺩ ﮐﻼﻥ ﻗﺭﻳﻪ ﻗﺎﺩﺭﺧﻳﻝ,ﻗﺭﻳﻪ ﻗﺎﺩﺭ ﺧﻳﻝ,1,1,2
0405117,ﻭﺭﺩک,ﺳﻳﺩ ﺁﺑﺎﺩ,ﺧﻳﻣﻪ ﺩﺭ ﻗﺭﻳﻪ ﻫﻔﺕ ﺍﺳﻳﺎ,ﻫﻔﺕ ﺍﺳﻳﺎ,1,1,2
0405118,ﻭﺭﺩک,ﺳﻳﺩ ﺁﺑﺎﺩ,ﻣﮑﺗﺏ ﺷﺵ ﻗﻠﻌﻪ,ﺷﺵ ﻗﻠﻌﻪ,1,1,2
0405120,ﻭﺭﺩک,ﺳﻳﺩ ﺁﺑﺎﺩ,ﺧﻳﻣﻪ ﺩﺭﺩﺍﺧﻝ ﻗﺭﻳﻪ ﺍﻟﻑ ﺧﻳﻝ,ﺍﻟﻑ ﺧﻳﻝ‐ﭼﻳﻧﺎﺭﺧﻳﻝ,1,1,2
0405122,ﻭﺭﺩک,ﺳﻳﺩ ﺁﺑﺎﺩ,ﺧﻳﻣﻪ ﺩﺭﺍﺧﺭ ﻗﺭﻳﻪ ﻫﻭﺳﯽ ﺧﻳﻝ,ﻫﻭﺳﯽ ﺧﻳﻝ,1,1,2
0405123,ﻭﺭﺩک,ﺳﻳﺩ ﺁﺑﺎﺩ,ﻣﺳﺟﺩ ﮐﻼﻥ ﻗﺭﻳﻪ ﺣﺳﻥ ﺑﻳﮏ,ﺣﺳﻥ ﺑﻳﮏ,1,1,2
0405129,ﻭﺭﺩک,ﺳﻳﺩ ﺁﺑﺎﺩ,ﺧﻳﻣﻪ,ﮐﻭﺭﺑﺕ ﺑﺎﻏﮏ,1,1,2
0405130,ﻭﺭﺩک,ﺳﻳﺩ ﺁﺑﺎﺩ,ﻣﺳﺟﺩ ﺯﻧﻪ ﺧﺎﻥ,ﺯﻧﻪ ﺧﺎﻥ,1,1,2
0405133,ﻭﺭﺩک,ﺳﻳﺩ ﺁﺑﺎﺩ,ﺧﻳﻣﻪ ﺩﺷﺕ ﻟړﻡ,ﻟړﻡ,1,1,2
0405134,ﻭﺭﺩک,ﺳﻳﺩ ﺁﺑﺎﺩ,ﺧﻳﻣﻪ,ﺑﻳﻧﯽ ﺳﻔﻳﺩ,1,1,2
0405135,ﻭﺭﺩک,ﺳﻳﺩ ﺁﺑﺎﺩ,ﻣﮑﺗﺏ ﺍﺑﺗﺩﺍﺋﻳﻪ ﺟﻭی ﺯﺭﻳﻥ,ﺟﻭی ﺯﺭﻳﻥ,1,1,2
0405136,ﻭﺭﺩک,ﺳﻳﺩ ﺁﺑﺎﺩ,ﺧﻳﻣﻪ  ﺩﺭ ﻗﻠﻌﻪ ﺍﻣﻳﺭ,ﻗﻠﻌﻪ ﺍﻣﻳﺭ,1,1,2
0405137,ﻭﺭﺩک,ﺳﻳﺩ ﺁﺑﺎﺩ,ﻟﻳﺳﻪ ﮐﺎﻣﺭﺍﻥ ﺧﻳﻝ,ﮐﺎﻣﺭﺍﻥ ﺧﻳﻝ,1,1,2
0405138,ﻭﺭﺩک,ﺳﻳﺩ ﺁﺑﺎﺩ,ﺧﻳﻣﻪ  ﺩﺭ ﻗﺭﻳﻪ ﺳﻧﺩﺍﻭﺭ,ﺳﻧﺩﺍﻭﺭ,2,1,3
0405139,ﻭﺭﺩک,ﺳﻳﺩ ﺁﺑﺎﺩ,ﻣﮑﺗﺏ ﺍﻣﺎﻡ ﻣﺣﻣﺩ,ﺩﻭﺁﺏ,2,1,3
0405140,ﻭﺭﺩک,ﺳﻳﺩ ﺁﺑﺎﺩ,ﺧﻳﻣﻪ ﮐﻭﻩ ﺷﻳﺦ ﺁﺑﺎﺩ,ﮐﻭﻩ ﺷﻳﺦ ﺁﺑﺎﺩ,2,2,4
0408072,ﻭﺭﺩک,ﺟﻐﺗﻭ,ﻋﻘﺏ ﻣﻧﺯﻝ ﺳﻳﺩ ﻓﺎﺭﻭﻕ,ﻗﺭﻳﻪ ﺳﺩﺩ ﺳﺭﺑﻧﺩ,1,1,2
0408073,ﻭﺭﺩک,ﺟﻐﺗﻭ,ﻣﮑﺗﺏ ﮐﻭﺩﺍﻥ,ﮐﻭﺷﺎﻥ,2,2,4
0408074,ﻭﺭﺩک,ﺟﻐﺗﻭ,ﻣﮑﺗﺏ ﺍﻣﺎﻡ ﺍﺑﻭ ﺣﻧﻳﻔﻪ,ﺑﺑﺭﺑﺎﺑﺎﺧﻳﻝ,2,1,3
0408075,ﻭﺭﺩک,ﺟﻐﺗﻭ,ﻣﺳﺟﺩ ﺳﻧﺯﻟﻪ,ﺳﻧﺯﻟﻪ,1,1,2
0408076,ﻭﺭﺩک,ﺟﻐﺗﻭ,ﮐﻠﻳﻧﻳﮏ ﮐﻼﻧﺩﻩ,ﮐﻼﻧﺩﻩ,2,1,3
0408077,ﻭﺭﺩک,ﺟﻐﺗﻭ,ﮐﻠﻳﻧﻳﮏ ﻻﻏﺭی,ﻻﻏﺭی,1,1,2
0408078,ﻭﺭﺩک,ﺟﻐﺗﻭ,ﻣﮑﺗﺏ ﻧﻅﺭ ﺧﺎﻥ ﺑﻧﺩ ﺳﻠﻁﺎﻥ,ﺑﻧﺩ ﺳﻠﻁﺎﻥ,1,1,2
0408079,ﻭﺭﺩک,ﺟﻐﺗﻭ,ﺩﻓﺗﺭ ﻣﻠﮏ ﻗﺭﻳﻪ,ﺑﻭﺷﺎ ﺧﻳﻝ,1,1,2
0408080,ﻭﺭﺩک,ﺟﻐﺗﻭ,ﻣﮑﺗﺏ ﻧﻭﺭ ﺧﻳﻝ,ﻧﻭﺭ ﺧﻳﻝ,1,1,2
0408081,ﻭﺭﺩک,ﺟﻐﺗﻭ,ﺧﻳﻣﻪ,ﻗﻠﻌﻪ ﺳﻠﻳﻣﺎﻥ,1,1,2
0408082,ﻭﺭﺩک,ﺟﻐﺗﻭ,ﺟﻭﺍﺭ ﺧﺎﻧﻪ ﺷﺧﺻﯽ ﺭﺣﻣﺕ ﷲ,ﻣﻭﻟﻪ,1,1,2
0502031,ﻟﻭﮔﺭ,ﺑﺭﮐﯽ ﺑﺭک,ﻣﺳﺟﺩ ﺷﺎﻩ ﻣﺯﺍﺭ,ﻗﺭﻳﻪ ﺷﺎﻩ ﻣﺯﺍﺭ,2,1,3
0502037,ﻟﻭﮔﺭ,ﺑﺭﮐﯽ ﺑﺭک,ﻣﺳﺟﺩ ﭘﻝ ﺭﺍﺟﺎﻥ,ﭘﻝ ﺭﺍﺟﺎﻥ,2,1,3
0502040,ﻟﻭﮔﺭ,ﺑﺭﮐﯽ ﺑﺭک,ﻣﺳﺟﺩ ﷲ ﺩﺍﺩ ﺧﻳﻝ,ﷲ ﺩﺍﺩ ﺧﻳﻝ,2,1,3
0503041,ﻟﻭﮔﺭ,ﭼﺭﺥ,ﻣﮑﺗﺏ ﻣﺗﻭﺳﻁﻪ ﺍﻟﺣﺎﺝ ﺷﻬﻳﺩ ﺗﻔﺳﻳﺭ ﺷﺎﻩ,ﭘﻧﮕﺭﺍﻡ ﺳﺭ ﺁﺳﻳﺎﺏ,2,2,4
0503042,ﻟﻭﮔﺭ,ﭼﺭﺥ,ﮐﻠﻳﻧﻳﮏ ﺍﺭﮔﻭﻡ,ﻗﺭﻳﻪ ﺍﺭﮔﻭﻡ,3,2,5
0503043,ﻟﻭﮔﺭ,ﭼﺭﺥ,ﻣﮑﺗﺏ ﻣﻭﻻﻧﺎ ﻳﻌﻘﻭﺏ ﭼﺭﺧﯽ,ﮔﺭﻡ ﺁﺑﻪ,6,3,9
0506068,ﻟﻭﮔﺭ,ﺧﺭﻭﺍﺭ,ﻣﮑﺗﺏ ﺧﻭﺍﺟﻪ ﺍﻧﮕﻭﺭ,ﻗﺭﻳﻪ ﺧﻭﺍﺟﻪ ﺍﻧﮕﻭﺭ,3,4,7
0506069,ﻟﻭﮔﺭ,ﺧﺭﻭﺍﺭ,ﻣﮑﺗﺏ ﺍﭘﻪ ﺧﺎﻥ,ﻗﺭﻳﻪ ﻣﻧﯽ ﺑﺎﺯﺍﺭ,1,1,2
0506071,ﻟﻭﮔﺭ,ﺧﺭﻭﺍﺭ,ﻣﮑﺗﺏ ﮐﻭﺗﮕﻰ,ﮔﺩﻯ ﺧﻳﻝ,2,1,3
0507077,ﻟﻭﮔﺭ,ﺍﺫﺭﻩ,ﻣﮑﺗﺏ ﺳﻧﮓ ﺑﺎﺭﺍﻥ,ﻗﺭﻳﻪ ﺳﻧﮓ ﺑﺎﺭﺍﻥ,3,2,5
0507078,ﻟﻭﮔﺭ,ﺍﺫﺭﻩ,ﻣﮑﺗﺏ ﻣﻭﺳﯽ ﺧﺎﻥ,ﻗﺭﻳﻪ ﻣﻭﺳﻰ ﺧﺎﻥ,3,2,5
0507079,ﻟﻭﮔﺭ,ﺍﺫﺭﻩ,ﻣﮑﺗﺏ ﻣﺗﻭﺳﻁﻪ ﺭﺍﺯﻯ ﺧﻳﻝ,ﺭﺍﺯﻯ ﺧﻳﻝ,3,2,5
0604103,ﻧﻧﮕﺭﻫﺎﺭ,ﭼﭘﺭﻫﺎﺭ,ډﺍיﻭ ﺣﺎﺟﻳﺎﻧﻭ ﺟﻭﻣﺎﺕ,ډﺍיﻭ ﮐﻠﻰ,3,0,3
0604104,ﻧﻧﮕﺭﻫﺎﺭ,ﭼﭘﺭﻫﺎﺭ,ډﺍיﻭ ﻟﻭﻱ ﮐﻠﻲ ﺟﻭﻣﺎﺕ,ډﺍיﻭ ﮐﻠﻰ,0,2,2
0604106,ﻧﻧﮕﺭﻫﺎﺭ,ﭼﭘﺭﻫﺎﺭ,ﮐﺎﺭﻳﺯ ﺟﺎﻣﻲ ﺟﻭﻣﺎﺕ,ﮐﺎﺭﻳﺯﮐﻠﻲ,2,0,2
0604107,ﻧﻧﮕﺭﻫﺎﺭ,ﭼﭘﺭﻫﺎﺭ,ﮐﺎﺭﻳﺯ ﺩﮐﻠﻲ ﺟﻭﻣﺎﺕ,ﮐﺎﺭﻳﺯﮐﻠﻲ,0,2,2
0604110,ﻧﻧﮕﺭﻫﺎﺭ,ﭼﭘﺭﻫﺎﺭ,ﻣﺎؕﻭ ﻟﻳﺳﻪ,ﻣﺎؕﻭﮐﻠﻲ,2,1,3
0604117,ﻧﻧﮕﺭﻫﺎﺭ,ﭼﭘﺭﻫﺎﺭ,ﺣﺎﻓﻅﺎﻧﻭ ﮐﻠﯽ ﻣﮑﺗﺏ,ﺣﺎﻓﻅﺎﻥ,2,0,2
0604118,ﻧﻧﮕﺭﻫﺎﺭ,ﭼﭘﺭﻫﺎﺭ,ﻋﺑﺩﺍﻟﺭﺣﻣﻥ ﺩﻳﺭﻩ,ﺣﺎﻓﻅﺎﻥ,0,2,2
0605180,ﻧﻧﮕﺭﻫﺎﺭ,ﮐﺎﻣﻪ,ﺣﺿﺭﺕ ﻋﻣﺭ ﻓﺎﺭﻭﻕ ﺟﻭﻣﺎﺕ,ﮐﻭﺯ ﻣﻳﺩﺍﻥ,2,0,2
0607140,ﻧﻧﮕﺭﻫﺎﺭ,ﺭﻭﺩﺍﺕ,ﺑړﻭ ﺩ ﺟﻳﻧﮑﻭ ﻣﮑﺗﺏ,ﺑړﻭ יﺭﻱ,0,2,2
0608276,ﻧﻧﮕﺭﻫﺎﺭ,ﺧﻭיﻳﺎؕﻲ,ﺟﻬﺎﺩﻱ ﺫﮐﻭﺭ ﻟﻳﺳﻪ,ﻭﺯﻳﺭ ﺍﺣﻣﺩ ﺧﻳﻝ ﮐﻠﯽ,3,0,3
0608277,ﻧﻧﮕﺭﻫﺎﺭ,ﺧﻭיﻳﺎؕﻲ,ﺟﻬﺎﺩﻱ ﺍﻧﺎﺙ ﻟﻳﺳﻪ,ﻭﺯﻳﺭ ﺍﺣﻣﺩ ﺧﻳﻝ ﮐﻠﯽ,0,3,3
0608279,ﻧﻧﮕﺭﻫﺎﺭ,ﺧﻭיﻳﺎؕﻲ,ﺍﺑﮑﻭ ﻣﺩﺭﺳﻪ,ﭘﻳﺭﻩ ﺧﻳﻝ,1,1,2
0608281,ﻧﻧﮕﺭﻫﺎﺭ,ﺧﻭיﻳﺎؕﻲ,ﺳﻧךﺎﻧﯽ ﺍﺑﺗﺩﺍﺋﻳﻪ ﻣﮑﺗﺏ,ﺳﻧךﺎﻧﯽ,2,1,3
0608285,ﻧﻧﮕﺭﻫﺎﺭ,ﺧﻭיﻳﺎؕﻲ,ﺑﺭ ﺑﻬﺎﺭ ﻟﻳﺳﻪ ﻣﮑﺗﺏ,ﺑﺭ ﺑﻬﺎﺭ,0,2,2
0608286,ﻧﻧﮕﺭﻫﺎﺭ,ﺧﻭיﻳﺎؕﻲ,ﺑﺭﺑﻬﺎﺭ ﻣﻳﺩﺍﻥ,ﺑﺭ ﺑﻬﺎﺭ,2,0,2
0608287,ﻧﻧﮕﺭﻫﺎﺭ,ﺧﻭיﻳﺎؕﻲ,ﮐﻭﺯﺑﻬﺎﺭ ﻟﻳﺳﻪ,ﮐﻭﺯﺑﻬﺎﺭ,2,1,3
0608295,ﻧﻧﮕﺭﻫﺎﺭ,ﺧﻭיﻳﺎؕﻲ,ﻏﻼﻡ ﺣﻳﺩﺭ ﺧﺎﻥ ﻋﺎﻟﯽ ﻟﻳﺳﻪ,ﻣﻳﻣﻠﻪ,2,1,3
0609438,ﻧﻧﮕﺭﻫﺎﺭ,ﺑ ﻲ ﮐﻭټ,ﺑﺎﺭﻳﮑﺎﺏ ﻣﮑﺗﺏ,ﺑﺎﺭﻳﮑﺎﺏ,2,1,3
0609439,ﻧﻧﮕﺭﻫﺎﺭ,ﺑ ﻲ ﮐﻭټ,ﻣﺷﻭﺍؕﯥ ﮐﻠﻳﻧﻳﮏ,ﻣﻳﺷﻭﺍؕﻲ,2,1,3
0609445,ﻧﻧﮕﺭﻫﺎﺭ,ﺑ ﻲ ﮐﻭټ,ﺍﻧﺑﺎﺭ ﺧﺎﻧﻪ ﮐﻠﻳﻧﻳﮏ,ﺍﻧﺑﺎﺭ ﺧﺎﻧﻪ,2,1,3
0609446,ﻧﻧﮕﺭﻫﺎﺭ,ﺑ ﻲ ﮐﻭټ,ﺗﮑﻳﻪ ﻣﮑﺗﺏ,ﺗﮑﻳﻪ,2,1,3
0609451,ﻧﻧﮕﺭﻫﺎﺭ,ﺑ ﻲ ﮐﻭټ,ﺯﻳﺎﺭﺕ ﺟﻭﻣﺎﺕ ﻣﻳﺩﺍﻥ,ﻏﺎﺯﻱ ﺁﺑﺎﺩ,0,2,2
0609456,ﻧﻧﮕﺭﻫﺎﺭ,ﺑ ﻲ ﮐﻭټ,ﻫﻠﮑﺎﻧﻭ ﻟﻳﺳﻪ,ﻻﭼﻪ ﭘﻭﺭ,2,1,3
0610330,ﻧﻧﮕﺭﻫﺎﺭ,ﺩﻩ ﺑﺎﻻ,ﺷﭘﻭﻟﻪ ﻫﻠﮑﺎﻧﻭ ﻟﻳﺳﻪ,ﺷﭘﻭﻟﻪ,2,1,3
0610331,ﻧﻧﮕﺭﻫﺎﺭ,ﺩﻩ ﺑﺎﻻ,ﻳﺎﻏﻳﺑﻧﺩ ﺍﺑﺗﺩﺍﺋﻳﻪ ﻣﮑﺗﺏ,ﻳﺎﻏﻳﺑﻧﺩ,1,1,2
0611315,ﻧﻧﮕﺭﻫﺎﺭ,ﭘﭼﻳﺭ ﻭ ﺍיﺎﻡ,ﭘﭼﻳﺭ ﮐﻠﻳﻧﻳﮏ,ﭘﺎﺱ ﭘﭼﻳﺭ,3,0,3
0613338,ﻧﻧﮕﺭﻫﺎﺭ,ﮐﻭټ,ﻟﻳﺳﻪ ﺫﮐﻭﺭ ﭘﻭﺭﺷﺎﻩ ﺧﻳﻝ,ﻻﻏﻭﺭﺟس ﮐﻠﯽ,0,2,2
0613339,ﻧﻧﮕﺭﻫﺎﺭ,ﮐﻭټ,ﻟﻳﺳﻪ ﺍﻧﺎﺙ ﭘﻭﺭﺷﺎﻩ ﺧﻳﻝ,ﻻﻏﻭﺭﺟﯽ ﮐﻠﯽ,2,1,3
0613343,ﻧﻧﮕﺭﻫﺎﺭ,ﮐﻭټ,ﻣﺗﻭﺳﻁﻪ ﻣﮑﺗﺏ ﺳﻳﺩ ﺍﺣﻣﺩﺧﻳﻝ,ﺳﻳﺩ ﺍﺣﻣﺩﺧﻳﻝ,2,1,3
0613344,ﻧﻧﮕﺭﻫﺎﺭ,ﮐﻭټ,ﺩﻭﺍﻧﻲ ﮐﻠﯥ ﻟﻭﻱ ﺟﻭﻣﺎﺕ,ﺩﻭﺍﻧﻲ ﮐﻠﯥ,3,0,3
0613345,ﻧﻧﮕﺭﻫﺎﺭ,ﮐﻭټ,ﺩﻭﺍﻧﻲ ﮐﻠﯥ ﻣﻳﺩﺍﻥ,ﺩﻭﺍﻧﻲ ﮐﻠﯥ,0,2,2
0613517,ﻧﻧﮕﺭﻫﺎﺭ,ﮐﻭټ,ﻣﮑﺗﺏ,ﺗﻧךﯽ ﮐﻠﯽ,2,1,3
0614497,ﻧﻧﮕﺭﻫﺎﺭ,יﻭﺷﺗﻪ,ﺟﻭﺍﺭ ﻣﻌﻠﻡ ﻏﻧﻲ ﮐﻭﺭ,ﺧﻭיﺎﺧﻳﻝ,0,2,2
0615519,ﻧﻧﮕﺭﻫﺎﺭ,ﺍﭼﻳﻥ,ﻣﻠﮏ ﮔﻝ ﻣﺣﻣﺩ ﺣﺟﺭﻩ,ﺻﻧﺩﻭﻕ ﮐﻠﯽ,2,1,3
0616422,ﻧﻧﮕﺭﻫﺎﺭ,ﺷﻳﻧﻭﺍﺭ,ﺣﻳﺎﺕ ﺧﺎﻥ ﺟﻭﻣﺎﺕ,ﻭﻳﺎﻟﻪ ٧٢,0,3,3
0616425,ﻧﻧﮕﺭﻫﺎﺭ,ﺷﻳﻧﻭﺍﺭ,ﮐﻧךﺎﻻﻥ ﺟﻭﻣﺎﺕ,ﮐﺗﻳﻠﻲ,0,3,3
0616431,ﻧﻧﮕﺭﻫﺎﺭ,ﺷﻳﻧﻭﺍﺭ,ﷲ ﻣﺣﻣﺩ ﺟﻭﻣﺎﺕ,ﺳﻳﺎﭼﻭﺏ,0,2,2
0616432,ﻧﻧﮕﺭﻫﺎﺭ,ﺷﻳﻧﻭﺍﺭ,ﺳﻳﺎﭼﻭﺏ ﺟﻭﻣﺎﺕ,ﺳﻳﺎﭼﻭﺏ,3,0,3
0617465,ﻧﻧﮕﺭﻫﺎﺭ,ﻣﻬﻣﻧﺩ ﺩﺭﻩ,ﺟﻭﻣﺎﺕ ﮐﻣﻪ ډﮐﻪ,ﮐﻣﻪ ډﮐﻪ,1,2,3
0617475,ﻧﻧﮕﺭﻫﺎﺭ,ﻣﻬﻣﻧﺩ ﺩﺭﻩ,ﻏﺯיﯥ ﺟﻭﻣﺎﺕ,ﻏﺯיس,2,0,2
0617479,ﻧﻧﮕﺭﻫﺎﺭ,ﻣﻬﻣﻧﺩ ﺩﺭﻩ,ﺫﮐﻭﺭ ﻟﻳﺳﻪ ﻻﻧﺩﻱ ﺑﺎﺳﻭﻭﻝ,ﻻﻧﺩﻱ ﺑﺎﺳﻭﻭﻝ,2,0,2
0617480,ﻧﻧﮕﺭﻫﺎﺭ,ﻣﻬﻣﻧﺩ ﺩﺭﻩ,ﺑﺎﺳﻭﻝ ﺍﻧﺎﺙ ﻟﻳﺳﻪ,ﻻﻧﺩﻱ ﺑﺎﺳﻭﻭﻝ,0,2,2
0617481,ﻧﻧﮕﺭﻫﺎﺭ,ﻣﻬﻣﻧﺩ ﺩﺭﻩ,ﺑﻳﻠﯽ ﻟﻳﺳﻪ,ﺑﻳﻠﻪ ﮐﻠﻲ,1,1,2
0617482,ﻧﻧﮕﺭﻫﺎﺭ,ﻣﻬﻣﻧﺩ ﺩﺭﻩ,ﺳﺎיﯽ ﺳﭘﻳﻥ ﺟﻭﻣﺎﺕ,ﺳﺎיس,1,1,2
0618505,ﻧﻧﮕﺭﻫﺎﺭ,ﻟﻌﻝ ﭘﻭﺭ,ﭼﮑﻧﻭﺭ ﻟﻳﺳﻪ,ﭼﮑﻧﻭﺭﮐﻠﻲ,3,2,5
0619238,ﻧﻧﮕﺭﻫﺎﺭ,ﺷﻳﺭﺯﺍﺩ,ﺗﻭ ﺗﻭ ﻟﻳﺳﻪ,ﻟﻘﻣﺎﻥ ﺧﻳﻝ,2,1,3
0620404,ﻧﻧﮕﺭﻫﺎﺭ,ﻧﺎﺯﻳﺎﻥ,ﻣﻭﺭﭼﻝ ﮐﻠﻲ ﻣﻳﺩﺍﻥ,ﻣﻭﺭﭼﻝ ﮐﻠﻲ,0,3,3
0621254,ﻧﻧﮕﺭﻫﺎﺭ,ﺣﺻﺎﺭک,ﻣﺣﻣﺩﻱ ﺟﻭﻣﺎﺕ,ﻣﺣﻣﺩی ﻣﺳﺟﺩ,0,2,2
0621255,ﻧﻧﮕﺭﻫﺎﺭ,ﺣﺻﺎﺭک,ﻅﺭﻳﻑ ﺧﻳﻝ ﻣﮑﺗﺏ,ﻅﺭﻳﻑ ﺧﻳﻝ,0,2,2
0621265,ﻧﻧﮕﺭﻫﺎﺭ,ﺣﺻﺎﺭک,ﺧﺎﻟﻲ ﻣﻳﺩﺍﻥ,ﻓﺭﺯﻳﻧﻪ ﮐﻠﯽ,0,3,3
0701012,ﻟﻐﻣﺎﻥ,ﻣﻬﺗﺭﻻﻡ,ﺩ יﻼﺭﺍﻡ ֢ﻭﻭﻧըﯽ,יﻼﺭﺍﻡ,1,1,2
0701021,ﻟﻐﻣﺎﻥ,ﻣﻬﺗﺭﻻﻡ,ﺩ ﮐﺭﻧﺞ ﺩﮐﻠﻲ ﺟﻭﻣﺎﺕ,ﺩ ﮐﺭﻧﺞ ﮐﻠﯽ,1,1,2
0701029,ﻟﻐﻣﺎﻥ,ﻣﻬﺗﺭﻻﻡ,ﺩﮐﺭﻧﺞ ﺩﮐﻭﭼﻳﺎﻧﻭ ﺟﻭﻣﺎﺕ,ﮐﺭﻧﺞ ﮐﻠﯽ,1,1,2
0704058,ﻟﻐﻣﺎﻥ,ﻋﻠﻳﻧךﺎﺭ,ﺩ ﮐﭼﻭﺭ ֢ﻭﻭﻧըﯽ,ﮐﭼﻭﺭ,2,1,3
0704067,ﻟﻐﻣﺎﻥ,ﻋﻠﻳﻧךﺎﺭ,ﺩﻧﻳﻣﻧﺎﺋﻲ ﺩﮐﻠﻲ ﺟﻭﻣﺎﺕ,ﻧﻳﻣﻧﺎﻳﯽ ﻧﻳﺎﺯی,3,2,5
0704068,ﻟﻐﻣﺎﻥ,ﻋﻠﻳﻧךﺎﺭ,ﺩ ﺷﭔﺧﺎﻧﻭ ﻟﭔﺳﻪ,ﺷﻳﺧﺎﻧﻭ ﮐﻠﯽ,2,2,4
0704069,ﻟﻐﻣﺎﻥ,ﻋﻠﻳﻧךﺎﺭ,ﺩﺍﻻﺟﻳךﺭﭘﻪ ﮐﻠﻲ ﮐﯥ ﭼﺎﺭﺩﭔﻭﺍﺭﻱ,ﺍﻻﺟﻳךﺭ,2,1,3
0704080,ﻟﻐﻣﺎﻥ,ﻋﻠﻳﻧךﺎﺭ,ﺩﻣﻧךﻭ ֢ﻭﻭﻧըﯽ ﺍﻭﺧﭔﻣﻪ,ﻣﻧךﻭ,1,1,2
0704081,ﻟﻐﻣﺎﻥ,ﻋﻠﻳﻧךﺎﺭ,ﺩﮐﻭ ﻠﻲ ﺍﺳﻼﻣﻲ ﻣﺩﺭﺳﮥ,ﮐﻭ ﻠﯽ,1,1,2
0704133,ﻟﻐﻣﺎﻥ,ﻋﻠﻳﻧךﺎﺭ,ﻣﮑﺗﺏ,ﺳﻠﻳﻧﮕﺎﺭ,2,1,3
0705110,ﻟﻐﻣﺎﻥ,ﺩﻭﻟﺕ ﺷﺎﻩ,ﺩ ﮐﭔﻝ ﺟﻭﻣﺎﺕ,ﮐﻳﻝ,2,0,2
0705111,ﻟﻐﻣﺎﻥ,ﺩﻭﻟﺕ ﺷﺎﻩ,ﺩ ﻧﻳﻝ ﺧﺎﻥ ﺟﻭﻣﺎﺕ,ﻧﻳﻝ ﺧﺎﻥ,1,1,2
0705112,ﻟﻐﻣﺎﻥ,ﺩﻭﻟﺕ ﺷﺎﻩ,ﺩ יﻣﻧډﻭک ﺟﻭﻣﺎﺕ,יﻣﻧډﻭک,1,1,2
0705113,ﻟﻐﻣﺎﻥ,ﺩﻭﻟﺕ ﺷﺎﻩ,ﺩ ﮐﺎﺭﺍک ﺟﻭﻣﺎﺕ,ﮐﺎﺭﺍک,1,2,3
0705114,ﻟﻐﻣﺎﻥ,ﺩﻭﻟﺕ ﺷﺎﻩ,ﺩ ﭘﻳﺗﮏ ﺟﻭﻣﺎﺕ,ﭘﻳﺗﮏ,2,1,3
0705121,ﻟﻐﻣﺎﻥ,ﺩﻭﻟﺕ ﺷﺎﻩ,ﺩ ﻣﻭړﺍﻧﺎﻳﻭﺍ ﺩ ﮐﻠﯽ ﺟﻭﻣﺎﺕ,ﻭﻳﺱ ﺳﻳﻣﻪ ﺩﻭﻟﺕ ﺷﺎﻩ,1,1,2
0705122,ﻟﻐﻣﺎﻥ,ﺩﻭﻟﺕ ﺷﺎﻩ,ﺩ ﺑﺎﻻ ﺩﻩ ﺩ ﮐﻠﻲ ﺟﻭﻣﺎﺕ,ﺑﺎﻻ ﺩﻩ,1,1,2
0705124,ﻟﻐﻣﺎﻥ,ﺩﻭﻟﺕ ﺷﺎﻩ,ﭼﺎﺷﺩﺍﺭ ﻣﮑﺗﺏ,ﭼﺎﺷﺩﺍﺭ,2,1,3
0905072,ﺑﻐﻼﻥ,ﺑﻐﻼﻥ ﺟﺩﻳﺩ,ﻋﻅﻳﻡ ﺷﻭﺭ,ﻗﺭﻳﻪ ﻣﻼ ﻗﺩﻳﺭ,2,1,3
0911171,ﺑﻐﻼﻥ,ﺗﺎﻟﻪ ﻭ ﺑﺭﻓﮏ,ﻣﺳﺟﺩ ﺍﻣﻳﺭ ﻧﺎﺯﻳﻪ,ﺩﻫﻧﻪ ﺭﺷﻘﺂﺏ,1,1,2
0912177,ﺑﻐﻼﻥ,ﭘﻝ ﺣﺻﺎﺭ,ﻣﺳﺟﺩ ﺟﺎﻣﻊ ﺗﻐﺎﻧﮏ,ﺗﻐﺎﻧﮏ,1,1,2
0912178,ﺑﻐﻼﻥ,ﭘﻝ ﺣﺻﺎﺭ,ﻣﺳﺟﺩ ﺩﺭﻳﺷﻭ,ﺩﺭﻳﺷﻭ,1,1,2
1101050,ﻏﺯﻧﻰ,ﻏﺯﻧﯽ,ﻟﻳﺳﻪ ﺳﻳﺩ ﻗﺎﺿﯽ ﻣﻧﮕﻭﺭ,ﻗﺭﻳﻪ ﻣﻧﮕﻭﺭ,0,3,3
1103083,ﻏﺯﻧﻰ,ﺧﻭﺍﺟﻪ ﻋﻣﺭی,ﻣﺳﺟﺩ ﺑﺭﮐﺎﺕ,ﻗﺭﻳﻪ ﺑﺭﮐﺎﺕ,2,0,2
1103084,ﻏﺯﻧﻰ,ﺧﻭﺍﺟﻪ ﻋﻣﺭی,ﻣﺩﺭﺳﻪ ﻋﻠﻭﻡ ﺩﻳﻧﯽ ﺣﺎﺟﯽ ﻣﺳﺗﻔﯽ ﺑﺭﮐﺎﺕ,ﻗﺭﻳﻪ ﺑﺭﮐﺎﺕ,0,2,2
1104125,ﻏﺯﻧﻰ,ﻭﺍﻏﻅ,ﻣﺳﺟﺩ ﻗﺭﻳﻪ ﺣﺳﻥ ﺧﻳﻝ,ﻗﺭﻳﻪ ﺣﺳﻥ ﺧﻳﻝ,2,1,3
1106114,ﻏﺯﻧﻰ,ﺟﻐﺗﻭ,ﻟﻳﺳﻪ ﻗﻳﺎﻕ,ﺳﻪ ﻗﻠﻌﻪ ﻗﻳﺎﻕ,1,3,4
1107251,ﻏﺯﻧﻰ,ﺍﻧﺩﺭ,ﻣﺳﺟﺩ ﻗﺭﻳﻪ ﺷﻳﺭ ﻗﻠﻌﻪ,ﻗﺭﻳﻪ ﺷﻳﺭ ﻗﻠﻌﻪ ﭘﻬﻠﻭی ﻗﺭﻳﻪ יﺑﺭی,1,2,3
1111137,ﻏﺯﻧﻰ,ﻗﺭﻩ ﺑﺎﻍ,ﻣﺳﺟﺩ ﺑﻠﻭچ ﺧﻳﻝ,ﻗﺭﻳﻪ ﺑﻠﻭچ ﺧﻳﻝ,0,2,2
1111146,ﻏﺯﻧﻰ,ﻗﺭﻩ ﺑﺎﻍ,ﮐﻠﻳﻧﻳﮏ ﻋﺳﮑﺭ ﮐﻭﺕ,ﺑﺎﺯﺍﺭ ﻋﺳﮑﺭ ﮐﻭټ,4,0,4
1111147,ﻏﺯﻧﻰ,ﻗﺭﻩ ﺑﺎﻍ,ﻣﺳﺟﺩ ﺑﺎﺯﺍﺯ ﻋﺳﮑﺭ ﮐﻭټ,ﺑﺎﺯﺍﺭ ﻋﺳﮑﺭ ﮐﻭټ,0,3,3
1113374,ﻏﺯﻧﻰ,ﺁﺏ ﺑﻧﺩ,ﭘﻬﻠﻭی ﺣﻭﻳﻠﯽ ﻋﺑﺩﷲ ﺧﺎﻥ,ﺑﺎﺩﺍﻡ ﮐﻳﺟﻪ,0,2,2
1201282,ﭘﮑﺗﻳﮑﺎ,ﺷﺭﻥ,ﻏﺭﻭﺍﻝ ﻣﻳﻠﻣﺳﺗﻭﻥ ﺷﺎ ﺗﻪ,ﺷﺭﻧﻪ ﺑﺎﺯﺍﺭ,1,1,2
1211166,ﭘﮑﺗﻳﮑﺎ,ﺍﻭﺭﮔﻭﻥ,ﻣﻠﮏ ﻣﻭﻳﻥ ﻣﻳﻠﻣﺳﺗﻭﻥ ﺗﺭոﻧט,ﻣﻳﺭﺍ ﮔﻝ ﮐﻠﯽ,0,2,2
1211167,ﭘﮑﺗﻳﮑﺎ,ﺍﻭﺭﮔﻭﻥ,ﭼﻳﻧﺎﺧﻭﺍ ﻣﺩﺭﺳﻪ,ﺍﻣﺑﺭﻭﻥ ﮐﻠﯽ,2,0,2
1211177,ﭘﮑﺗﻳﮑﺎ,ﺍﻭﺭﮔﻭﻥ,ﺑﯽ ﺑﯽ ﮐﻭﺕ ﺟﻭﻣﺎﺕ,ﺑﻳﺑﯽ ﮐﻭﺕ ﮐﻠﯽ,2,0,2
1211178,ﭘﮑﺗﻳﮑﺎ,ﺍﻭﺭﮔﻭﻥ,ﻧﻅﻳﺭ ﻣﻳﻠﻣﺳﺗﻭﻥ ﺗﺭոﻧט,ﺑﻳﺑﯽ ﮐﻭﺕ ﮐﻠﯽ,0,2,2
1211183,ﭘﮑﺗﻳﮑﺎ,ﺍﻭﺭﮔﻭﻥ,ﭘﻳﺭﮐﻭﺗﯽ,ﭙﻳﺭﮐﻭﺗﯽ ﮐﻠﯽ,3,0,3
1211184,ﭘﮑﺗﻳﮑﺎ,ﺍﻭﺭﮔﻭﻥ,ﻅﺭﻳﻑ ﻣﻳﻠﻣﺳﺗﻭﻥ ﺗﺭոﻧט,ﭙﻳﺭﮐﻭﺗﯽ ﮐﻠﯽ,0,2,2
1214263,ﭘﮑﺗﻳﮑﺎ,ﺑﺭﻣﻝ,ﭘﻬﻠﻭی ﺩﻭﮐﺎﻥ ﺍﺣﻣﺩ יﺎﺗﯽ,יﺎﺗﯽ,4,0,4
1214264,ﭘﮑﺗﻳﮑﺎ,ﺑﺭﻣﻝ,ﻣﺧﻔﻳﺭﻭﷲ ﻣﻳﻠﻣﺳﺗﻭﻥ ﺷﺎﺗﻪ,ﺳﻳﺭﺩﺍګ,0,2,2
1214265,ﭘﮑﺗﻳﮑﺎ,ﺑﺭﻣﻝ,ﻣﺳﺟﺩ ﺑﺎډﺭ ﺍﺣﻣﺩﺯی,ﺍﺗﯽ ﮐﻠﯽ,2,2,4
1214266,ﭘﮑﺗﻳﮑﺎ,ﺑﺭﻣﻝ,ﻣﺳﺟﺩ ﺑﺎډﺭ ﺍﺣﻣﺩﺯی,ﺍﺣﻣﺩ ﺯی ﻣﺩﺭﺳﻪ,2,2,4
1303081,ﭘﮑﺗﻳﺎ,ﺯﺭﻣﺕ,ﺩ ﺷﺎﮔﻭﻡ ﺑﺎﻻﻩ ﻣﺩﺭﺳﻪ,ﻫﻳﺑﺕ ﺧﻳﻝ,2,0,2
1303082,ﭘﮑﺗﻳﺎ,ﺯﺭﻣﺕ,ﻣﺳﺟﺩ ﻫﻳﺑﺕ ﺧﻳﻝ,ﻫﻳﺑﺕ ﺧﻳﻝ,0,2,2
1303083,ﭘﮑﺗﻳﺎ,ﺯﺭﻣﺕ,ﺷﻣﻭﻝ ﺯﺍی ﻣﺩﺭﺳﻪ,ﺷﻣﻭﻝ ﺯﺍی ﺳﻬﺎک,2,0,2
1303084,ﭘﮑﺗﻳﺎ,ﺯﺭﻣﺕ,ﮐﻠﻳﻧﻳﮏ ﺳﻬﺎک,ﺳﻬﺎک,0,2,2
1303085,ﭘﮑﺗﻳﺎ,ﺯﺭﻣﺕ,ﺳﻬﺎک ﻟﻳﺳﻪ,ﺳﻬﺎک,2,0,2
1303086,ﭘﮑﺗﻳﺎ,ﺯﺭﻣﺕ,ﺩ ﺍﺗﺎ ﮔﻝ ﻣﺳﺟﺩ,ﺳﻬﺎک,0,2,2
1303090,ﭘﮑﺗﻳﺎ,ﺯﺭﻣﺕ,ﮐﻭﺗﯽ ﺧﻳﻝ ﻣﮑﺗﺏ,ﮐﻭﺗﯽ ﺧﻳﻝ,2,1,3
1303091,ﭘﮑﺗﻳﺎ,ﺯﺭﻣﺕ,ﺩ ﺩﻭﻟﺕ ﺯﻭﻳﻭ ﻟﻳﺳﻪ,ﻣﮑﺎﻭﻩ ﺩﻭﻟﺕ ﺯﺍی,1,1,2
1303101,ﭘﮑﺗﻳﺎ,ﺯﺭﻣﺕ,ﺷﺎﻫﯽ ﮐﻭﺕ ﻣﮑﺗﺏ,ﺍﺭﻣﻪ ﺷﺎﻫﯽ ﮐﻭﺕ,1,1,2
1303102,ﭘﮑﺗﻳﺎ,ﺯﺭﻣﺕ,ﻭﻟﺳﻭﺍﻟﯽ ﻣﺭﮐﺯ ﺍﺭﻣﻪ,ﺍﺭﻣﻪ,1,1,2
1306036,ﭘﮑﺗﻳﺎ,ﺳﻳﺩ ﮐﺭﻡ,ډﻡ ﻣﻧﮕﻝ ﻣﺩﺭﺳﻪ,ډﻡ ﻣﻧﮕﻝ,2,0,2
1306037,ﭘﮑﺗﻳﺎ,ﺳﻳﺩ ﮐﺭﻡ,ﺩ ﻧﻳﮏ ﻣﺣﻣﺩ ﻫﺟﺭﻩ,ډﻡ ﻣﻧﮕﻝ,0,2,2
1504036,ﮐﻧړ,ﻧﺭﻧט,ﻣﺳﺟﺩ ﻗﺭﻳﻪ,ﻗﻼﻭﻧﻪ,2,1,3
1512052,ﮐﻧړ,ﺩﺍﻧךﺎﻡ,ﻣﮑﺗﺏ ﺍﺑﺗﺩﺍﺋﻳﻪ,ﺩﺍﻳﺭی,2,2,4
1513082,ﮐﻧړ,ﭼﭘﻪ ﺩﺭﻩ,ﻣﮑﺗﺏ ﺍﺑﺗﺩﺍﺋﻳﻪ,ﻣﻭﺭﭼﻝ,3,1,4
1706112,ﺑﺩﺧﺷﺎﻥ,ﺑﻬﺎﺭک,ﻣﮑﺗﺏ ﻋﻠﯽ ﻣﻐﻝ,ﻋﻠﯽ ﻣﻐﻝ,1,1,2
1709297,ﺑﺩﺧﺷﺎﻥ,ﻳﺎﻭﺍﻥ,ﻣﮑﺗﺏ ﺭﻳﻣﺎﻥ,ﺭﻳﻣﺎﻥ,2,1,3
1710080,ﺑﺩﺧﺷﺎﻥ,ﺟﺭﻡ,ﻟﻳﺳﻪ ﻓﺭﻏﺎ ﻣﻳﺭﻭ,ﻓﺭﻏﺎ ﻣﻳﺭﻭ,1,1,2
1710081,ﺑﺩﺧﺷﺎﻥ,ﺟﺭﻡ,ﻟﻳﺳﻪ ﻓﺭﻏﺎﻣﻧﺞ,ﻓﺭﻏﺎﻣﻧﺞ,2,1,3
1710083,ﺑﺩﺧﺷﺎﻥ,ﺟﺭﻡ,ﻣﮑﺗﺏ ﺍﺳﮑﺎﻥ,ﺍﺳﮑﺎﻥ,1,1,2
1717173,ﺑﺩﺧﺷﺎﻥ,ﺗﮕﺎﺏ,ﻣﺳﺟﺩ ﺩﻭ ﺁﺑﯽ,ﺩﻭ ﺁﺑﯽ,1,1,2
1717175,ﺑﺩﺧﺷﺎﻥ,ﺗﮕﺎﺏ,ﻣﺳﺟﺩ ﻫﻧﮕﺭﺍﻥ,ﻫﻧﮕﺭﺍﻥ,1,1,2
1717176,ﺑﺩﺧﺷﺎﻥ,ﺗﮕﺎﺏ,ﻣﮑﺗﺏ ﺁﺳﻳﺎﺑﮏ,ﺁﺳﻳﺎﺑﮏ,1,1,2
1718253,ﺑﺩﺧﺷﺎﻥ,ﻳﻣﮕﺎﻥ,ﻣﮑﺗﺏ ﭼﻬﺎﺭ ﻣﻐﺯﺳﺗﺎﻥ,ﭼﻬﺎﺭ ﻣﻐﺯﺳﺗﺎﻥ,2,1,3
1718260,ﺑﺩﺧﺷﺎﻥ,ﻳﻣﮕﺎﻥ,ﻣﮑﺗﺏ ﺁﺏ ﺍﺷﻧﺎﻡ,ﺳﻧﺎﻭﺭی,2,1,3
1718313,ﺑﺩﺧﺷﺎﻥ,ﻳﻣﮕﺎﻥ,ﻣﺗﻭﺳﻁﻪ ﻧﺳﻭﺍﻥ ﺁﻭﻍ,ﺁﻭﺭﻍ,2,1,3
1901037,ﮐﻧﺩﺯ,ﮐﻧﺩﺯ,ﻣﮑﺗﺏ ﺍﺑﺗﺩﺍﺋﻳﻪ ﮐﻧﻡ ﮐﻼﻥ,ﮐﻧﻡ ﮐﻼﻥ,3,1,4
1901051,ﮐﻧﺩﺯ,ﮐﻧﺩﺯ,ﻣﮑﺗﺏ ﻣﺗﻭﺳﻁﻪ ﻋﺑﺩﺍﻟﻪ ﺷﻬﻳﺩ,ﻋﺳﻘﻼﻥ,2,1,3
1901196,ﮐﻧﺩﺯ,ﮐﻧﺩﺯ,ﻟﻳﺳﻪ ﮐﻧﻡ ﺳﺎﺩﺍﺕ,ﮐﻧﻡ ﺧﻭﺭﺩ,2,1,3
1902121,ﮐﻧﺩﺯ,ﭼﺎﺭﺩﺭﻩ,ﻣﮑﺗﺏ ﻣﺎﻣﺎﺧﻳﻝ,ﻣﺎﻣﺎﺧﻳﻝ,1,1,2
1902124,ﮐﻧﺩﺯ,ﭼﺎﺭﺩﺭﻩ,ﺳﺎﺣﻪ ﺁﺯﺍﺩ ﺿﺩﺭﺍﻥ,ﺿﺩﺭﺍﻥ,1,1,2
1902127,ﮐﻧﺩﺯ,ﭼﺎﺭﺩﺭﻩ,ﻣﮑﺗﺏ ﻧﻭﺁﺑﺎﺩ,ﻧﻭﺁﺑﺎﺩ,4,2,6
1904157,ﮐﻧﺩﺯ,ﺧﺎﻥ ﺁﺑﺎﺩ,ﻣﮑﺗﺏ ﺯﺭﺩ ﮐﻣﺭ,ﺯﺭﺩ ﮐﻣﺭ,1,1,2
1906186,ﮐﻧﺩﺯ,ﺩﺷﺕ ﺍﺭﭼﯽ,ﻣﺳﺟﺩ ﻋﺎﺑﺩی,ﻗﺭﻳﻪ ﻋﺎﺑﺩی,2,1,3
1906191,ﮐﻧﺩﺯ,ﺩﺷﺕ ﺍﺭﭼﯽ,ﻣﮑﺗﺏ ﺷﻬﻳﺩ ﻋﺑﺩﺍﻟﻭﺍﺣﺩ,ﻗﺭﻳﻪ ﺣﺎﺟﯽ ﻏﻔﻭﺭ,1,1,2
1906192,ﮐﻧﺩﺯ,ﺩﺷﺕ ﺍﺭﭼﯽ,ﻣﺳﺟﺩ ﺣﺎﺟﯽ ﭘﺎﻳﻧﺩﻩ,ﻗﺭﻳﻪ ﺩﺍﻭﻳﺎﻥ,1,1,2
1906195,ﮐﻧﺩﺯ,ﺩﺷﺕ ﺍﺭﭼﯽ,ﻣﮑﺗﺏ ﻭﺯﻳﺭ ﺧﺎﻥ,ﻗﺭﻳﻪ ﺟﻣﻊ ﻭﺯﻳﺭ ﺧﺎﻥ,1,1,2
2006092,ﺳﻣﻧﮕﺎﻥ,ﺩﺭﻩ ﺻﻭﻑ ﭘﺎﺋﻳﻥ,ﻣﺳﺟﺩ ﺟﺎﻣﻊ ﮔﻭﻟﻪ ﺣﺻﺎﺭ,ﻗﺭﻳﻪ ﮔﻭﻟﻪ ﺣﺻﺎﺭ,2,2,4
2115315,ﺑﻠﺦ,ﺯﺍﺭی,ﻣﮑﺗﺏ ﺑﺎﻳﻪ,ﻗﺭﻳﻪ ﺑﺎﻳﻪ,1,1,2
2201030,ﺳﺭﭘﻝ,ﺳﺭﭘﻝ,ﻣﺳﺟﺩ ﻋﻠﻑ ﺳﻔﻳﺩ,ﻗﺭﻳﻪ ﻋﻠﻑ ﺳﻔﻳﺩ,1,1,2
2203139,ﺳﺭﭘﻝ,ﮐﻭﻫﺳﺗﺎﻧﺎﺕ,ﻣﺳﺟﺩ,ﻧﻳﻣﮏ,2,1,3
2301036,ﻏﻭﺭ,ﭼﻐﭼﺭﺍﻥ,ﺟﻭﺍﺭ ﻣﻧﺯﻝ ﺣﺑﻳﺏ ﷲ ﺩﻫﻭﺭ,ﺷﺎﻩ ﻣﺩﺩ,3,1,4
2301040,ﻏﻭﺭ,ﭼﻐﭼﺭﺍﻥ,ﻣﺳﺟﺩ ﺍﺳﺗﺭﻣﺎﻥ,ﺍﺳﺗﺭﻣﺎﻥ,2,2,4
2301039,ﻏﻭﺭ,ﭼﻐﭼﺭﺍﻥ,ﻣﮑﺗﺏ ﺟﻧﺩﺍک,ﺟﻧﺩﺍک,3,2,5
2301045,ﻏﻭﺭ,ﭼﻐﭼﺭﺍﻥ,ﺗﻌﻣﻳﺭ ﺣﺳﻥ,ﻏﺎﺭ ﺳﻳﺎ ﮔﮏ,3,2,5
2306073,ﻏﻭﺭ,ﺷﻬﺭک,ﻣﮑﺗﺏ ﺍﻭﺷﺎﻥ,ﺩﻫﻧﻪ ﺩﻭﺗﺎﻳﯽ,2,1,3
2306095,ﻏﻭﺭ,ﺷﻬﺭک,ﻣﮑﺗﺏ ﺍﺑﺗﺩﺍی ﺧﻭﺍﺟﻪ ﺑﻭﺭ,ﺧﻭﺍﺟﻪ ﺑﻭﺭ,1,1,2
2308219,ﻏﻭﺭ,ﺗﻳﻭﺭﻩ,ﻟﻳﺳﻪ ﻳﺧﻥ ﻋﻠﻳﺎ,ﻳﺧﻥ ﻋﻠﻳﺎ,2,1,3
2308221,ﻏﻭﺭ,ﺗﻳﻭﺭﻩ,ﻣﮑﺗﺏ ﺳﻭﺭ,ﺳﻭﺭ,2,1,3
2308222,ﻏﻭﺭ,ﺗﻳﻭﺭﻩ,ﻣﮑﺗﺏ ﮐﻳﻝ ﮔﻭ,ﮐﻳﻝ ﮔﻭ,2,1,3
2308230,ﻏﻭﺭ,ﺗﻳﻭﺭﻩ,ﻣﮑﺗﺏ ﻣﺗﻭﺳﻁﻪ ﻟﻌﻝ ﺳﺭﺥ,ﻟﻌﻝ ﺳﺭﺥ,1,1,2
2309185,ﻏﻭﺭ,ﺗﻭﻟﮏ,ﺟﻭﺍﺭ ﻣﻧﺯﻝ ﺍﺭﺑﺎﺏ ﻏﻔﻭﺭ,ﺍﺑﺷﻳﮑﺎﻥ,2,1,3
2309186,ﻏﻭﺭ,ﺗﻭﻟﮏ,ﻣﮑﺗﺏ ﻣﺗﻭﺳﻁﻪ ﺗﮕﺎﺏ ﺍﺷﻼﻥ,ﺗﮕﺎﺏ ﺍﺷﻼﻥ,3,1,4
2309187,ﻏﻭﺭ,ﺗﻭﻟﮏ,ﻣﮑﺗﺏ ﻣﺗﻭﺳﻁﻪ ﺩﺍﻳﯽ,ﻗﺭﻳﻪ ﺩﺍﻳﯽ,2,1,3
2309188,ﻏﻭﺭ,ﺗﻭﻟﮏ,ﻣﺳﺟﺩ ﮐﻭﺗﺎﻩ,ﮐﻭﺗﺎﻩ,2,1,3
2309191,ﻏﻭﺭ,ﺗﻭﻟﮏ,ﻣﮑﺗﺏ ﺍﺑﺗﺩﺍی ﻧﻭ ﭼﺎﺭﻩ,ﻧﻭ ﭼﺎﺭﻩ,1,1,2
2309192,ﻏﻭﺭ,ﺗﻭﻟﮏ,ﻧﺯﺩﻳﮏ ﻣﻧﺯﻝ ﺍﺭﺑﺎﺏ ﻣﻳﺭﮔﻝ,ﻟﺭﺍﻕ,1,1,2
2403106,ﺩﺍﻳﮑﻧﺩی,ﮔﻳﺯﺍﺏ,ﻣﮑﺗﺏ ﺑﺎﺯﺍﺭ ﺑﻳﺭی,ﻣﺭﮐﺯ ﺑﺎﺯﺍﺭ ﺑﻳﺭی,1,1,2
2403109,ﺩﺍﻳﮑﻧﺩی,ﮔﻳﺯﺍﺏ,ﻣﺳﺟﺩ ﺻﺎﺣﺏ ﺯﻣﺎﻥ ﻭﮔﻳﺭ,ﻭﮔﻳﺭ,1,1,2
2504035,ﺍﺭﺯﮔﺎﻥ,ﺷﻬﻳﺩ ﺣﺳﺎﺱ,ﻣﮑﺗﺏ ﻗﻠﻌﻪ ﮐﻼﻥ,יﻭﺭיﻳﻥ ﮐﻠﯽ,3,1,4
2606015,ﺯﺍﺑﻝ,ﺷﺎﻩ ﺟﻭی,ﻣﺳﺟﺩ ﺷﻳﺭﺯی ﺣﺎﺟﯽ ﻋﺑﺩﷲ ﺧﺎﻥ,ﺟﻌﻔﺭ ﻣﺳﺟﺩ,3,1,4
2608073,ﺯﺍﺑﻝ,ﺍﺗﻐﺭ,ﻣﺩﺭﺳﻪ,ﺗﻭﺭﺍﻏﻪ ﮐﻠﯽ,2,1,3
2707116,ﮐﻧﺩﻫﺎﺭ,ﺧﺎک ﺭﻳﺯ,ﺩ ﺭﺣﻣﺕ ﷲ ﻛﻭﺭ ﺗﺭոﻧט,ﻻﻟﻙ,1,1,2
2707119,ﮐﻧﺩﻫﺎﺭ,ﺧﺎک ﺭﻳﺯ,ﺩ ﻣﻠﻙ ﻣﺣﻣﺩ ﺷﺎﻩ ﻛﻭﺭ ﺗﻪ ﻧږﺩی,ﻻﻡ,2,0,2
2805092,ﺟﻭﺯﺟﺎﻥ,ﻗﻭﺵ ﺗﻳﭘﻪ,ﻣﮑﺗﺏ ﺗﺭﮐﻣﻥ ﻗﺩﻭﻕ,ﻗﻭﺵ ﺗﺑﻪ,1,1,2
2805094,ﺟﻭﺯﺟﺎﻥ,ﻗﻭﺵ ﺗﻳﭘﻪ,ﻣﮑﺗﺏ ﺗﺭﺍﻏﻠﯽ,ﻗﻭﺵ ﺗﺑﻪ,1,1,2
2805124,ﺟﻭﺯﺟﺎﻥ,ﻗﻭﺵ ﺗﻳﭘﻪ,ﻣﮑﺗﺏ,ﺷﻭﺭﻗﺩﻭﻕ,2,1,3
2902018,ﻓﺎﺭﻳﺎﺏ,ﭘﺷﺗﻭﻥ ﮐﻭﺕ,ﻣﮑﺗﺏ ﺫﮐﻭﺭﺧﻭﺍﺟﻪ ﻧﺎﻣﻭﺳﯽ,ﺧﻭﺍﺟﻪ ﻧﺎﻣﻭﺳﯽ,2,0,2
2902023,ﻓﺎﺭﻳﺎﺏ,ﭘﺷﺗﻭﻥ ﮐﻭﺕ,ﻣﮑﺗﺏ ﺍﻧﺎﺙ ﺧﻭﺍﺟﻪ ﻧﺎﻣﻭﺳﯽ,ﺧﻭﺍﺟﻪ ﻧﺎﻣﻭﺳﯽ,0,3,3
2902047,ﻓﺎﺭﻳﺎﺏ,ﭘﺷﺗﻭﻥ ﮐﻭﺕ,ﻣﺳﺟﺩ ﺭﻫﯽ ﺧﻭﺍﺟﻪ ﻣﺭﺍﺩ,ﺭﻫﯽ ﺧﻭﺍﺟﻪ ﻣﺭﺍﺩ,1,1,2
2902048,ﻓﺎﺭﻳﺎﺏ,ﭘﺷﺗﻭﻥ ﮐﻭﺕ,ﻣﺳﺟﺩ ﺣﻠﻭﺍ ﺧﻭﺭ ﺑﺎﻻ,ﺣﻠﻭﺍ ﺧﻭﺭ ﺑﺎﻻ,1,1,2
2902200,ﻓﺎﺭﻳﺎﺏ,ﭘﺷﺗﻭﻥ ﮐﻭﺕ,ﻣﺳﺟﺩ ﺩﻫﻧﺩﺭﻩ ﮔﻠﻳﻡ ﺑﺎﻑ,ﺩﻫﻧﺩﺭﻩ ﮔﻠﻳﻡ ﺑﺎﻑ,1,1,2
2904064,ﻓﺎﺭﻳﺎﺏ,ﺍﻟﻣﺎﺭ,ﻣﺳﺟﺩ ﺟﺎﻣﻊ ﻗﺭﻩ ﻏﻭﻳﻠﯽ,ﻗﺭﻳﻪ ﻗﺭﻩ ﻏﻭﻳﻠﯽ,1,1,2
2904068,ﻓﺎﺭﻳﺎﺏ,ﺍﻟﻣﺎﺭ,ﻣﺳﺟﺩ ﺟﺎﻣﻊ ﺑﺎﺩﻏﺳﯽ,ﺑﺎﺩﻏﺳﯽ,1,1,2
2904072,ﻓﺎﺭﻳﺎﺏ,ﺍﻟﻣﺎﺭ,ﻣﮑﺗﺏ ﺍﺑﺗﺩﺍﺋﻳﻪ ﻣﻳﺭ ﺷﺎﺩی,ﻣﻳﺭ ﺷﺎﺩی,2,1,3
2904078,ﻓﺎﺭﻳﺎﺏ,ﺍﻟﻣﺎﺭ,ﻗﺭﻗﻘﻭﻝ ﻣﺳﺟﺩ ﺗﻭﺭﺟﺎﻥ,ﻗﺭﻳﻪ ﻗﺭﻗﻘﻭﻝ,1,1,2
2907081,ﻓﺎﺭﻳﺎﺏ,ﻗﻳﺻﺎﺭ,ﻣﮑﺗﺏ ﺍﺑﺗﺩﺍﺋﻳﻪ ﺫﮐﻭﺭ ﻫﺯﺍﺭﻩ ﻗﻠﻌﻪ ﭼﻬﻠﮕﺯی,ﻫﺯﺍﺭﻩ ﻗﻠﻌﻪ,2,2,4
2907085,ﻓﺎﺭﻳﺎﺏ,ﻗﻳﺻﺎﺭ,ﻣﺳﺟﺩ ﻣﺎﺗﻭ,ﭼﻬﻝ ﮔﺯی,1,1,2
2907086,ﻓﺎﺭﻳﺎﺏ,ﻗﻳﺻﺎﺭ,ﻣﺳﺟﺩ ﺟﺎﻣﻊ ﺷﺎﺥ,ﺑﺎﺯﺍﺭ ﮐﻬﻧﻪ ﺷﺎﺥ,2,2,4
2907089,ﻓﺎﺭﻳﺎﺏ,ﻗﻳﺻﺎﺭ,ﻣﮑﺗﺏ ﻳﮑﻪ ﺑﺎﻍ,ﻳﮑﻪ ﺑﺎﻍ,1,1,2
2907091,ﻓﺎﺭﻳﺎﺏ,ﻗﻳﺻﺎﺭ,ﻣﺳﺟﺩ ﺟﺎﻣﻊ ﺟﻳﮕﺩﻟﻳﮏ,ﻗﺭﻳﻪ ﺟﻳﮕﺩ ﻟﻳﮏ,2,1,3
2907095,ﻓﺎﺭﻳﺎﺏ,ﻗﻳﺻﺎﺭ,ﻣﺳﺟﺩ ﮐﺎﺭﻳﺯ,ﭼﻬﻠﮕﺯی,1,1,2
2907096,ﻓﺎﺭﻳﺎﺏ,ﻗﻳﺻﺎﺭ,ﻣﺳﺟﺩ ﭼﻬﺎﺭ ﺷﻧﺑﻪ ﺍﺯﺑﮑﻳﻪ,ﻗﺭﻳﻪ ﭼﻬﺎﺭ ﺷﻧﺑﻪ ﺍﺯﺑﮑﻳﻪ,1,1,2
2907099,ﻓﺎﺭﻳﺎﺏ,ﻗﻳﺻﺎﺭ,ﻣﺳﺟﺩ ﺳﺭ ﺗﺧﺕ,ﺳﺭ ﺗﺧﺕ,1,1,2
2907107,ﻓﺎﺭﻳﺎﺏ,ﻗﻳﺻﺎﺭ,ﻣﺳﺟﺩ ﻏﻭﺭﻩ,ﻏﻭﺭﻩ,2,1,3
2907110,ﻓﺎﺭﻳﺎﺏ,ﻗﻳﺻﺎﺭ,ﻣﮑﺕ ﺍﺑﺗﺩﺍﺋﻳﻪ ﺯﻭﺭی ﻫﺎ,ﺯﻭﺭی ﻫﺎ,2,1,3
2909166,ﻓﺎﺭﻳﺎﺏ,ﺩﻭﻟﺕ ﺁﺑﺎﺩ,ﻣﮑﺗﺏ ﺍﺑﺗﺩﺍی ﺗﺧﺕ ﭘﻠﻭﺭﺩی,ﺗﺧﺕ ﭘﻠﻭﺭﺩی,3,1,4
2909167,ﻓﺎﺭﻳﺎﺏ,ﺩﻭﻟﺕ ﺁﺑﺎﺩ,ﭘﺗﻪ ﺑﺎﺑﺎ,ﻗﺭﻳﻪ ﭘﺗﻪ ﺑﺎﺑﺎ,4,2,6
2909169,ﻓﺎﺭﻳﺎﺏ,ﺩﻭﻟﺕ ﺁﺑﺎﺩ,ﺷﺷﭘﺭ,ﻗﺭﻳﻪ ﺷﺷﭘﺭ,2,2,4
2910112,ﻓﺎﺭﻳﺎﺏ,ﮐﻭﻫﺳﺗﺎﻥ,ﻣﮑﺗﺏ ﺍﺑﺗﺩﺍی ﺑﻧﺩﺭ,ﺑﻧﺩﺭﮐﻭﻫﺳﺗﺎﻥ,2,2,4
2910114,ﻓﺎﺭﻳﺎﺏ,ﮐﻭﻫﺳﺗﺎﻥ,ﻣﮑﺗﺏ ﺩﻫﻧﺩﺭﻩ,ﺩﻫﻧﺩﺭﻩ,1,1,2
2910116,ﻓﺎﺭﻳﺎﺏ,ﮐﻭﻫﺳﺗﺎﻥ,ﻣﺳﺟﺩ ﺩﺷﺕ ﺻﺣﺭﺍی ﻣﻠﻐﯽ,ﺩﺷﺕ ﺻﺣﺭﺍی ﻣﻠﻐﯽ,1,1,2
2910119,ﻓﺎﺭﻳﺎﺏ,ﮐﻭﻫﺳﺗﺎﻥ,ﻣﺳﺟﺩ ﮔﻭﺭﺯﻥ,ﮔﻭﺭﺯﻥ,2,2,4
3104071,ﺑﺎﺩﻏﻳﺱ,ﻗﺎﺩﺱ,ﻣﮑﺗﺏ ﮐﺎﺭﻳﺯ,ﻣﮑﺗﺏ ﮐﺎﺭﻳﺯ,2,1,3
3104072,ﺑﺎﺩﻏﻳﺱ,ﻗﺎﺩﺱ,ﻣﺳﺟﺩ ﻗﺭﻳﻪ ﺷﻭﺭﺁﺏ ﺑﺎﻻ,ﺷﻭﺭﺍﺏ ﺑﺎﻻ,1,1,2
3104086,ﺑﺎﺩﻏﻳﺱ,ﻗﺎﺩﺱ,ﻗﻭﻟﯽ ﺯﺭﺩک,ﻗﻭﻟﯽ ﺯﺭﺩک,1,1,2
3105168,ﺑﺎﺩﻏﻳﺱ,ﺑﺎﻻ ﻣﺭﻏﺎﺏ,ﻣﮑﺗﺏ ﻣﺣﻠﻪ ﭘﺎﻳﻳﻥ,ﻣﺣﻠﻪ ﭘﺎﻳﻳﻥ,3,2,5
3106115,ﺑﺎﺩﻏﻳﺱ,ﺟﻭﻧﺩ,ﻣﺳﺟﺩ ﻳﮏ ﻣﻳﺭﺍﻭک,ﻳﮏ ﻣﻳﺭﺍﻭک,1,1,2
3106116,ﺑﺎﺩﻏﻳﺱ,ﺟﻭﻧﺩ,ﻣﺳﺟﺩ ﻣﻭﻻﺩﺍﺩ,ﻗﺭﻳﻪ ﮐﻭﺟﻪ ﻻﻝ ﺑﺎی,1,1,2
3106119,ﺑﺎﺩﻏﻳﺱ,ﺟﻭﻧﺩ,ﻣﺳﺟﺩ ﻗﺭﻳﻪ ﭼﻣﻥ ﺑﻳﺩ,ﭼﻣﻥ ﺑﻳﺩ,1,1,2
3106120,ﺑﺎﺩﻏﻳﺱ,ﺟﻭﻧﺩ,ﻣﺳﺟﺩ ﻗﺭﻳﻪ ﺩﻫﻥ ﺧﻳﺳﯽ,ﻗﺭﻳﻪ ﺩﻫﻥ ﺧﻳﺳﯽ,1,1,2
3106121,ﺑﺎﺩﻏﻳﺱ,ﺟﻭﻧﺩ,ﻣﺳﺟﺩ ﻗﺭﻳﻪ ﺳﻳﺑﮏ,ﻗﺭﻳﻪ ﺳﻳﺑﮏ,1,1,2
3106122,ﺑﺎﺩﻏﻳﺱ,ﺟﻭﻧﺩ,ﻣﺳﺟﺩ ﻗﺭﻳﻪ ﭘﻳﺗﻭ,ﭘﻳﺗﻭ,1,2,3
3203116,ﻫﺭﺍﺕ,ﮔﺫﺭﻩ,ﻣﻭﻗﻌﻳﺕ ﮐﻭﭼﯽ ﻫﺎی ﭼﺎﻩ ﺑﻠﺑﻝ,ﻗﺭﻳﻪ ﭼﺎﻩ ﺑﻠﺑﻝ,2,2,4
3205269,ﻫﺭﺍﺕ,ﺯﻧﺩﻩ ﺟﺎﻥ,ﻣﮑﺗﺏ ﭘﻬﺭﻩ,ﭘﻬﺭﻩ,2,1,3
3205457,ﻫﺭﺍﺕ,ﺯﻧﺩﻩ ﺟﺎﻥ,ﮐﻠﻳﻧﻳﮏ ﮐﺎﺭﻳﺯ ﭘﺩﻩ,ﻗﺭﻳﻪ ﮐﺎﺭﻳﺯ ﭘﺩﻩ,1,1,2
3205477,ﻫﺭﺍﺕ,ﺯﻧﺩﻩ ﺟﺎﻥ,ﻣﺟﺗﻣﻊ ﻓﺭﻫﻧﮕﯽ,ﺳﻧﮓ ﺗﺭﻗﻳﺩﻩ,2,1,3
3208198,ﻫﺭﺍﺕ,ﮔﻠﺭﺍﻥ,ﮐﻠﻳﻧﻳﮏ ﮔﻠﺭﺍﻥ ﺧﺎﻭﮔﻳﺎﻧﯽ,ﮔﻠﺭﺍﻥ ﺧﺎﻭﮔﻳﺎﻧﯽ,3,2,5
3208199,ﻫﺭﺍﺕ,ﮔﻠﺭﺍﻥ,ﻣﺳﺟﺩ ﻧﻬﺭﺍﺏ,ﻧﻬﺭﺍﺏ,2,1,3
3208202,ﻫﺭﺍﺕ,ﮔﻠﺭﺍﻥ,ﻣﮑﺗﺏ ﺍﺑﺗﺩﺍﺋﻳﻪ ﺳﻳﺎﻩ ﮐﻣﺭک,ﺳﻳﺎﻩ ﮐﻣﺭک,2,1,3
3208209,ﻫﺭﺍﺕ,ﮔﻠﺭﺍﻥ,ﻣﺳﺟﺩ ﭼﺎﻩ ﮐﻬﺳﺎﻧﯽ,ﭼﺎﻩ ﮐﻬﺳﺎﻧﯽ,2,1,3
3208210,ﻫﺭﺍﺕ,ﮔﻠﺭﺍﻥ,ﻣﮑﺗﺏ ﺍﺑﺗﺩﺍﻳﯽ ﺗﻭﺗﻳﭼﯽ,ﺗﻭﺗﻳﭼﯽ,2,3,5
3208217,ﻫﺭﺍﺕ,ﮔﻠﺭﺍﻥ,ﻣﻛﺗﺏ ﻣﻳﺵ ﻣﺳﺕ,ﻣﻳﺵ ﻣﺳﺕ,2,1,3
3208224,ﻫﺭﺍﺕ,ﮔﻠﺭﺍﻥ,ﻣﺳﺟﺩ ﺭﻳﮓ ﺁﺏ,ﻗﺭﻳﻪ ﺭﻳﮓ ﺁﺏ,1,1,2
3208225,ﻫﺭﺍﺕ,ﮔﻠﺭﺍﻥ,ﻣﺳﺟﺩ ﺁﺏ ﺳﻔﻳﺩ,ﻗﺭﻳﻪ ﺁﺏ ﺳﻔﻳﺩ,2,1,3
3209280,ﻫﺭﺍﺕ,ﺍﺩﺭﺳﮑﻥ,ﻣﮑﺗﺏ ﺍﺑﺗﺩﺍﻳﯽ ﺗﻳﺭ ﮔﺭﺩ,ﻗﺭﻳﻪ ﺗﻳﺭ ﮔﺭﺩ,1,1,2
3209288,ﻫﺭﺍﺕ,ﺍﺩﺭﺳﮑﻥ,ﻣﺳﺟﺩ ﺗﺧﺎﺏ,ﺗﺧﺎﺏ,1,1,2
3209293,ﻫﺭﺍﺕ,ﺍﺩﺭﺳﮑﻥ,ﻣﺳﺟﺩ ﺗﻧﻭﺭﻩ,ﺗﻧﻭﺭﻩ,1,1,2
3209294,ﻫﺭﺍﺕ,ﺍﺩﺭﺳﮑﻥ,ﻣﺳﺟﺩ ﭼﺎﻩ ﺳﺭﺧﮏ,ﭼﺎﻩ ﺳﺭﺧﮏ,1,1,2
3209463,ﻫﺭﺍﺕ,ﺍﺩﺭﺳﮑﻥ,ﻣﺳﺟﺩ ﮐﻔﺗﺭی,ﮐﻔﺗﺭی,1,1,2
3209482,ﻫﺭﺍﺕ,ﺍﺩﺭﺳﮑﻥ,ﻣﺳﺟﺩ ﻏﻼﻡ ﻛﺷﺗﻪ,ﻏﻼﻡ ﻛﺷﺗﻪ,2,1,3
3213449,ﻫﺭﺍﺕ,ﮐﻬﺳﺎﻥ,ﺧﻳﻣﻪ ﻧﻲ ﻳﻙ,ﻧﯽ ﻳﮏ,1,1,2
3214320,ﻫﺭﺍﺕ,ﺷﻳﻧﺩﻧﺩ,ﻣﺳﺟﺩ ﺩﻩ  ﻋﻠﻳﮑﻪ,ﺩﻩ ﻋﻠﻳﮑﻪ,1,1,2
3214332,ﻫﺭﺍﺕ,ﺷﻳﻧﺩﻧﺩ,ﻣﮑﺗﺏ ﺷﻬﺭﺁﺑﺎﺩ,ﺷﻬﺭ ﺁﺑﺎﺩ ﺍﻭﻝ,2,2,4
3214334,ﻫﺭﺍﺕ,ﺷﻳﻧﺩﻧﺩ,ﻣﺳﺟﺩ ﺑﺧﺕ ﺁﺑﺎﺩ,ﺷﻬﺭﺁﺑﺎﺩ ﺳﻭﻡ,2,1,3
3214336,ﻫﺭﺍﺕ,ﺷﻳﻧﺩﻧﺩ,ﮐﻠﻳﻧﻳﮏ ﭼﻬﺎﺭ ﻗﻠﻌﻪ ﺩﻭﻡ,ﭼﻬﺎﺭ ﻗﻠﻌﻪ ﺩﻭﻡ,1,1,2
3214464,ﻫﺭﺍﺕ,ﺷﻳﻧﺩﻧﺩ,ﻣﻛﺗﺏ ﺳﻧﮕﺳﺗﺎﻥ,ﺳﻧﮕﺳﺗﺎﻥ,1,1,2
3214466,ﻫﺭﺍﺕ,ﺷﻳﻧﺩﻧﺩ,ﻣﺳﺟﺩ ﻛﺷﻙ,ﮐﺷﮏ,1,1,2
3214467,ﻫﺭﺍﺕ,ﺷﻳﻧﺩﻧﺩ,ﻣﺳﺟﺩ ﻣﻌﺭﻭﻑ ﺧﻳﻝ,ﻣﻌﺭﻭﻑ ﺧﻳﻝ,1,1,2
3301017,ﻓﺭﺍﻩ,ﻓﺭﺍﻩ,ﻣﮑﺗﺏ ﺧﺭﻣﺎﻟﻖ,ﺧﻭﺭﻣﺎﻟﻖ,2,2,4
3302048,ﻓﺭﺍﻩ,ﭘﺷﺕ ﺭﻭﺩ,ﮐﺎﺭﻳﺯﺑﺩﺍﻝ,ﮐﺎﺭﻳﺯ ﺑﺩﺍﻝ  ) ﮐﻭﭼﯽ (,1,1,2
3304084,ﻓﺭﺍﻩ,ﻗﻠﻌﻪ ﮐﺎﻩ,ﻣﺳﺟﺩ ﮐﺎﺭﻳﺯک,ﮐﺎﺭﻳﺯک,1,1,2
3307069,ﻓﺭﺍﻩ,ﺍﻧﺎﺭ ﺩﺭﻩ,ﻣﺳﺟﺩ ﭘﺩﻫﯽ,ﭘﺩﻫﯽ,1,1,2
3310167,ﻓﺭﺍﻩ,ﮔﻠﺳﺗﺎﻥ,ﻣﺳﺟﺩ ﻻﺭﺗﯽ,ﻻﺭﺗﯽ,1,1,2
3311200,ﻓﺭﺍﻩ,ﭘﺭﭼﻣﻥ,ﻣﺳﺟﺩ ﺩﺍﻣﻧﻪ,ﺩﺍﻣﻧﻪ,1,1,2
3311216,ﻓﺭﺍﻩ,ﭘﺭﭼﻣﻥ,ﻣﺳﺟﺩ ﮐﺎﻟﻭﺷﺕ,ﮐﺎﻟﻭﺷﺕ,1,1,2
3406056,ﻧﻳﻣﺭﻭﺯ,ﺩﻻﺭﺍﻡ,ﭘﻭﺯﻩ ﮔﯽ,ﭘﻭﺯﻩ ﮔﯽ,1,1,2
3406057,ﻧﻳﻣﺭﻭﺯ,ﺩﻻﺭﺍﻡ,ﺩﻧﮕﺭ ﺁﺑﺎﺩ,ﺩﻧﮕﺭ ﺁﺑﺎﺩ,1,1,2
