 ﺕﻼﺣﻣ ﻉﻭﻣﺟﻣ ,ﻪﻧﺎﻧﺯ ﺕﻼﺣﻣ   ,  ﻪﻧﺍﺩﺭﻣ ﺕﻼﺣﻣ  ,ﯽﻫﺩﻳﺍﺭ ﺯﮐﺭﻣ ﺕﻌﻳﻗﻭﻣ,ﯽﻫﺩﻳﺍﺭ ﺯﮐﺭﻣ ﻡﺎﻧ,ﻲﻟﺍﻭﺳﻟﻭ,ﺕﻳﻻﻭ,  ﯽﻫﺩﻳﺍﺭ ﺯﮐﺭﻣ ﺩﻭﮐ 
4,2,2,ﻥﻼﮐ ﻪﻌﻠﻗ,ﻥﻼﮐ ﻪﻌﻠﻗ ﺏﺗﮑﻣ,ﯽﺑﻭﺭﺳ,ﻝﺑﺎﮐ,0115482
4,2,2,ﻱړﺩ ﻡﺎﺑ ,ﻱړﺩ ﻡﺎﺑ ﺩﺟﺳﻣ,ﯽﺑﻭﺭﺳ,ﻝﺑﺎﮐ,0115486
5,3,2,ﺎﻳﻠﻋ ﺯﺎﮔ ،ﻥﻳﺑﺯﻭ,ﺎﻳﻠﻋ ﺯﺎﮔ ﺩﺟﺳﻣ,ﯽﺑﻭﺭﺳ,ﻝﺑﺎﮐ,0115487
2,1,1,یﺩﻧﻭﮐ ﺭﻳﭘﺳ,یﺩﻧﻭﮐ ﺭﻳﭘﺳ ﺏﺗﮑﻣ ,ﯽﺑﻭﺭﺳ,ﻝﺑﺎﮐ,0115518
3,1,2, ﻪﻣﺎﻧﺭﺩ, ﻝﻳﺧ ﺏﻳﺑﺣ ﺩﺟﺳﻣ,ﺩﻧﺑ ﻩﻭﮐ,ﺎﺳﻳﭘﺎﮐ,0203069
3,1,2, ﻪﻣﺎﻧﺭﺩ, ﻝﻳﺧ ﻭﺭﺍﺯﻫ ﺩﺟﺳﻣ,ﺩﻧﺑ ﻩﻭﮐ,ﺎﺳﻳﭘﺎﮐ,0203072
3,1,2,ﻝﻳﺧ ﺭﺗﺗ ,ﻝﻳﺧ ﺭﺗﺗ ﺩﺟﺳﻣ, ﺏﺎﮕﺗ,ﺎﺳﻳﭘﺎﮐ,0206080
3,0,3,ﺕﻭﮑﺷ ,ﷲ ﻅﻳﻔﺣ ﺩﻳﻬﺷ ﻪﻁﺳﻭﺗﻣ, ﺏﺎﮕﺗ,ﺎﺳﻳﭘﺎﮐ,0206095
2,1,1,(ﻥﺎﻳﭼﻭﮐ) ﻝﻳﺧﺭﺎﺗﺗ,ﻝﻳﺧﺭﺎﺗﺗ ﺩﺟﺳﻣ, ﺏﺎﮕﺗ,ﺎﺳﻳﭘﺎﮐ,0206097
3,1,2, یﺎﺳ ﻪﻟﺍ ﺯﮐﺭﻣ,(ﯽﭼﻭﮐ ) ﺩﻳﻬﺷ ﷲ ﺕﺎﻳﺣ ﻪﺳﻳﻟ, یﺎﺳ ﻪﻟﺍ,ﺎﺳﻳﭘﺎﮐ,0207109
2,1,1,ﻩﻭﻳﺷ,ﺩﻳﻬﺷ ﺍﺩﻓ ﻥﺎﺟ ﺏﺗﮑﻣ, یﺭﺍﻭﻧﻳﺷ,ﻥﺍﻭﺭﭘ,0303074
3,1,2,ﺩﺭﮔ ﺯﺍﺭﺩ,ﺩﺭﮔ ﺯﺍﺭﺩ ﻪﺳﺭﺩﻣ, یﺭﺍﻭﻧﻳﺷ,ﻥﺍﻭﺭﭘ,0303076
3,1,2,ﺭﺎﻣﺧ ﻪﻧﻬﮐ,ﺭﺎﻣﺧ ﻪﻧﻬﮐ ﺏﺗﮑﻣ,ﺭﻬﺷ ﻥﺍﺩﻳﻣ,کﺩﺭﻭ,0401009
2,1,1,ﻝﻳﺧﺭﻭﻧ ﻪﻳﺭﻗ,ﺩﻣﺣﻣ ﺢﻟﺎﺻ ﻝﺯﻧﻣ ﺭﺍﻭﺟ,کﺩﺭﻭ ﮏﭼ,کﺩﺭﻭ,0404083
2,1,1,ﻭﺩﻧﻟ,ﻩﻭﮐ ﺭﺳ ﺏﺗﮑﻣ,کﺩﺭﻭ ﮏﭼ,کﺩﺭﻭ,0404085
3,1,2,ﻥﺎﻧﻭﺑ,ﯽﻠﺣﻣ ﺏﺗﮑﻣ,کﺩﺭﻭ ﮏﭼ,کﺩﺭﻭ,0404086
2,1,1,ﮏﺑﻳﺳ ﻪﻳﺭﻗ,ﮏﺑﻳﺳ ﻪﻳﺭﻗ ﯽﺣﺻ ﮏﻳﻧﻳﻠﮐ,کﺩﺭﻭ ﮏﭼ,کﺩﺭﻭ,0404087
2,1,1,ﯽﻧﺎﺑﺭﻗ ﻪﻌﻠﻗ,ﻝﮕﻧﻣ ﻝﺯﻧﻣ ﺭﺍﻭﺟ,کﺩﺭﻭ ﮏﭼ,کﺩﺭﻭ,0404091
3,1,2,ﻥﺎﺧ ﺯﺎﺑﺎﺷ,ﻥﺎﺑﺭﻋ ﻪﻳﺋﺍﺩﺗﺑﺍ ﺏﺗﮑﻣ,کﺩﺭﻭ ﮏﭼ,کﺩﺭﻭ,0404092
3,1,2,ﻝﻳﺧ ﺭﺎﻳﮕﻧﻭﻣ, ﻪﻳﺭﻗ ﮏﻠﻣ ﯽﺻﺧﺷ ﻪﻧﺎﺧ ﮏﻳﺩﺯﻧ,کﺩﺭﻭ ﮏﭼ,کﺩﺭﻭ,0404093
2,1,1,ﺩﺍﺩﺭﮑﺷ ﻪﻳﺭﻗ,ﺩﺍﺩﺭﮑﺷ ﻪﻳﺭﻗ ﺩﺟﺳﻣ,کﺩﺭﻭ ﮏﭼ,کﺩﺭﻭ,0404094
2,1,1,ﻪﻌﻠﻗﺭﺎﭼ,   ﻪﻌﻠﻗﺭﺎﭼ ﺏﺣﺎﺻ ﻪﻳﺋﺍﺩﺗﺑﺍ ﺏﺗﮑﻣ,کﺩﺭﻭ ﮏﭼ,کﺩﺭﻭ,0404095
2,1,1,ﻝﻗ ﻪﻧﺎﻳﻣ,  ﺱﺭﺩﻣﻟﺍﺭﻭﻧ ﻪﻳﺋﺍﺩﺗﺑﺍ ﺏﺗﮑﻣ,کﺩﺭﻭ ﮏﭼ,کﺩﺭﻭ,0404096
2,1,1,ﻝﻳﺧ ﻑﻳﺭﺷ,    ﺩﺍﺯﺭﻳﺷ ﻪﻳﺋﺍﺩﺗﺑﺍ ﺏﺗﮑﻣ,کﺩﺭﻭ ﮏﭼ,کﺩﺭﻭ,0404098
2,1,1,ﮏﮐﺭﺯ ﻩﺩﻭﮔ ﻪﻳﺭﻗ,ﮏﮐﺭﺯ ﻪﻳﺭﻗ ﺩﺟﺳﻣ,کﺩﺭﻭ ﮏﭼ,کﺩﺭﻭ,0404099
3,1,2,ﺕﮐﺍﺭﮐ ﻪﻳﺭﻗ,ﻝﮔ ﻡﻠﻋ ﯽﺿﺎﻗ ﻝﺯﻧﻣ یﻭﻠﻬﭘ,کﺩﺭﻭ ﮏﭼ,کﺩﺭﻭ,0404100
2,1,1,ﻪﻧﺍﺭﻳﺑ,ﺏﺎﻳﺳ ﺏﺗﮑﻣ,کﺩﺭﻭ ﮏﭼ,کﺩﺭﻭ,0404101
2,1,1,ﺵﻭﭘﺭﺳ,  ﻕﻭﺭﺎﻓﺭﻣﻋ ﻪﻳﺋﺍﺩﺗﺑﺍ ﺏﺗﮑﻣ,کﺩﺭﻭ ﮏﭼ,کﺩﺭﻭ,0404102
2,1,1,ﮏﻟﻭﮐ ﻪﻳﺭﻗ,ﮏﻟﻭﮐ ﻪﻳﺭﻗ ﺩﺟﺳﻣ,کﺩﺭﻭ ﮏﭼ,کﺩﺭﻭ,0404103
2,1,1,ﻝﻳﺧ ﺭﺩﺎﻗ ﻪﻳﺭﻗ,ﻝﻳﺧﺭﺩﺎﻗ ﻪﻳﺭﻗ ﻥﻼﮐ ﺩﺟﺳﻣ,کﺩﺭﻭ ﮏﭼ,کﺩﺭﻭ,0404106
2,1,1,ﺎﻳﺳﺍ ﺕﻔﻫ,  ﺎﻳﺳﺍ ﺕﻔﻫ ﻪﻳﺭﻗ ﺭﺩ ﻪﻣﻳﺧ,ﺩﺎﺑﺁ ﺩﻳﺳ,کﺩﺭﻭ,0405117
2,1,1,ﻪﻌﻠﻗ ﺵﺷ,ﻪﻌﻠﻗ ﺵﺷ ﺏﺗﮑﻣ,ﺩﺎﺑﺁ ﺩﻳﺳ,کﺩﺭﻭ,0405118
2,1,1,ﻝﻳﺧﺭﺎﻧﻳﭼ‐ﻝﻳﺧ ﻑﻟﺍ,ﻝﻳﺧ ﻑﻟﺍ ﻪﻳﺭﻗ ﻝﺧﺍﺩﺭﺩ ﻪﻣﻳﺧ,ﺩﺎﺑﺁ ﺩﻳﺳ,کﺩﺭﻭ,0405120
2,1,1,ﻝﻳﺧ ﯽﺳﻭﻫ, ﻝﻳﺧ ﯽﺳﻭﻫ ﻪﻳﺭﻗ ﺭﺧﺍﺭﺩ ﻪﻣﻳﺧ,ﺩﺎﺑﺁ ﺩﻳﺳ,کﺩﺭﻭ,0405122
2,1,1,ﮏﻳﺑ ﻥﺳﺣ, ﮏﻳﺑ ﻥﺳﺣ ﻪﻳﺭﻗ ﻥﻼﮐ ﺩﺟﺳﻣ,ﺩﺎﺑﺁ ﺩﻳﺳ,کﺩﺭﻭ,0405123
2,1,1,ﮏﻏﺎﺑ ﺕﺑﺭﻭﮐ,ﻪﻣﻳﺧ,ﺩﺎﺑﺁ ﺩﻳﺳ,کﺩﺭﻭ,0405129
2,1,1,ﻥﺎﺧ ﻪﻧﺯ, ﻥﺎﺧ ﻪﻧﺯ ﺩﺟﺳﻣ,ﺩﺎﺑﺁ ﺩﻳﺳ,کﺩﺭﻭ,0405130
2,1,1,ﻡړﻟ, ﻡړﻟ ﺕﺷﺩ ﻪﻣﻳﺧ,ﺩﺎﺑﺁ ﺩﻳﺳ,کﺩﺭﻭ,0405133
2,1,1,ﺩﻳﻔﺳ ﯽﻧﻳﺑ,ﻪﻣﻳﺧ,ﺩﺎﺑﺁ ﺩﻳﺳ,کﺩﺭﻭ,0405134
2,1,1,ﻥﻳﺭﺯ یﻭﺟ,ﻥﻳﺭﺯ یﻭﺟ ﻪﻳﺋﺍﺩﺗﺑﺍ ﺏﺗﮑﻣ,ﺩﺎﺑﺁ ﺩﻳﺳ,کﺩﺭﻭ,0405135
2,1,1,ﺭﻳﻣﺍ ﻪﻌﻠﻗ,ﺭﻳﻣﺍ ﻪﻌﻠﻗ ﺭﺩ  ﻪﻣﻳﺧ,ﺩﺎﺑﺁ ﺩﻳﺳ,کﺩﺭﻭ,0405136
2,1,1,ﻝﻳﺧ ﻥﺍﺭﻣﺎﮐ,ﻝﻳﺧ ﻥﺍﺭﻣﺎﮐ ﻪﺳﻳﻟ,ﺩﺎﺑﺁ ﺩﻳﺳ,کﺩﺭﻭ,0405137
3,1,2,ﺭﻭﺍﺩﻧﺳ, ﺭﻭﺍﺩﻧﺳ ﻪﻳﺭﻗ ﺭﺩ  ﻪﻣﻳﺧ,ﺩﺎﺑﺁ ﺩﻳﺳ,کﺩﺭﻭ,0405138
3,1,2,ﺏﺁﻭﺩ,ﺩﻣﺣﻣ ﻡﺎﻣﺍ ﺏﺗﮑﻣ,ﺩﺎﺑﺁ ﺩﻳﺳ,کﺩﺭﻭ,0405139
4,2,2,ﺩﺎﺑﺁ ﺦﻳﺷ ﻩﻭﮐ,ﺩﺎﺑﺁ ﺦﻳﺷ ﻩﻭﮐ ﻪﻣﻳﺧ,ﺩﺎﺑﺁ ﺩﻳﺳ,کﺩﺭﻭ,0405140
2,1,1,ﺩﻧﺑﺭﺳ ﺩﺩﺳ ﻪﻳﺭﻗ,ﻕﻭﺭﺎﻓ ﺩﻳﺳ ﻝﺯﻧﻣ ﺏﻘﻋ,ﻭﺗﻐﺟ,کﺩﺭﻭ,0408072
4,2,2,ﻥﺎﺷﻭﮐ, ﻥﺍﺩﻭﮐ ﺏﺗﮑﻣ,ﻭﺗﻐﺟ,کﺩﺭﻭ,0408073
3,1,2,ﻝﻳﺧﺎﺑﺎﺑﺭﺑﺑ,ﻪﻔﻳﻧﺣ ﻭﺑﺍ ﻡﺎﻣﺍ ﺏﺗﮑﻣ,ﻭﺗﻐﺟ,کﺩﺭﻭ,0408074
2,1,1,ﻪﻟﺯﻧﺳ,ﻪﻟﺯﻧﺳ ﺩﺟﺳﻣ,ﻭﺗﻐﺟ,کﺩﺭﻭ,0408075
3,1,2,ﻩﺩﻧﻼﮐ,ﻩﺩﻧﻼﮐ ﮏﻳﻧﻳﻠﮐ,ﻭﺗﻐﺟ,کﺩﺭﻭ,0408076
2,1,1,یﺭﻏﻻ,یﺭﻏﻻ ﮏﻳﻧﻳﻠﮐ,ﻭﺗﻐﺟ,کﺩﺭﻭ,0408077
2,1,1, ﻥﺎﻁﻠﺳ ﺩﻧﺑ,ﻥﺎﻁﻠﺳ ﺩﻧﺑ ﻥﺎﺧ ﺭﻅﻧ ﺏﺗﮑﻣ,ﻭﺗﻐﺟ,کﺩﺭﻭ,0408078
2,1,1,ﻝﻳﺧ ﺎﺷﻭﺑ,ﻪﻳﺭﻗ ﮏﻠﻣ ﺭﺗﻓﺩ,ﻭﺗﻐﺟ,کﺩﺭﻭ,0408079
2,1,1,ﻝﻳﺧ ﺭﻭﻧ,ﻝﻳﺧ ﺭﻭﻧ ﺏﺗﮑﻣ,ﻭﺗﻐﺟ,کﺩﺭﻭ,0408080
2,1,1,ﻥﺎﻣﻳﻠﺳ ﻪﻌﻠﻗ,ﻪﻣﻳﺧ,ﻭﺗﻐﺟ,کﺩﺭﻭ,0408081
2,1,1,ﻪﻟﻭﻣ,ﷲ ﺕﻣﺣﺭ ﯽﺻﺧﺷ ﻪﻧﺎﺧ ﺭﺍﻭﺟ,ﻭﺗﻐﺟ,کﺩﺭﻭ,0408082
3,1,2,ﺭﺍﺯﻣ ﻩﺎﺷ ﻪﻳﺭﻗ, ﺭﺍﺯﻣ ﻩﺎﺷ ﺩﺟﺳﻣ,کﺭﺑ ﯽﮐﺭﺑ,ﺭﮔﻭﻟ,0502031
3,1,2,ﻥﺎﺟﺍﺭ ﻝﭘ, ﻥﺎﺟﺍﺭ ﻝﭘ ﺩﺟﺳﻣ,کﺭﺑ ﯽﮐﺭﺑ,ﺭﮔﻭﻟ,0502037
3,1,2,ﻝﻳﺧ ﺩﺍﺩ ﷲ,ﻝﻳﺧ ﺩﺍﺩ ﷲ ﺩﺟﺳﻣ,کﺭﺑ ﯽﮐﺭﺑ,ﺭﮔﻭﻟ,0502040
4,2,2,ﺏﺎﻳﺳﺁ ﺭﺳ ﻡﺍﺭﮕﻧﭘ,ﻩﺎﺷ ﺭﻳﺳﻔﺗ ﺩﻳﻬﺷ ﺝﺎﺣﻟﺍ ﻪﻁﺳﻭﺗﻣ ﺏﺗﮑﻣ,ﺥﺭﭼ,ﺭﮔﻭﻟ,0503041
5,2,3,ﻡﻭﮔﺭﺍ ﻪﻳﺭﻗ,ﻡﻭﮔﺭﺍ ﮏﻳﻧﻳﻠﮐ,ﺥﺭﭼ,ﺭﮔﻭﻟ,0503042
9,3,6,ﻪﺑﺁ ﻡﺭﮔ,ﯽﺧﺭﭼ ﺏﻭﻘﻌﻳ ﺎﻧﻻﻭﻣ ﺏﺗﮑﻣ,ﺥﺭﭼ,ﺭﮔﻭﻟ,0503043
7,4,3,ﺭﻭﮕﻧﺍ ﻪﺟﺍﻭﺧ ﻪﻳﺭﻗ,ﺭﻭﮕﻧﺍ ﻪﺟﺍﻭﺧ ﺏﺗﮑﻣ,ﺭﺍﻭﺭﺧ,ﺭﮔﻭﻟ,0506068
2,1,1,ﺭﺍﺯﺎﺑ ﯽﻧﻣ ﻪﻳﺭﻗ,ﻥﺎﺧ ﻪﭘﺍ ﺏﺗﮑﻣ,ﺭﺍﻭﺭﺧ,ﺭﮔﻭﻟ,0506069
3,1,2,ﻝﻳﺧ ﻯﺩﮔ,ﻰﮕﺗﻭﮐ ﺏﺗﮑﻣ,ﺭﺍﻭﺭﺧ,ﺭﮔﻭﻟ,0506071
5,2,3,ﻥﺍﺭﺎﺑ ﮓﻧﺳ ﻪﻳﺭﻗ,ﻥﺍﺭﺎﺑ ﮓﻧﺳ ﺏﺗﮑﻣ,ﻩﺭﺫﺍ,ﺭﮔﻭﻟ,0507077
5,2,3,ﻥﺎﺧ ﻰﺳﻭﻣ ﻪﻳﺭﻗ,ﻥﺎﺧ ﯽﺳﻭﻣ ﺏﺗﮑﻣ,ﻩﺭﺫﺍ,ﺭﮔﻭﻟ,0507078
5,2,3,ﻝﻳﺧ ﻯﺯﺍﺭ,ﻝﻳﺧ ﻯﺯﺍﺭ ﻪﻁﺳﻭﺗﻣ ﺏﺗﮑﻣ,ﻩﺭﺫﺍ,ﺭﮔﻭﻟ,0507079
3,0,3,ﻰﻠﮐ ﻭיﺍډ,ﺕﺎﻣﻭﺟ ﻭﻧﺎﻳﺟﺎﺣ ﻭיﺍډ,ﺭﺎﻫﺭﭘﭼ,ﺭﺎﻫﺭﮕﻧﻧ,0604103
2,2,0,ﻰﻠﮐ ﻭיﺍډ,ﺕﺎﻣﻭﺟ ﻲﻠﮐ ﻱﻭﻟ ﻭיﺍډ,ﺭﺎﻫﺭﭘﭼ,ﺭﺎﻫﺭﮕﻧﻧ,0604104
2,0,2,ﻲﻠﮐﺯﻳﺭﺎﮐ,ﺕﺎﻣﻭﺟ ﻲﻣﺎﺟ ﺯﻳﺭﺎﮐ,ﺭﺎﻫﺭﭘﭼ,ﺭﺎﻫﺭﮕﻧﻧ,0604106
2,2,0,ﻲﻠﮐﺯﻳﺭﺎﮐ,ﺕﺎﻣﻭﺟ ﻲﻠﮐﺩ ﺯﻳﺭﺎﮐ,ﺭﺎﻫﺭﭘﭼ,ﺭﺎﻫﺭﮕﻧﻧ,0604107
3,1,2,ﻲﻠﮐﻭؕﺎﻣ,ﻪﺳﻳﻟ ﻭؕﺎﻣ,ﺭﺎﻫﺭﭘﭼ,ﺭﺎﻫﺭﮕﻧﻧ,0604110
2,0,2,ﻥﺎﻅﻓﺎﺣ,ﺏﺗﮑﻣ ﯽﻠﮐ ﻭﻧﺎﻅﻓﺎﺣ,ﺭﺎﻫﺭﭘﭼ,ﺭﺎﻫﺭﮕﻧﻧ,0604117
2,2,0,ﻥﺎﻅﻓﺎﺣ,ﻩﺭﻳﺩ ﻥﻣﺣﺭﻟﺍﺩﺑﻋ,ﺭﺎﻫﺭﭘﭼ,ﺭﺎﻫﺭﮕﻧﻧ,0604118
2,0,2, ﻥﺍﺩﻳﻣ ﺯﻭﮐ,ﺕﺎﻣﻭﺟ ﻕﻭﺭﺎﻓ ﺭﻣﻋ ﺕﺭﺿﺣ,ﻪﻣﺎﮐ,ﺭﺎﻫﺭﮕﻧﻧ,0605180
2,2,0,ﻱﺭי ﻭړﺑ,ﺏﺗﮑﻣ ﻭﮑﻧﻳﺟ ﺩ ﻭړﺑ,ﺕﺍﺩﻭﺭ,ﺭﺎﻫﺭﮕﻧﻧ,0607140
3,0,3,ﯽﻠﮐ ﻝﻳﺧ ﺩﻣﺣﺍ ﺭﻳﺯﻭ,ﻪﺳﻳﻟ ﺭﻭﮐﺫ ﻱﺩﺎﻬﺟ,ﻲؕﺎﻳיﻭﺧ,ﺭﺎﻫﺭﮕﻧﻧ,0608276
3,3,0,ﯽﻠﮐ ﻝﻳﺧ ﺩﻣﺣﺍ ﺭﻳﺯﻭ,ﻪﺳﻳﻟ ﺙﺎﻧﺍ ﻱﺩﺎﻬﺟ,ﻲؕﺎﻳיﻭﺧ,ﺭﺎﻫﺭﮕﻧﻧ,0608277
2,1,1,ﻝﻳﺧ ﻩﺭﻳﭘ,ﻪﺳﺭﺩﻣ ﻭﮑﺑﺍ,ﻲؕﺎﻳיﻭﺧ,ﺭﺎﻫﺭﮕﻧﻧ,0608279
3,1,2,ﯽﻧﺎךﻧﺳ,ﺏﺗﮑﻣ ﻪﻳﺋﺍﺩﺗﺑﺍ ﯽﻧﺎךﻧﺳ,ﻲؕﺎﻳיﻭﺧ,ﺭﺎﻫﺭﮕﻧﻧ,0608281
2,2,0,ﺭﺎﻬﺑ ﺭﺑ,ﺏﺗﮑﻣ ﻪﺳﻳﻟ ﺭﺎﻬﺑ ﺭﺑ,ﻲؕﺎﻳיﻭﺧ,ﺭﺎﻫﺭﮕﻧﻧ,0608285
2,0,2,ﺭﺎﻬﺑ ﺭﺑ,ﻥﺍﺩﻳﻣ ﺭﺎﻬﺑﺭﺑ,ﻲؕﺎﻳיﻭﺧ,ﺭﺎﻫﺭﮕﻧﻧ,0608286
3,1,2,ﺭﺎﻬﺑﺯﻭﮐ,ﻪﺳﻳﻟ ﺭﺎﻬﺑﺯﻭﮐ,ﻲؕﺎﻳיﻭﺧ,ﺭﺎﻫﺭﮕﻧﻧ,0608287
3,1,2,ﻪﻠﻣﻳﻣ,ﻪﺳﻳﻟ ﯽﻟﺎﻋ ﻥﺎﺧ ﺭﺩﻳﺣ ﻡﻼﻏ,ﻲؕﺎﻳיﻭﺧ,ﺭﺎﻫﺭﮕﻧﻧ,0608295
3,1,2,ﺏﺎﮑﻳﺭﺎﺑ,ﺏﺗﮑﻣ ﺏﺎﮑﻳﺭﺎﺑ,ټﻭﮐ ﻲ ﺑ,ﺭﺎﻫﺭﮕﻧﻧ,0609438
3,1,2,ﻲؕﺍﻭﺷﻳﻣ,ﮏﻳﻧﻳﻠﮐ ﯥؕﺍﻭﺷﻣ,ټﻭﮐ ﻲ ﺑ,ﺭﺎﻫﺭﮕﻧﻧ,0609439
3,1,2,ﻪﻧﺎﺧ ﺭﺎﺑﻧﺍ,ﮏﻳﻧﻳﻠﮐ ﻪﻧﺎﺧ ﺭﺎﺑﻧﺍ,ټﻭﮐ ﻲ ﺑ,ﺭﺎﻫﺭﮕﻧﻧ,0609445
3,1,2,ﻪﻳﮑﺗ,ﺏﺗﮑﻣ ﻪﻳﮑﺗ,ټﻭﮐ ﻲ ﺑ,ﺭﺎﻫﺭﮕﻧﻧ,0609446
2,2,0,ﺩﺎﺑﺁ ﻱﺯﺎﻏ,ﻥﺍﺩﻳﻣ ﺕﺎﻣﻭﺟ ﺕﺭﺎﻳﺯ,ټﻭﮐ ﻲ ﺑ,ﺭﺎﻫﺭﮕﻧﻧ,0609451
3,1,2,ﺭﻭﭘ ﻪﭼﻻ,ﻪﺳﻳﻟ ﻭﻧﺎﮑﻠﻫ,ټﻭﮐ ﻲ ﺑ,ﺭﺎﻫﺭﮕﻧﻧ,0609456
3,1,2,ﻪﻟﻭﭘﺷ, ﻪﺳﻳﻟ ﻭﻧﺎﮑﻠﻫ ﻪﻟﻭﭘﺷ,ﻻﺎﺑ ﻩﺩ,ﺭﺎﻫﺭﮕﻧﻧ,0610330
2,1,1,ﺩﻧﺑﻳﻏﺎﻳ,ﺏﺗﮑﻣ ﻪﻳﺋﺍﺩﺗﺑﺍ ﺩﻧﺑﻳﻏﺎﻳ,ﻻﺎﺑ ﻩﺩ,ﺭﺎﻫﺭﮕﻧﻧ,0610331
3,0,3,ﺭﻳﭼﭘ ﺱﺎﭘ,ﮏﻳﻧﻳﻠﮐ ﺭﻳﭼﭘ,ﻡﺎיﺍ ﻭ ﺭﻳﭼﭘ,ﺭﺎﻫﺭﮕﻧﻧ,0611315
2,2,0,ﯽﻠﮐ سﺟﺭﻭﻏﻻ, ﻝﻳﺧ ﻩﺎﺷﺭﻭﭘ ﺭﻭﮐﺫ ﻪﺳﻳﻟ,ټﻭﮐ,ﺭﺎﻫﺭﮕﻧﻧ,0613338
3,1,2,ﯽﻠﮐ ﯽﺟﺭﻭﻏﻻ,ﻝﻳﺧ ﻩﺎﺷﺭﻭﭘ ﺙﺎﻧﺍ ﻪﺳﻳﻟ,ټﻭﮐ,ﺭﺎﻫﺭﮕﻧﻧ,0613339
3,1,2,ﻝﻳﺧﺩﻣﺣﺍ ﺩﻳﺳ,ﻝﻳﺧﺩﻣﺣﺍ ﺩﻳﺳ ﺏﺗﮑﻣ ﻪﻁﺳﻭﺗﻣ,ټﻭﮐ,ﺭﺎﻫﺭﮕﻧﻧ,0613343
3,0,3,ﯥﻠﮐ ﻲﻧﺍﻭﺩ, ﺕﺎﻣﻭﺟ ﻱﻭﻟ ﯥﻠﮐ ﻲﻧﺍﻭﺩ,ټﻭﮐ,ﺭﺎﻫﺭﮕﻧﻧ,0613344
2,2,0,ﯥﻠﮐ ﻲﻧﺍﻭﺩ,ﻥﺍﺩﻳﻣ ﯥﻠﮐ ﻲﻧﺍﻭﺩ,ټﻭﮐ,ﺭﺎﻫﺭﮕﻧﻧ,0613345
3,1,2,ﯽﻠﮐ ﯽךﻧﺗ,ﺏﺗﮑﻣ,ټﻭﮐ,ﺭﺎﻫﺭﮕﻧﻧ,0613517
2,2,0,ﻝﻳﺧﺎיﻭﺧ,ﺭﻭﮐ ﻲﻧﻏ ﻡﻠﻌﻣ ﺭﺍﻭﺟ,ﻪﺗﺷﻭי,ﺭﺎﻫﺭﮕﻧﻧ,0614497
3,1,2,ﯽﻠﮐ ﻕﻭﺩﻧﺻ,ﻩﺭﺟﺣ ﺩﻣﺣﻣ ﻝﮔ ﮏﻠﻣ,ﻥﻳﭼﺍ,ﺭﺎﻫﺭﮕﻧﻧ,0615519
3,3,0, ٢٧ ﻪﻟﺎﻳﻭ,ﺕﺎﻣﻭﺟ ﻥﺎﺧ ﺕﺎﻳﺣ,ﺭﺍﻭﻧﻳﺷ,ﺭﺎﻫﺭﮕﻧﻧ,0616422
3,3,0,ﻲﻠﻳﺗﮐ,ﺕﺎﻣﻭﺟ ﻥﻻﺎךﻧﮐ,ﺭﺍﻭﻧﻳﺷ,ﺭﺎﻫﺭﮕﻧﻧ,0616425
2,2,0,ﺏﻭﭼﺎﻳﺳ,ﺕﺎﻣﻭﺟ ﺩﻣﺣﻣ ﷲ,ﺭﺍﻭﻧﻳﺷ,ﺭﺎﻫﺭﮕﻧﻧ,0616431
3,0,3,ﺏﻭﭼﺎﻳﺳ,ﺕﺎﻣﻭﺟ ﺏﻭﭼﺎﻳﺳ,ﺭﺍﻭﻧﻳﺷ,ﺭﺎﻫﺭﮕﻧﻧ,0616432
3,2,1,ﻪﮐډ ﻪﻣﮐ,ﻪﮐډ ﻪﻣﮐ ﺕﺎﻣﻭﺟ,ﻩﺭﺩ ﺩﻧﻣﻬﻣ,ﺭﺎﻫﺭﮕﻧﻧ,0617465
2,0,2,سיﺯﻏ,ﺕﺎﻣﻭﺟ ﯥיﺯﻏ,ﻩﺭﺩ ﺩﻧﻣﻬﻣ,ﺭﺎﻫﺭﮕﻧﻧ,0617475
2,0,2,ﻝﻭﻭﺳﺎﺑ ﻱﺩﻧﻻ,ﻝﻭﻭﺳﺎﺑ ﻱﺩﻧﻻ ﻪﺳﻳﻟ ﺭﻭﮐﺫ,ﻩﺭﺩ ﺩﻧﻣﻬﻣ,ﺭﺎﻫﺭﮕﻧﻧ,0617479
2,2,0,ﻝﻭﻭﺳﺎﺑ ﻱﺩﻧﻻ,ﻪﺳﻳﻟ ﺙﺎﻧﺍ ﻝﻭﺳﺎﺑ,ﻩﺭﺩ ﺩﻧﻣﻬﻣ,ﺭﺎﻫﺭﮕﻧﻧ,0617480
2,1,1,ﻲﻠﮐ ﻪﻠﻳﺑ,ﻪﺳﻳﻟ ﯽﻠﻳﺑ,ﻩﺭﺩ ﺩﻧﻣﻬﻣ,ﺭﺎﻫﺭﮕﻧﻧ,0617481
2,1,1,سיﺎﺳ,ﺕﺎﻣﻭﺟ ﻥﻳﭘﺳ ﯽיﺎﺳ,ﻩﺭﺩ ﺩﻧﻣﻬﻣ,ﺭﺎﻫﺭﮕﻧﻧ,0617482
5,2,3,ﻲﻠﮐﺭﻭﻧﮑﭼ, ﻪﺳﻳﻟ ﺭﻭﻧﮑﭼ,ﺭﻭﭘ ﻝﻌﻟ,ﺭﺎﻫﺭﮕﻧﻧ,0618505
3,1,2,ﻝﻳﺧ ﻥﺎﻣﻘﻟ,ﻪﺳﻳﻟ ﻭﺗ ﻭﺗ,ﺩﺍﺯﺭﻳﺷ,ﺭﺎﻫﺭﮕﻧﻧ,0619238
3,3,0,ﻲﻠﮐ ﻝﭼﺭﻭﻣ,  ﻥﺍﺩﻳﻣ ﻲﻠﮐ ﻝﭼﺭﻭﻣ,ﻥﺎﻳﺯﺎﻧ,ﺭﺎﻫﺭﮕﻧﻧ,0620404
2,2,0,ﺩﺟﺳﻣ یﺩﻣﺣﻣ,ﺕﺎﻣﻭﺟ ﻱﺩﻣﺣﻣ,کﺭﺎﺻﺣ,ﺭﺎﻫﺭﮕﻧﻧ,0621254
2,2,0,ﻝﻳﺧ ﻑﻳﺭﻅ,ﺏﺗﮑﻣ ﻝﻳﺧ ﻑﻳﺭﻅ,کﺭﺎﺻﺣ,ﺭﺎﻫﺭﮕﻧﻧ,0621255
3,3,0,ﯽﻠﮐ ﻪﻧﻳﺯﺭﻓ,ﻥﺍﺩﻳﻣ ﻲﻟﺎﺧ,کﺭﺎﺻﺣ,ﺭﺎﻫﺭﮕﻧﻧ,0621265
2,1,1,ﻡﺍﺭﻼי,ﯽըﻧﻭﻭ֢ ﻡﺍﺭﻼי ﺩ,ﻡﻻﺭﺗﻬﻣ,ﻥﺎﻣﻐﻟ,0701012
2,1,1, ﯽﻠﮐ ﺞﻧﺭﮐ ﺩ,ﺕﺎﻣﻭﺟ ﻲﻠﮐﺩ ﺞﻧﺭﮐ ﺩ,ﻡﻻﺭﺗﻬﻣ,ﻥﺎﻣﻐﻟ,0701021
2,1,1,ﯽﻠﮐ ﺞﻧﺭﮐ,ﺕﺎﻣﻭﺟ ﻭﻧﺎﻳﭼﻭﮐﺩ ﺞﻧﺭﮐﺩ,ﻡﻻﺭﺗﻬﻣ,ﻥﺎﻣﻐﻟ,0701029
3,1,2,ﺭﻭﭼﮐ, ﯽըﻧﻭﻭ֢ ﺭﻭﭼﮐ ﺩ,ﺭﺎךﻧﻳﻠﻋ,ﻥﺎﻣﻐﻟ,0704058
5,2,3,یﺯﺎﻳﻧ ﯽﻳﺎﻧﻣﻳﻧ,ﺕﺎﻣﻭﺟ ﻲﻠﮐﺩ ﻲﺋﺎﻧﻣﻳﻧﺩ,ﺭﺎךﻧﻳﻠﻋ,ﻥﺎﻣﻐﻟ,0704067
4,2,2,ﯽﻠﮐ ﻭﻧﺎﺧﻳﺷ, ﻪﺳﭔﻟ ﻭﻧﺎﺧﭔﺷ ﺩ,ﺭﺎךﻧﻳﻠﻋ,ﻥﺎﻣﻐﻟ,0704068
3,1,2,ﺭךﻳﺟﻻﺍ,ﻱﺭﺍﻭﭔﺩﺭﺎﭼ ﯥﮐ ﻲﻠﮐ ﻪﭘﺭךﻳﺟﻻﺍﺩ,ﺭﺎךﻧﻳﻠﻋ,ﻥﺎﻣﻐﻟ,0704069
2,1,1,ﻭךﻧﻣ,ﻪﻣﭔﺧﻭﺍ ﯽըﻧﻭﻭ֢ ﻭךﻧﻣﺩ,ﺭﺎךﻧﻳﻠﻋ,ﻥﺎﻣﻐﻟ,0704080
2,1,1,ﯽﻠ ﻭﮐ,ﮥﺳﺭﺩﻣ ﻲﻣﻼﺳﺍ ﻲﻠ ﻭﮐﺩ,ﺭﺎךﻧﻳﻠﻋ,ﻥﺎﻣﻐﻟ,0704081
3,1,2,ﺭﺎﮕﻧﻳﻠﺳ,ﺏﺗﮑﻣ ,ﺭﺎךﻧﻳﻠﻋ,ﻥﺎﻣﻐﻟ,0704133
2,0,2,ﻝﻳﮐ, ﺕﺎﻣﻭﺟ ﻝﭔﮐ ﺩ,ﻩﺎﺷ ﺕﻟﻭﺩ,ﻥﺎﻣﻐﻟ,0705110
2,1,1,ﻥﺎﺧ ﻝﻳﻧ, ﺕﺎﻣﻭﺟ ﻥﺎﺧ ﻝﻳﻧ ﺩ,ﻩﺎﺷ ﺕﻟﻭﺩ,ﻥﺎﻣﻐﻟ,0705111
2,1,1,کﻭډﻧﻣי, ﺕﺎﻣﻭﺟ کﻭډﻧﻣי ﺩ,ﻩﺎﺷ ﺕﻟﻭﺩ,ﻥﺎﻣﻐﻟ,0705112
3,2,1,کﺍﺭﺎﮐ, ﺕﺎﻣﻭﺟ کﺍﺭﺎﮐ ﺩ,ﻩﺎﺷ ﺕﻟﻭﺩ,ﻥﺎﻣﻐﻟ,0705113
3,1,2,ﮏﺗﻳﭘ, ﺕﺎﻣﻭﺟ ﮏﺗﻳﭘ ﺩ,ﻩﺎﺷ ﺕﻟﻭﺩ,ﻥﺎﻣﻐﻟ,0705114
2,1,1,ﻩﺎﺷ ﺕﻟﻭﺩ ﻪﻣﻳﺳ ﺱﻳﻭ, ﺕﺎﻣﻭﺟ ﯽﻠﮐ ﺩ ﺍﻭﻳﺎﻧﺍړﻭﻣ ﺩ,ﻩﺎﺷ ﺕﻟﻭﺩ,ﻥﺎﻣﻐﻟ,0705121
2,1,1, ﻩﺩ ﻻﺎﺑ, ﺕﺎﻣﻭﺟ ﻲﻠﮐ ﺩ ﻩﺩ ﻻﺎﺑ ﺩ,ﻩﺎﺷ ﺕﻟﻭﺩ,ﻥﺎﻣﻐﻟ,0705122
3,1,2,ﺭﺍﺩﺷﺎﭼ,ﺏﺗﮑﻣ ﺭﺍﺩﺷﺎﭼ,ﻩﺎﺷ ﺕﻟﻭﺩ,ﻥﺎﻣﻐﻟ,0705124
3,1,2,ﺭﻳﺩﻗ ﻼﻣ ﻪﻳﺭﻗ,ﺭﻭﺷ ﻡﻳﻅﻋ,ﺩﻳﺩﺟ ﻥﻼﻐﺑ,ﻥﻼﻐﺑ,0905072
2,1,1,ﺏﺂﻘﺷﺭ ﻪﻧﻫﺩ,ﻪﻳﺯﺎﻧ ﺭﻳﻣﺍ ﺩﺟﺳﻣ,ﮏﻓﺭﺑ ﻭ ﻪﻟﺎﺗ,ﻥﻼﻐﺑ,0911171
2,1,1,ﮏﻧﺎﻐﺗ,ﮏﻧﺎﻐﺗ ﻊﻣﺎﺟ ﺩﺟﺳﻣ,ﺭﺎﺻﺣ ﻝﭘ,ﻥﻼﻐﺑ,0912177
2,1,1,ﻭﺷﻳﺭﺩ,ﻭﺷﻳﺭﺩ ﺩﺟﺳﻣ,ﺭﺎﺻﺣ ﻝﭘ,ﻥﻼﻐﺑ,0912178
3,3,0, ﺭﻭﮕﻧﻣ ﻪﻳﺭﻗ,ﺭﻭﮕﻧﻣ ﯽﺿﺎﻗ ﺩﻳﺳ ﻪﺳﻳﻟ,ﯽﻧﺯﻏ,ﻰﻧﺯﻏ,1101050
2,0,2, ﺕﺎﮐﺭﺑ ﻪﻳﺭﻗ,ﺕﺎﮐﺭﺑ ﺩﺟﺳﻣ,یﺭﻣﻋ ﻪﺟﺍﻭﺧ,ﻰﻧﺯﻏ,1103083
2,2,0, ﺕﺎﮐﺭﺑ ﻪﻳﺭﻗ,ﺕﺎﮐﺭﺑ ﯽﻔﺗﺳﻣ ﯽﺟﺎﺣ ﯽﻧﻳﺩ ﻡﻭﻠﻋ ﻪﺳﺭﺩﻣ,یﺭﻣﻋ ﻪﺟﺍﻭﺧ,ﻰﻧﺯﻏ,1103084
3,1,2,  ﻝﻳﺧ ﻥﺳﺣ ﻪﻳﺭﻗ,ﻝﻳﺧ ﻥﺳﺣ ﻪﻳﺭﻗ ﺩﺟﺳﻣ,ﻅﻏﺍﻭ,ﻰﻧﺯﻏ,1104125
4,3,1,ﻕﺎﻳﻗ ﻪﻌﻠﻗ ﻪﺳ,ﻕﺎﻳﻗ ﻪﺳﻳﻟ,ﻭﺗﻐﺟ,ﻰﻧﺯﻏ,1106114
3,2,1, یﺭﺑי ﻪﻳﺭﻗ یﻭﻠﻬﭘ ﻪﻌﻠﻗ ﺭﻳﺷ ﻪﻳﺭﻗ, ﻪﻌﻠﻗ ﺭﻳﺷ ﻪﻳﺭﻗ ﺩﺟﺳﻣ,ﺭﺩﻧﺍ,ﻰﻧﺯﻏ,1107251
2,2,0, ﻝﻳﺧ چﻭﻠﺑ ﻪﻳﺭﻗ,ﻝﻳﺧ چﻭﻠﺑ ﺩﺟﺳﻣ,ﻍﺎﺑ ﻩﺭﻗ,ﻰﻧﺯﻏ,1111137
4,0,4,ټﻭﮐ ﺭﮑﺳﻋ ﺭﺍﺯﺎﺑ,ﺕﻭﮐ ﺭﮑﺳﻋ ﮏﻳﻧﻳﻠﮐ,ﻍﺎﺑ ﻩﺭﻗ,ﻰﻧﺯﻏ,1111146
3,3,0,ټﻭﮐ ﺭﮑﺳﻋ ﺭﺍﺯﺎﺑ,ټﻭﮐ ﺭﮑﺳﻋ ﺯﺍﺯﺎﺑ ﺩﺟﺳﻣ,ﻍﺎﺑ ﻩﺭﻗ,ﻰﻧﺯﻏ,1111147
2,2,0,ﻪﺟﻳﮐ ﻡﺍﺩﺎﺑ ,ﻥﺎﺧ ﷲﺩﺑﻋ ﯽﻠﻳﻭﺣ یﻭﻠﻬﭘ,ﺩﻧﺑ ﺏﺁ,ﻰﻧﺯﻏ,1113374
2,1,1,ﺭﺍﺯﺎﺑ ﻪﻧﺭﺷ,ﻪﺗ ﺎﺷ ﻥﻭﺗﺳﻣﻠﻳﻣ ﻝﺍﻭﺭﻏ,ﻥﺭﺷ,ﺎﮑﻳﺗﮑﭘ,1201282
2,2,0,ﯽﻠﮐ ﻝﮔ ﺍﺭﻳﻣ,טﻧոﺭﺗ ﻥﻭﺗﺳﻣﻠﻳﻣ ﻥﻳﻭﻣ ﮏﻠﻣ,ﻥﻭﮔﺭﻭﺍ,ﺎﮑﻳﺗﮑﭘ,1211166
2,0,2,ﯽﻠﮐ ﻥﻭﺭﺑﻣﺍ,ﻪﺳﺭﺩﻣ ﺍﻭﺧﺎﻧﻳﭼ,ﻥﻭﮔﺭﻭﺍ,ﺎﮑﻳﺗﮑﭘ,1211167
2,0,2,ﯽﻠﮐ ﺕﻭﮐ ﯽﺑﻳﺑ,ﺕﺎﻣﻭﺟ ﺕﻭﮐ ﯽﺑ ﯽﺑ,ﻥﻭﮔﺭﻭﺍ,ﺎﮑﻳﺗﮑﭘ,1211177
2,2,0,ﯽﻠﮐ ﺕﻭﮐ ﯽﺑﻳﺑ,טﻧոﺭﺗ ﻥﻭﺗﺳﻣﻠﻳﻣ ﺭﻳﻅﻧ,ﻥﻭﮔﺭﻭﺍ,ﺎﮑﻳﺗﮑﭘ,1211178
3,0,3,ﯽﻠﮐ ﯽﺗﻭﮐﺭﻳﭙ,ﯽﺗﻭﮐﺭﻳﭘ,ﻥﻭﮔﺭﻭﺍ,ﺎﮑﻳﺗﮑﭘ,1211183
2,2,0,ﯽﻠﮐ ﯽﺗﻭﮐﺭﻳﭙ,טﻧոﺭﺗ ﻥﻭﺗﺳﻣﻠﻳﻣ ﻑﻳﺭﻅ,ﻥﻭﮔﺭﻭﺍ,ﺎﮑﻳﺗﮑﭘ,1211184
4,0,4,ﯽﺗﺎי,ﯽﺗﺎי ﺩﻣﺣﺍ ﻥﺎﮐﻭﺩ یﻭﻠﻬﭘ,ﻝﻣﺭﺑ,ﺎﮑﻳﺗﮑﭘ,1214263
2,2,0,ګﺍﺩﺭﻳﺳ,ﻪﺗﺎﺷ ﻥﻭﺗﺳﻣﻠﻳﻣ ﷲﻭﺭﻳﻔﺧﻣ,ﻝﻣﺭﺑ,ﺎﮑﻳﺗﮑﭘ,1214264
4,2,2,ﯽﻠﮐ ﯽﺗﺍ,یﺯﺩﻣﺣﺍ ﺭډﺎﺑ ﺩﺟﺳﻣ,ﻝﻣﺭﺑ,ﺎﮑﻳﺗﮑﭘ,1214265
4,2,2,ﻪﺳﺭﺩﻣ یﺯ ﺩﻣﺣﺍ,یﺯﺩﻣﺣﺍ ﺭډﺎﺑ ﺩﺟﺳﻣ,ﻝﻣﺭﺑ,ﺎﮑﻳﺗﮑﭘ,1214266
2,0,2,ﻝﻳﺧ ﺕﺑﻳﻫ,ﻪﺳﺭﺩﻣ ﻩﻻﺎﺑ ﻡﻭﮔﺎﺷ ﺩ,ﺕﻣﺭﺯ,ﺎﻳﺗﮑﭘ,1303081
2,2,0,ﻝﻳﺧ ﺕﺑﻳﻫ,ﻝﻳﺧ ﺕﺑﻳﻫ ﺩﺟﺳﻣ,ﺕﻣﺭﺯ,ﺎﻳﺗﮑﭘ,1303082
2,0,2, کﺎﻬﺳ یﺍﺯ ﻝﻭﻣﺷ,ﻪﺳﺭﺩﻣ یﺍﺯ ﻝﻭﻣﺷ,ﺕﻣﺭﺯ,ﺎﻳﺗﮑﭘ,1303083
2,2,0,کﺎﻬﺳ,کﺎﻬﺳ ﮏﻳﻧﻳﻠﮐ,ﺕﻣﺭﺯ,ﺎﻳﺗﮑﭘ,1303084
2,0,2,کﺎﻬﺳ, ﻪﺳﻳﻟ کﺎﻬﺳ,ﺕﻣﺭﺯ,ﺎﻳﺗﮑﭘ,1303085
2,2,0,کﺎﻬﺳ,ﺩﺟﺳﻣ ﻝﮔ ﺎﺗﺍ ﺩ,ﺕﻣﺭﺯ,ﺎﻳﺗﮑﭘ,1303086
3,1,2,ﻝﻳﺧ ﯽﺗﻭﮐ,ﺏﺗﮑﻣ ﻝﻳﺧ ﯽﺗﻭﮐ,ﺕﻣﺭﺯ,ﺎﻳﺗﮑﭘ,1303090
2,1,1,یﺍﺯ ﺕﻟﻭﺩ ﻩﻭﺎﮑﻣ ,ﻪﺳﻳﻟ ﻭﻳﻭﺯ ﺕﻟﻭﺩ ﺩ,ﺕﻣﺭﺯ,ﺎﻳﺗﮑﭘ,1303091
2,1,1,ﺕﻭﮐ ﯽﻫﺎﺷ ﻪﻣﺭﺍ,ﺏﺗﮑﻣ ﺕﻭﮐ ﯽﻫﺎﺷ,ﺕﻣﺭﺯ,ﺎﻳﺗﮑﭘ,1303101
2,1,1,ﻪﻣﺭﺍ,ﻪﻣﺭﺍ ﺯﮐﺭﻣ ﯽﻟﺍﻭﺳﻟﻭ,ﺕﻣﺭﺯ,ﺎﻳﺗﮑﭘ,1303102
2,0,2, ﻝﮕﻧﻣ ﻡډ ,ﻪﺳﺭﺩﻣ ﻝﮕﻧﻣ ﻡډ,ﻡﺭﮐ ﺩﻳﺳ,ﺎﻳﺗﮑﭘ,1306036
2,2,0, ﻝﮕﻧﻣ ﻡډ ,ﻩﺭﺟﻫ ﺩﻣﺣﻣ ﮏﻳﻧ ﺩ,ﻡﺭﮐ ﺩﻳﺳ,ﺎﻳﺗﮑﭘ,1306037
3,1,2, ﻪﻧﻭﻼﻗ,ﻪﻳﺭﻗ ﺩﺟﺳﻣ,טﻧﺭﻧ, ړﻧﮐ,1504036
4,2,2,یﺭﻳﺍﺩ,ﻪﻳﺋﺍﺩﺗﺑﺍ ﺏﺗﮑﻣ,ﻡﺎךﻧﺍﺩ, ړﻧﮐ,1512052
4,1,3,ﻝﭼﺭﻭﻣ,ﻪﻳﺋﺍﺩﺗﺑﺍ ﺏﺗﮑﻣ,ﻩﺭﺩ ﻪﭘﭼ, ړﻧﮐ,1513082
2,1,1,ﻝﻐﻣ ﯽﻠﻋ,ﻝﻐﻣ ﯽﻠﻋ ﺏﺗﮑﻣ,کﺭﺎﻬﺑ,ﻥﺎﺷﺧﺩﺑ,1706112
3,1,2,ﻥﺎﻣﻳﺭ,ﻥﺎﻣﻳﺭ ﺏﺗﮑﻣ,ﻥﺍﻭﺎﻳ,ﻥﺎﺷﺧﺩﺑ,1709297
2,1,1,ﻭﺭﻳﻣ ﺎﻏﺭﻓ, ﻭﺭﻳﻣ ﺎﻏﺭﻓ ﻪﺳﻳﻟ,ﻡﺭﺟ,ﻥﺎﺷﺧﺩﺑ,1710080
3,1,2, ﺞﻧﻣﺎﻏﺭﻓ, ﺞﻧﻣﺎﻏﺭﻓ ﻪﺳﻳﻟ,ﻡﺭﺟ,ﻥﺎﺷﺧﺩﺑ,1710081
2,1,1,ﻥﺎﮑﺳﺍ, ﻥﺎﮑﺳﺍ ﺏﺗﮑﻣ,ﻡﺭﺟ,ﻥﺎﺷﺧﺩﺑ,1710083
2,1,1,ﯽﺑﺁ ﻭﺩ, ﯽﺑﺁ ﻭﺩ ﺩﺟﺳﻣ,ﺏﺎﮕﺗ,ﻥﺎﺷﺧﺩﺑ,1717173
2,1,1,ﻥﺍﺭﮕﻧﻫ, ﻥﺍﺭﮕﻧﻫ ﺩﺟﺳﻣ,ﺏﺎﮕﺗ,ﻥﺎﺷﺧﺩﺑ,1717175
2,1,1,ﮏﺑﺎﻳﺳﺁ, ﮏﺑﺎﻳﺳﺁ ﺏﺗﮑﻣ,ﺏﺎﮕﺗ,ﻥﺎﺷﺧﺩﺑ,1717176
3,1,2,ﻥﺎﺗﺳﺯﻐﻣ ﺭﺎﻬﭼ, ﻥﺎﺗﺳﺯﻐﻣ ﺭﺎﻬﭼ ﺏﺗﮑﻣ,ﻥﺎﮕﻣﻳ,ﻥﺎﺷﺧﺩﺑ,1718253
3,1,2, یﺭﻭﺎﻧﺳ, ﻡﺎﻧﺷﺍ ﺏﺁ ﺏﺗﮑﻣ,ﻥﺎﮕﻣﻳ,ﻥﺎﺷﺧﺩﺑ,1718260
3,1,2,ﻍﺭﻭﺁ,ﻍﻭﺁ ﻥﺍﻭﺳﻧ ﻪﻁﺳﻭﺗﻣ,ﻥﺎﮕﻣﻳ,ﻥﺎﺷﺧﺩﺑ,1718313
4,1,3,ﻥﻼﮐ ﻡﻧﮐ,ﻥﻼﮐ ﻡﻧﮐ ﻪﻳﺋﺍﺩﺗﺑﺍ ﺏﺗﮑﻣ,ﺯﺩﻧﮐ,ﺯﺩﻧﮐ,1901037
3,1,2,ﻥﻼﻘﺳﻋ,ﺩﻳﻬﺷ ﻪﻟﺍﺩﺑﻋ ﻪﻁﺳﻭﺗﻣ ﺏﺗﮑﻣ,ﺯﺩﻧﮐ,ﺯﺩﻧﮐ,1901051
3,1,2,ﺩﺭﻭﺧ ﻡﻧﮐ,ﺕﺍﺩﺎﺳ ﻡﻧﮐ ﻪﺳﻳﻟ,ﺯﺩﻧﮐ,ﺯﺩﻧﮐ,1901196
2,1,1,ﻝﻳﺧﺎﻣﺎﻣ,ﻝﻳﺧﺎﻣﺎﻣ ﺏﺗﮑﻣ,ﻩﺭﺩﺭﺎﭼ,ﺯﺩﻧﮐ,1902121
2,1,1,ﻥﺍﺭﺩﺿ,ﻥﺍﺭﺩﺿ ﺩﺍﺯﺁ ﻪﺣﺎﺳ,ﻩﺭﺩﺭﺎﭼ,ﺯﺩﻧﮐ,1902124
6,2,4,ﺩﺎﺑﺁﻭﻧ,ﺩﺎﺑﺁﻭﻧ ﺏﺗﮑﻣ,ﻩﺭﺩﺭﺎﭼ,ﺯﺩﻧﮐ,1902127
2,1,1,ﺭﻣﮐ ﺩﺭﺯ,ﺭﻣﮐ ﺩﺭﺯ ﺏﺗﮑﻣ,ﺩﺎﺑﺁ ﻥﺎﺧ,ﺯﺩﻧﮐ,1904157
3,1,2,یﺩﺑﺎﻋ ﻪﻳﺭﻗ,یﺩﺑﺎﻋ ﺩﺟﺳﻣ,ﯽﭼﺭﺍ ﺕﺷﺩ,ﺯﺩﻧﮐ,1906186
2,1,1,ﺭﻭﻔﻏ ﯽﺟﺎﺣ ﻪﻳﺭﻗ,ﺩﺣﺍﻭﻟﺍﺩﺑﻋ ﺩﻳﻬﺷ ﺏﺗﮑﻣ,ﯽﭼﺭﺍ ﺕﺷﺩ,ﺯﺩﻧﮐ,1906191
2,1,1,ﻥﺎﻳﻭﺍﺩ ﻪﻳﺭﻗ,ﻩﺩﻧﻳﺎﭘ ﯽﺟﺎﺣ ﺩﺟﺳﻣ,ﯽﭼﺭﺍ ﺕﺷﺩ,ﺯﺩﻧﮐ,1906192
2,1,1,ﻥﺎﺧ ﺭﻳﺯﻭ ﻊﻣﺟ ﻪﻳﺭﻗ,ﻥﺎﺧ ﺭﻳﺯﻭ ﺏﺗﮑﻣ,ﯽﭼﺭﺍ ﺕﺷﺩ,ﺯﺩﻧﮐ,1906195
4,2,2,ﺭﺎﺻﺣ ﻪﻟﻭﮔ ﻪﻳﺭﻗ, ﺭﺎﺻﺣ ﻪﻟﻭﮔ ﻊﻣﺎﺟ ﺩﺟﺳﻣ,ﻥﻳﺋﺎﭘ ﻑﻭﺻ ﻩﺭﺩ,ﻥﺎﮕﻧﻣﺳ,2006092
2,1,1,ﻪﻳﺎﺑ ﻪﻳﺭﻗ,ﻪﻳﺎﺑ ﺏﺗﮑﻣ,یﺭﺍﺯ,ﺦﻠﺑ,2115315
2,1,1, ﺩﻳﻔﺳ ﻑﻠﻋ ﻪﻳﺭﻗ,ﺩﻳﻔﺳ ﻑﻠﻋ ﺩﺟﺳﻣ,ﻝﭘﺭﺳ,ﻝﭘﺭﺳ,2201030
3,1,2,ﮏﻣﻳﻧ,ﺩﺟﺳﻣ,ﺕﺎﻧﺎﺗﺳﻫﻭﮐ,ﻝﭘﺭﺳ,2203139
4,1,3, ﺩﺩﻣ ﻩﺎﺷ,ﺭﻭﻫﺩ ﷲ ﺏﻳﺑﺣ ﻝﺯﻧﻣ ﺭﺍﻭﺟ,ﻥﺍﺭﭼﻐﭼ,ﺭﻭﻏ,2301036
4,2,2,ﻥﺎﻣﺭﺗﺳﺍ,ﻥﺎﻣﺭﺗﺳﺍ ﺩﺟﺳﻣ,ﻥﺍﺭﭼﻐﭼ,ﺭﻭﻏ,2301040
5,2,3,کﺍﺩﻧﺟ ,کﺍﺩﻧﺟ ﺏﺗﮑﻣ,ﻥﺍﺭﭼﻐﭼ,ﺭﻭﻏ,2301039
5,2,3,ﮏﮔ ﺎﻳﺳ ﺭﺎﻏ ,ﻥﺳﺣ ﺭﻳﻣﻌﺗ,ﻥﺍﺭﭼﻐﭼ,ﺭﻭﻏ,2301045
3,1,2,ﯽﻳﺎﺗﻭﺩ ﻪﻧﻫﺩ,ﻥﺎﺷﻭﺍ ﺏﺗﮑﻣ, کﺭﻬﺷ,ﺭﻭﻏ,2306073
2,1,1,ﺭﻭﺑ ﻪﺟﺍﻭﺧ ,ﺭﻭﺑ ﻪﺟﺍﻭﺧ یﺍﺩﺗﺑﺍ ﺏﺗﮑﻣ, کﺭﻬﺷ,ﺭﻭﻏ,2306095
3,1,2,ﺎﻳﻠﻋ ﻥﺧﻳ ,ﺎﻳﻠﻋ ﻥﺧﻳ ﻪﺳﻳﻟ,ﻩﺭﻭﻳﺗ,ﺭﻭﻏ,2308219
3,1,2,ﺭﻭﺳ ,ﺭﻭﺳ ﺏﺗﮑﻣ,ﻩﺭﻭﻳﺗ,ﺭﻭﻏ,2308221
3,1,2,ﻭﮔ ﻝﻳﮐ ,ﻭﮔ ﻝﻳﮐ ﺏﺗﮑﻣ,ﻩﺭﻭﻳﺗ,ﺭﻭﻏ,2308222
2,1,1,ﺥﺭﺳ ﻝﻌﻟ,ﺥﺭﺳ ﻝﻌﻟ ﻪﻁﺳﻭﺗﻣ ﺏﺗﮑﻣ,ﻩﺭﻭﻳﺗ,ﺭﻭﻏ,2308230
3,1,2,ﻥﺎﮑﻳﺷﺑﺍ ,ﺭﻭﻔﻏ ﺏﺎﺑﺭﺍ ﻝﺯﻧﻣ ﺭﺍﻭﺟ, ﮏﻟﻭﺗ,ﺭﻭﻏ,2309185
4,1,3,ﻥﻼﺷﺍ ﺏﺎﮕﺗ ,ﻥﻼﺷﺍ ﺏﺎﮕﺗ ﻪﻁﺳﻭﺗﻣ ﺏﺗﮑﻣ, ﮏﻟﻭﺗ,ﺭﻭﻏ,2309186
3,1,2,ﯽﻳﺍﺩ ﻪﻳﺭﻗ,ﯽﻳﺍﺩ ﻪﻁﺳﻭﺗﻣ ﺏﺗﮑﻣ, ﮏﻟﻭﺗ,ﺭﻭﻏ,2309187
3,1,2,ﻩﺎﺗﻭﮐ ,ﻩﺎﺗﻭﮐ ﺩﺟﺳﻣ, ﮏﻟﻭﺗ,ﺭﻭﻏ,2309188
2,1,1,ﻩﺭﺎﭼ ﻭﻧ ,ﻩﺭﺎﭼ ﻭﻧ یﺍﺩﺗﺑﺍ ﺏﺗﮑﻣ, ﮏﻟﻭﺗ,ﺭﻭﻏ,2309191
2,1,1,ﻕﺍﺭﻟ ,ﻝﮔﺭﻳﻣ ﺏﺎﺑﺭﺍ ﻝﺯﻧﻣ ﮏﻳﺩﺯﻧ, ﮏﻟﻭﺗ,ﺭﻭﻏ,2309192
2,1,1,یﺭﻳﺑ ﺭﺍﺯﺎﺑ ﺯﮐﺭﻣ,یﺭﻳﺑ ﺭﺍﺯﺎﺑ ﺏﺗﮑﻣ,ﺏﺍﺯﻳﮔ,یﺩﻧﮑﻳﺍﺩ,2403106
2,1,1,ﺭﻳﮔﻭ,ﺭﻳﮔﻭ ﻥﺎﻣﺯ ﺏﺣﺎﺻ ﺩﺟﺳﻣ,ﺏﺍﺯﻳﮔ,یﺩﻧﮑﻳﺍﺩ,2403109
4,1,3,ﯽﻠﮐ ﻥﻳיﺭﻭי,ﻥﻼﮐ ﻪﻌﻠﻗ ﺏﺗﮑﻣ,ﺱﺎﺳﺣ ﺩﻳﻬﺷ,ﻥﺎﮔﺯﺭﺍ,2504035
4,1,3,ﺩﺟﺳﻣ ﺭﻔﻌﺟ, ﻥﺎﺧ ﷲﺩﺑﻋ ﯽﺟﺎﺣ یﺯﺭﻳﺷ ﺩﺟﺳﻣ,یﻭﺟ ﻩﺎﺷ,ﻝﺑﺍﺯ,2606015
3,1,2,ﯽﻠﮐ ﻪﻏﺍﺭﻭﺗ,ﻪﺳﺭﺩﻣ,ﺭﻐﺗﺍ,ﻝﺑﺍﺯ,2608073
2,1,1,ﻙﻟﻻ,טﻧոﺭﺗ ﺭﻭﻛ ﷲ ﺕﻣﺣﺭ ﺩ,ﺯﻳﺭ کﺎﺧ,ﺭﺎﻫﺩﻧﮐ,2707116
2,0,2,ﻡﻻ,یﺩږﻧ ﻪﺗ ﺭﻭﻛ ﻩﺎﺷ ﺩﻣﺣﻣ ﻙﻠﻣ ﺩ,ﺯﻳﺭ کﺎﺧ,ﺭﺎﻫﺩﻧﮐ,2707119
2,1,1, ﻪﺑﺗ ﺵﻭﻗ,ﻕﻭﺩﻗ ﻥﻣﮐﺭﺗ ﺏﺗﮑﻣ,ﻪﭘﻳﺗ ﺵﻭﻗ,ﻥﺎﺟﺯﻭﺟ,2805092
2,1,1, ﻪﺑﺗ ﺵﻭﻗ,ﯽﻠﻏﺍﺭﺗ ﺏﺗﮑﻣ,ﻪﭘﻳﺗ ﺵﻭﻗ,ﻥﺎﺟﺯﻭﺟ,2805094
3,1,2,ﻕﻭﺩﻗﺭﻭﺷ,ﺏﺗﮑﻣ,ﻪﭘﻳﺗ ﺵﻭﻗ,ﻥﺎﺟﺯﻭﺟ,2805124
2,0,2,ﯽﺳﻭﻣﺎﻧ ﻪﺟﺍﻭﺧ,ﯽﺳﻭﻣﺎﻧ ﻪﺟﺍﻭﺧﺭﻭﮐﺫ ﺏﺗﮑﻣ,ﺕﻭﮐ ﻥﻭﺗﺷﭘ,ﺏﺎﻳﺭﺎﻓ,2902018
3,3,0,ﯽﺳﻭﻣﺎﻧ ﻪﺟﺍﻭﺧ,ﯽﺳﻭﻣﺎﻧ ﻪﺟﺍﻭﺧ ﺙﺎﻧﺍ ﺏﺗﮑﻣ,ﺕﻭﮐ ﻥﻭﺗﺷﭘ,ﺏﺎﻳﺭﺎﻓ,2902023
2,1,1,ﺩﺍﺭﻣ ﻪﺟﺍﻭﺧ ﯽﻫﺭ,ﺩﺍﺭﻣ ﻪﺟﺍﻭﺧ ﯽﻫﺭ ﺩﺟﺳﻣ ,ﺕﻭﮐ ﻥﻭﺗﺷﭘ,ﺏﺎﻳﺭﺎﻓ,2902047
2,1,1,ﻻﺎﺑ ﺭﻭﺧ ﺍﻭﻠﺣ,ﻻﺎﺑ ﺭﻭﺧ ﺍﻭﻠﺣ ﺩﺟﺳﻣ ,ﺕﻭﮐ ﻥﻭﺗﺷﭘ,ﺏﺎﻳﺭﺎﻓ,2902048
2,1,1,ﻑﺎﺑ ﻡﻳﻠﮔ ﻩﺭﺩﻧﻫﺩ,ﻑﺎﺑ ﻡﻳﻠﮔ ﻩﺭﺩﻧﻫﺩ ﺩﺟﺳﻣ,ﺕﻭﮐ ﻥﻭﺗﺷﭘ,ﺏﺎﻳﺭﺎﻓ,2902200
2,1,1, ﯽﻠﻳﻭﻏ ﻩﺭﻗ ﻪﻳﺭﻗ, ﯽﻠﻳﻭﻏ ﻩﺭﻗ ﻊﻣﺎﺟ ﺩﺟﺳﻣ,ﺭﺎﻣﻟﺍ,ﺏﺎﻳﺭﺎﻓ,2904064
2,1,1,ﯽﺳﻏﺩﺎﺑ, ﯽﺳﻏﺩﺎﺑ ﻊﻣﺎﺟ ﺩﺟﺳﻣ,ﺭﺎﻣﻟﺍ,ﺏﺎﻳﺭﺎﻓ,2904068
3,1,2, یﺩﺎﺷ ﺭﻳﻣ, یﺩﺎﺷ ﺭﻳﻣ ﻪﻳﺋﺍﺩﺗﺑﺍ ﺏﺗﮑﻣ,ﺭﺎﻣﻟﺍ,ﺏﺎﻳﺭﺎﻓ,2904072
2,1,1,ﻝﻭﻘﻗﺭﻗ ﻪﻳﺭﻗ,ﻥﺎﺟﺭﻭﺗ ﺩﺟﺳﻣ ﻝﻭﻘﻗﺭﻗ,ﺭﺎﻣﻟﺍ,ﺏﺎﻳﺭﺎﻓ,2904078
4,2,2, ﻪﻌﻠﻗ ﻩﺭﺍﺯﻫ,یﺯﮕﻠﻬﭼ ﻪﻌﻠﻗ ﻩﺭﺍﺯﻫ ﺭﻭﮐﺫ ﻪﻳﺋﺍﺩﺗﺑﺍ ﺏﺗﮑﻣ, ﺭﺎﺻﻳﻗ,ﺏﺎﻳﺭﺎﻓ,2907081
2,1,1,یﺯﮔ ﻝﻬﭼ,ﻭﺗﺎﻣ ﺩﺟﺳﻣ, ﺭﺎﺻﻳﻗ,ﺏﺎﻳﺭﺎﻓ,2907085
4,2,2,ﺥﺎﺷ ﻪﻧﻬﮐ ﺭﺍﺯﺎﺑ,ﺥﺎﺷ ﻊﻣﺎﺟ ﺩﺟﺳﻣ, ﺭﺎﺻﻳﻗ,ﺏﺎﻳﺭﺎﻓ,2907086
2,1,1, ﻍﺎﺑ ﻪﮑﻳ,ﻍﺎﺑ ﻪﮑﻳ ﺏﺗﮑﻣ, ﺭﺎﺻﻳﻗ,ﺏﺎﻳﺭﺎﻓ,2907089
3,1,2,ﮏﻳﻟ ﺩﮕﻳﺟ ﻪﻳﺭﻗ,ﮏﻳﻟﺩﮕﻳﺟ ﻊﻣﺎﺟ ﺩﺟﺳﻣ, ﺭﺎﺻﻳﻗ,ﺏﺎﻳﺭﺎﻓ,2907091
2,1,1,یﺯﮕﻠﻬﭼ,ﺯﻳﺭﺎﮐ ﺩﺟﺳﻣ, ﺭﺎﺻﻳﻗ,ﺏﺎﻳﺭﺎﻓ,2907095
2,1,1, ﻪﻳﮑﺑﺯﺍ ﻪﺑﻧﺷ ﺭﺎﻬﭼ ﻪﻳﺭﻗ, ﻪﻳﮑﺑﺯﺍ ﻪﺑﻧﺷ ﺭﺎﻬﭼ ﺩﺟﺳﻣ, ﺭﺎﺻﻳﻗ,ﺏﺎﻳﺭﺎﻓ,2907096
2,1,1,ﺕﺧﺗ ﺭﺳ,ﺕﺧﺗ ﺭﺳ ﺩﺟﺳﻣ, ﺭﺎﺻﻳﻗ,ﺏﺎﻳﺭﺎﻓ,2907099
3,1,2,ﻩﺭﻭﻏ,ﻩﺭﻭﻏ ﺩﺟﺳﻣ, ﺭﺎﺻﻳﻗ,ﺏﺎﻳﺭﺎﻓ,2907107
3,1,2, ﺎﻫ یﺭﻭﺯ, ﺎﻫ یﺭﻭﺯ ﻪﻳﺋﺍﺩﺗﺑﺍ ﺕﮑﻣ, ﺭﺎﺻﻳﻗ,ﺏﺎﻳﺭﺎﻓ,2907110
4,1,3,یﺩﺭﻭﻠﭘ ﺕﺧﺗ,یﺩﺭﻭﻠﭘ ﺕﺧﺗ یﺍﺩﺗﺑﺍ ﺏﺗﮑﻣ,ﺩﺎﺑﺁ ﺕﻟﻭﺩ,ﺏﺎﻳﺭﺎﻓ,2909166
6,2,4,ﺎﺑﺎﺑ ﻪﺗﭘ ﻪﻳﺭﻗ,ﺎﺑﺎﺑ ﻪﺗﭘ,ﺩﺎﺑﺁ ﺕﻟﻭﺩ,ﺏﺎﻳﺭﺎﻓ,2909167
4,2,2,ﺭﭘﺷﺷ ﻪﻳﺭﻗ,ﺭﭘﺷﺷ,ﺩﺎﺑﺁ ﺕﻟﻭﺩ,ﺏﺎﻳﺭﺎﻓ,2909169
4,2,2,ﻥﺎﺗﺳﻫﻭﮐﺭﺩﻧﺑ,ﺭﺩﻧﺑ یﺍﺩﺗﺑﺍ ﺏﺗﮑﻣ,ﻥﺎﺗﺳﻫﻭﮐ,ﺏﺎﻳﺭﺎﻓ,2910112
2,1,1,ﻩﺭﺩﻧﻫﺩ,ﻩﺭﺩﻧﻫﺩ ﺏﺗﮑﻣ,ﻥﺎﺗﺳﻫﻭﮐ,ﺏﺎﻳﺭﺎﻓ,2910114
2,1,1,ﯽﻐﻠﻣ یﺍﺭﺣﺻ ﺕﺷﺩ,ﯽﻐﻠﻣ یﺍﺭﺣﺻ ﺕﺷﺩ ﺩﺟﺳﻣ,ﻥﺎﺗﺳﻫﻭﮐ,ﺏﺎﻳﺭﺎﻓ,2910116
4,2,2,ﻥﺯﺭﻭﮔ,ﻥﺯﺭﻭﮔ ﺩﺟﺳﻣ,ﻥﺎﺗﺳﻫﻭﮐ,ﺏﺎﻳﺭﺎﻓ,2910119
3,1,2, ﺯﻳﺭﺎﮐ ﺏﺗﮑﻣ, ﺯﻳﺭﺎﮐ ﺏﺗﮑﻣ,ﺱﺩﺎﻗ,ﺱﻳﻏﺩﺎﺑ,3104071
2,1,1, ﻻﺎﺑ ﺏﺍﺭﻭﺷ,ﻻﺎﺑ ﺏﺁﺭﻭﺷ ﻪﻳﺭﻗ ﺩﺟﺳﻣ,ﺱﺩﺎﻗ,ﺱﻳﻏﺩﺎﺑ,3104072
2,1,1,کﺩﺭﺯ ﯽﻟﻭﻗ,کﺩﺭﺯ ﯽﻟﻭﻗ,ﺱﺩﺎﻗ,ﺱﻳﻏﺩﺎﺑ,3104086
5,2,3,ﻥﻳﻳﺎﭘ ﻪﻠﺣﻣ ,ﻥﻳﻳﺎﭘ ﻪﻠﺣﻣ ﺏﺗﮑﻣ,ﺏﺎﻏﺭﻣ ﻻﺎﺑ,ﺱﻳﻏﺩﺎﺑ,3105168
2,1,1,کﻭﺍﺭﻳﻣ ﮏﻳ ,کﻭﺍﺭﻳﻣ ﮏﻳ ﺩﺟﺳﻣ,ﺩﻧﻭﺟ,ﺱﻳﻏﺩﺎﺑ,3106115
2,1,1,یﺎﺑ ﻝﻻ ﻪﺟﻭﮐ ﻪﻳﺭﻗ,ﺩﺍﺩﻻﻭﻣ ﺩﺟﺳﻣ,ﺩﻧﻭﺟ,ﺱﻳﻏﺩﺎﺑ,3106116
2,1,1,ﺩﻳﺑ ﻥﻣﭼ ,ﺩﻳﺑ ﻥﻣﭼ ﻪﻳﺭﻗ ﺩﺟﺳﻣ,ﺩﻧﻭﺟ,ﺱﻳﻏﺩﺎﺑ,3106119
2,1,1,ﯽﺳﻳﺧ ﻥﻫﺩ ﻪﻳﺭﻗ,ﯽﺳﻳﺧ ﻥﻫﺩ ﻪﻳﺭﻗ ﺩﺟﺳﻣ,ﺩﻧﻭﺟ,ﺱﻳﻏﺩﺎﺑ,3106120
2,1,1,ﮏﺑﻳﺳ ﻪﻳﺭﻗ,ﮏﺑﻳﺳ ﻪﻳﺭﻗ ﺩﺟﺳﻣ,ﺩﻧﻭﺟ,ﺱﻳﻏﺩﺎﺑ,3106121
3,2,1,ﻭﺗﻳﭘ ,ﻭﺗﻳﭘ ﻪﻳﺭﻗ ﺩﺟﺳﻣ,ﺩﻧﻭﺟ,ﺱﻳﻏﺩﺎﺑ,3106122
4,2,2,ﻝﺑﻠﺑ ﻩﺎﭼ ﻪﻳﺭﻗ,ﻝﺑﻠﺑ ﻩﺎﭼ یﺎﻫ ﯽﭼﻭﮐ ﺕﻳﻌﻗﻭﻣ,ﻩﺭﺫﮔ,ﺕﺍﺭﻫ,3203116
3,1,2,ﻩﺭﻬﭘ,ﻩﺭﻬﭘ ﺏﺗﮑﻣ, ﻥﺎﺟ ﻩﺩﻧﺯ,ﺕﺍﺭﻫ,3205269
2,1,1,ﻩﺩﭘ ﺯﻳﺭﺎﮐ ﻪﻳﺭﻗ,ﻩﺩﭘ ﺯﻳﺭﺎﮐ ﮏﻳﻧﻳﻠﮐ, ﻥﺎﺟ ﻩﺩﻧﺯ,ﺕﺍﺭﻫ,3205457
3,1,2,ﻩﺩﻳﻗﺭﺗ ﮓﻧﺳ,ﯽﮕﻧﻫﺭﻓ ﻊﻣﺗﺟﻣ, ﻥﺎﺟ ﻩﺩﻧﺯ,ﺕﺍﺭﻫ,3205477
5,2,3,ﯽﻧﺎﻳﮔﻭﺎﺧ ﻥﺍﺭﻠﮔ ,ﯽﻧﺎﻳﮔﻭﺎﺧ ﻥﺍﺭﻠﮔ ﮏﻳﻧﻳﻠﮐ, ﻥﺍﺭﻠﮔ,ﺕﺍﺭﻫ,3208198
3,1,2,ﺏﺍﺭﻬﻧ ,ﺏﺍﺭﻬﻧ ﺩﺟﺳﻣ, ﻥﺍﺭﻠﮔ,ﺕﺍﺭﻫ,3208199
3,1,2,کﺭﻣﮐ ﻩﺎﻳﺳ ,کﺭﻣﮐ ﻩﺎﻳﺳ ﻪﻳﺋﺍﺩﺗﺑﺍ ﺏﺗﮑﻣ, ﻥﺍﺭﻠﮔ,ﺕﺍﺭﻫ,3208202
3,1,2,ﯽﻧﺎﺳﻬﮐ ﻩﺎﭼ,ﯽﻧﺎﺳﻬﮐ ﻩﺎﭼ ﺩﺟﺳﻣ, ﻥﺍﺭﻠﮔ,ﺕﺍﺭﻫ,3208209
5,3,2,ﯽﭼﻳﺗﻭﺗ,ﯽﭼﻳﺗﻭﺗ ﯽﻳﺍﺩﺗﺑﺍ ﺏﺗﮑﻣ, ﻥﺍﺭﻠﮔ,ﺕﺍﺭﻫ,3208210
3,1,2,ﺕﺳﻣ ﺵﻳﻣ ,ﺕﺳﻣ ﺵﻳﻣ ﺏﺗﻛﻣ, ﻥﺍﺭﻠﮔ,ﺕﺍﺭﻫ,3208217
2,1,1,ﺏﺁ ﮓﻳﺭ ﻪﻳﺭﻗ ,ﺏﺁ ﮓﻳﺭ ﺩﺟﺳﻣ, ﻥﺍﺭﻠﮔ,ﺕﺍﺭﻫ,3208224
3,1,2,ﺩﻳﻔﺳ ﺏﺁ ﻪﻳﺭﻗ ,ﺩﻳﻔﺳ ﺏﺁ ﺩﺟﺳﻣ, ﻥﺍﺭﻠﮔ,ﺕﺍﺭﻫ,3208225
2,1,1,ﺩﺭﮔ ﺭﻳﺗ ﻪﻳﺭﻗ,ﺩﺭﮔ ﺭﻳﺗ ﯽﻳﺍﺩﺗﺑﺍ ﺏﺗﮑﻣ, ﻥﮑﺳﺭﺩﺍ,ﺕﺍﺭﻫ,3209280
2,1,1,ﺏﺎﺧﺗ ,ﺏﺎﺧﺗ ﺩﺟﺳﻣ, ﻥﮑﺳﺭﺩﺍ,ﺕﺍﺭﻫ,3209288
2,1,1,ﻩﺭﻭﻧﺗ ,ﻩﺭﻭﻧﺗ ﺩﺟﺳﻣ, ﻥﮑﺳﺭﺩﺍ,ﺕﺍﺭﻫ,3209293
2,1,1, ﮏﺧﺭﺳ ﻩﺎﭼ,ﮏﺧﺭﺳ ﻩﺎﭼ ﺩﺟﺳﻣ, ﻥﮑﺳﺭﺩﺍ,ﺕﺍﺭﻫ,3209294
2,1,1, یﺭﺗﻔﮐ,یﺭﺗﻔﮐ ﺩﺟﺳﻣ, ﻥﮑﺳﺭﺩﺍ,ﺕﺍﺭﻫ,3209463
3,1,2,ﻪﺗﺷﻛ ﻡﻼﻏ ,ﻪﺗﺷﻛ ﻡﻼﻏ ﺩﺟﺳﻣ, ﻥﮑﺳﺭﺩﺍ,ﺕﺍﺭﻫ,3209482
2,1,1, ﮏﻳ ﯽﻧ,ﻙﻳ ﻲﻧ ﻪﻣﻳﺧ, ﻥﺎﺳﻬﮐ,ﺕﺍﺭﻫ,3213449
2,1,1, ﻪﮑﻳﻠﻋ ﻩﺩ, ﻪﮑﻳﻠﻋ  ﻩﺩ ﺩﺟﺳﻣ,ﺩﻧﺩﻧﻳﺷ,ﺕﺍﺭﻫ,3214320
4,2,2, ﻝﻭﺍ ﺩﺎﺑﺁ ﺭﻬﺷ,ﺩﺎﺑﺁﺭﻬﺷ ﺏﺗﮑﻣ,ﺩﻧﺩﻧﻳﺷ,ﺕﺍﺭﻫ,3214332
3,1,2, ﻡﻭﺳ ﺩﺎﺑﺁﺭﻬﺷ,ﺩﺎﺑﺁ ﺕﺧﺑ ﺩﺟﺳﻣ,ﺩﻧﺩﻧﻳﺷ,ﺕﺍﺭﻫ,3214334
2,1,1, ﻡﻭﺩ ﻪﻌﻠﻗ ﺭﺎﻬﭼ,ﻡﻭﺩ ﻪﻌﻠﻗ ﺭﺎﻬﭼ ﮏﻳﻧﻳﻠﮐ,ﺩﻧﺩﻧﻳﺷ,ﺕﺍﺭﻫ,3214336
2,1,1, ﻥﺎﺗﺳﮕﻧﺳ,ﻥﺎﺗﺳﮕﻧﺳ ﺏﺗﻛﻣ,ﺩﻧﺩﻧﻳﺷ,ﺕﺍﺭﻫ,3214464
2,1,1, ﮏﺷﮐ,ﻙﺷﻛ ﺩﺟﺳﻣ,ﺩﻧﺩﻧﻳﺷ,ﺕﺍﺭﻫ,3214466
2,1,1, ﻝﻳﺧ ﻑﻭﺭﻌﻣ,ﻝﻳﺧ ﻑﻭﺭﻌﻣ ﺩﺟﺳﻣ,ﺩﻧﺩﻧﻳﺷ,ﺕﺍﺭﻫ,3214467
4,2,2,ﻖﻟﺎﻣﺭﻭﺧ, ﻖﻟﺎﻣﺭﺧ ﺏﺗﮑﻣ,ﻩﺍﺭﻓ,ﻩﺍﺭﻓ ,3301017
2,1,1, ( ﯽﭼﻭﮐ )  ﻝﺍﺩﺑ ﺯﻳﺭﺎﮐ,ﻝﺍﺩﺑﺯﻳﺭﺎﮐ,ﺩﻭﺭ ﺕﺷﭘ,ﻩﺍﺭﻓ ,3302048
2,1,1,کﺯﻳﺭﺎﮐ, کﺯﻳﺭﺎﮐ ﺩﺟﺳﻣ, ﻩﺎﮐ ﻪﻌﻠﻗ,ﻩﺍﺭﻓ ,3304084
2,1,1,ﯽﻫﺩﭘ,ﯽﻫﺩﭘ ﺩﺟﺳﻣ, ﻩﺭﺩ ﺭﺎﻧﺍ,ﻩﺍﺭﻓ ,3307069
2,1,1,ﯽﺗﺭﻻ,ﯽﺗﺭﻻ ﺩﺟﺳﻣ,ﻥﺎﺗﺳﻠﮔ,ﻩﺍﺭﻓ ,3310167
2,1,1,ﻪﻧﻣﺍﺩ,ﻪﻧﻣﺍﺩ ﺩﺟﺳﻣ ,ﻥﻣﭼﺭﭘ,ﻩﺍﺭﻓ ,3311200
2,1,1,ﺕﺷﻭﻟﺎﮐ,ﺕﺷﻭﻟﺎﮐ ﺩﺟﺳﻣ,ﻥﻣﭼﺭﭘ,ﻩﺍﺭﻓ ,3311216
2,1,1, ﯽﮔ ﻩﺯﻭﭘ, ﯽﮔ ﻩﺯﻭﭘ,ﻡﺍﺭﻻﺩ,ﺯﻭﺭﻣﻳﻧ,3406056
2,1,1, ﺩﺎﺑﺁ ﺭﮕﻧﺩ, ﺩﺎﺑﺁ ﺭﮕﻧﺩ,ﻡﺍﺭﻻﺩ,ﺯﻭﺭﻣﻳﻧ,3406057
