votes,ps,ﺭﺩﻧﺟ,ﯽﻫﺩﻳﺃﺭ ﺯﮐﺭﻣ ﻡﺎﻧ,pc_code,ﺕﻳﻻﻭ,audit_number
600,1,ﻪﻧﺍﺩﺭﻣ,ﮏﻣﺭﮔ ﺏﺁ ﻪﻳﺭﻗ,3107125,ﺱﻳﻏﺩﺎﺑ,1
600,2,ﻪﻧﺍﺩﺭﻣ,ﮏﻣﺭﮔ ﺏﺁ ﻪﻳﺭﻗ,3107125,ﺱﻳﻏﺩﺎﺑ,2
600,3,ﻪﻧﺎﻧﺯ,ﮏﻣﺭﮔ ﺏﺁ ﻪﻳﺭﻗ,3107125,ﺱﻳﻏﺩﺎﺑ,3
600,1,ﻪﻧﺎﻧﺯ,ﺯﮐﺭﻣ ﺏﺗﮑﻣ,3107124,ﺱﻳﻏﺩﺎﺑ,4
600,2,ﻪﻧﺍﺩﺭﻣ,ﺯﮐﺭﻣ ﺏﺗﮑﻣ,3107124,ﺱﻳﻏﺩﺎﺑ,5
600,3,ﻪﻧﺍﺩﺭﻣ,ﺯﮐﺭﻣ ﺏﺗﮑﻣ,3107124,ﺱﻳﻏﺩﺎﺑ,6
600,4,ﻪﻧﺍﺩﺭﻣ,ﺯﮐﺭﻣ ﺏﺗﮑﻣ,3107124,ﺱﻳﻏﺩﺎﺑ,7
600,5,ﻪﻧﺍﺩﺭﻣ,ﺯﮐﺭﻣ ﺏﺗﮑﻣ,3107124,ﺱﻳﻏﺩﺎﺑ,8
600,4,ﻪﻧﺎﻧﺯ,ﻕﺎﺗ ﺭﺎﻬﭼ ﺏﺗﮑﻣ,3106089,ﺱﻳﻏﺩﺎﺑ,9
600,2,ﻪﻧﺎﻧﺯ,ﺭﺎﻬﭼ ﻪﻣﺷﭼ ﻪﻳﺭﻗ ﺩﺟﺳﻣ,3106105,ﺱﻳﻏﺩﺎﺑ,10
600,3,ﻪﻧﺎﻧﺯ,ﻥﻳﺎﭘ یﺭﻳﺯ ﻝﮔ ﺩﺟﺳﻣ,3106197,ﺱﻳﻏﺩﺎﺑ,11
600,1,ﻪﻧﺍﺩﺭﻣ,ﻼﻣ ﺕﺭﺿﺣ ﺩﺟﺳﻣ,3106200,ﺱﻳﻏﺩﺎﺑ,12
600,2,ﻪﻧﺍﺩﺭﻣ,ﻼﻣ ﺕﺭﺿﺣ ﺩﺟﺳﻣ,3106200,ﺱﻳﻏﺩﺎﺑ,13
600,1,ﻪﻧﺍﺩﺭﻣ,ﯽﻧﺎﺟﻳﺟ ﺏﺗﮑﻣ,3106095,ﺱﻳﻏﺩﺎﺑ,14
600,2,ﻪﻧﺍﺩﺭﻣ,ﯽﻧﺎﺟﻳﺟ ﺏﺗﮑﻣ,3106095,ﺱﻳﻏﺩﺎﺑ,15
600,3,ﻪﻧﺎﻧﺯ,ﯽﻧﺎﺟﻳﺟ ﺏﺗﮑﻣ,3106095,ﺱﻳﻏﺩﺎﺑ,16
600,1,ﻪﻧﺍﺩﺭﻣ,ﻥﺎﻳﺩﺎﮐ ﻪﻳﺭﻗ ﺩﺟﺳﻣ,3106103,ﺱﻳﻏﺩﺎﺑ,17
600,2,ﻪﻧﺍﺩﺭﻣ,ﻥﻼﮐ ﺩﺟﺳﻣ,3106097,ﺱﻳﻏﺩﺎﺑ,18
600,3,ﻪﻧﺎﻧﺯ,ﻭﻧ ﻝﻳﻣ ﺩﻳﺟﺳﻣ,3106093,ﺱﻳﻏﺩﺎﺑ,19
600,2,ﻪﻧﺎﻧﺯ,ﮏﻳﺎﻧ ﻊﻣﺎﺟ ﺩﺟﺳﻣ,3104077,ﺱﻳﻏﺩﺎﺑ,20
600,1,ﻪﻧﺍﺩﺭﻣ,ﺩﺍﺯﺁ یﺎﺿﻓ,3106195,ﺱﻳﻏﺩﺎﺑ,21
600,2,ﻪﻧﺍﺩﺭﻣ,ﺩﺍﺯﺁ یﺎﺿﻓ,3106195,ﺱﻳﻏﺩﺎﺑ,22
600,3,ﻪﻧﺎﻧﺯ,ﺩﺍﺯﺁ یﺎﺿﻓ,3106195,ﺱﻳﻏﺩﺎﺑ,23
600,2,ﻪﻧﺎﻧﺯ,ﻭﮔﺭﻭﺍ ﻪﻳﺭﻗ ﺩﺟﺳﻣ,3106108,ﺱﻳﻏﺩﺎﺑ,24
600,1,ﻪﻧﺍﺩﺭﻣ,ﻭﺗﺑﭘ ﻪﻳﺭﻗ ﺩﺟﺳﻣ,3107140,ﺱﻳﻏﺩﺎﺑ,25
600,2,ﻪﻧﺎﻧﺯ,ﻭﺗﺑﭘ ﻪﻳﺭﻗ ﺩﺟﺳﻣ,3107140,ﺱﻳﻏﺩﺎﺑ,26
600,3,ﻪﻧﺍﺩﺭﻣ,ﻭﺗﺑﭘ ﻪﻳﺭﻗ ﺩﺟﺳﻣ,3107140,ﺱﻳﻏﺩﺎﺑ,27
600,4,ﻪﻧﺍﺩﺭﻣ,ﻭﺗﺑﭘ ﻪﻳﺭﻗ ﺩﺟﺳﻣ,3107140,ﺱﻳﻏﺩﺎﺑ,28
600,2,ﻪﻧﺎﻧﺯ,ﺕﺎﺑﺭ ﺩﺟﺳﻣ,3106112,ﺱﻳﻏﺩﺎﺑ,29
600,1,ﻪﻧﺍﺩﺭﻣ,ﻩﻭﺎﺗﺭﺳ ﺩﺟﺳﻣ,3106107,ﺱﻳﻏﺩﺎﺑ,30
600,2,ﻪﻧﺎﻧﺯ,ﻩﻭﺎﺗﺭﺳ ﺩﺟﺳﻣ,3106107,ﺱﻳﻏﺩﺎﺑ,31
600,1,ﻪﻧﺍﺩﺭﻣ,ﻪﮕﻧﻠﺧﺗ ﺩﺟﺳﻣ,3106201,ﺱﻳﻏﺩﺎﺑ,32
599,2,ﻪﻧﺍﺩﺭﻣ,ﺭﻭﺧ ﺏﺁ ﺏﺗﮑﻣ,3106094,ﺱﻳﻏﺩﺎﺑ,33
599,2,ﻪﻧﺎﻧﺯ,ﺩﻳﺑ ﻪﻣﺷﭼ ﺩﺟﺳﻣ,3106104,ﺱﻳﻏﺩﺎﺑ,34
599,4,ﻪﻧﺍﺩﺭﻣ,ﻁﺎﺑﺭ ﮏﻳﻧﻳﻠﮐ ﻭ ﯽﻟﺍﻭﺳﻟﻭ ﺭﻳﻣﻌﺗ,3103020,ﺱﻳﻏﺩﺎﺑ,35
599,2,ﻪﻧﺎﻧﺯ,ﻥﻼﮐ ﻭﻏ ﻪﻳﺭﻗ ﺩﺟﺳﻣ,3106110,ﺱﻳﻏﺩﺎﺑ,36
599,1,ﻪﻧﺍﺩﺭﻣ,ﻥﻳﺎﭘ یﺭﻳﺯ ﻝﮔ ﺩﺟﺳﻣ,3106197,ﺱﻳﻏﺩﺎﺑ,37
599,2,ﻪﻧﺎﻧﺯ,ﻥﺎﻳﺩﺎﮐ ﻪﻳﺭﻗ ﺩﺟﺳﻣ,3106103,ﺱﻳﻏﺩﺎﺑ,38
599,1,ﻪﻧﺍﺩﺭﻣ,ﻭﻧ ﻝﻳﻣ ﺩﻳﺟﺳﻣ,3106093,ﺱﻳﻏﺩﺎﺑ,39
599,2,ﻪﻧﺍﺩﺭﻣ,ﻭﻧ ﻝﻳﻣ ﺩﻳﺟﺳﻣ,3106093,ﺱﻳﻏﺩﺎﺑ,40
599,1,ﻪﻧﺍﺩﺭﻣ,ﻭﮔﺭﻭﺍ ﻪﻳﺭﻗ ﺩﺟﺳﻣ,3106108,ﺱﻳﻏﺩﺎﺑ,41
599,2,ﻪﻧﺍﺩﺭﻣ,ﮓﻧﭼ یﺎﭘ ﺩﺟﺳﻣ,3106199,ﺱﻳﻏﺩﺎﺑ,42
599,2,ﻪﻧﺍﺩﺭﻣ,ﻪﮕﻧﻠﺧﺗ ﺩﺟﺳﻣ,3106201,ﺱﻳﻏﺩﺎﺑ,43
599,2,ﻪﻧﺎﻧﺯ,ﺩﺭﺯ ﺕﺧﺗ ﻪﻳﺭﻗ ﺩﺟﺳﻣ,3106109,ﺱﻳﻏﺩﺎﺑ,44
600,2,ﻪﻧﺎﻧﺯ,ﺩﻧﺑﺭﺩ ﺩﺟﺳﻣ,1004058,ﻥﺎﻳﻣﺎﺑ,45
600,1,ﻪﻧﺍﺩﺭﻣ,ﻥﺎﻣﺭﮐ ﺯﺍﺭﺩ ﻭﻧ ﺩﺟﺳﻣ,1006107,ﻥﺎﻳﻣﺎﺑ,46
600,2,ﻪﻧﺍﺩﺭﻣ,ﮓﻧﺷﻳﭘ ﺩﺟﺳﻣ,1003042,ﻥﺎﻳﻣﺎﺑ,47
600,2,ﻪﻧﺎﻧﺯ,ﮓﻧﺷﻳﭘ ﺏﺗﮑﻣ,1003043,ﻥﺎﻳﻣﺎﺑ,48
600,1,ﻪﻧﺍﺩﺭﻣ,ﻍﺎﺑ ﻥﺎﻳﺎﭘ ﺩﺟﺳﻣ,1004051,ﻥﺎﻳﻣﺎﺑ,49
600,2,ﻪﻧﺎﻧﺯ,ﻍﺎﺑ ﻥﺎﻳﺎﭘ ﺩﺟﺳﻣ,1004051,ﻥﺎﻳﻣﺎﺑ,50
600,3,ﻪﻧﺎﻧﺯ,ﮏﻏﺎﺑ یﺩﻧﻗ یﺭﺳ ﻪﺳﺭﺩﻣ,1002032,ﻥﺎﻳﻣﺎﺑ,51
600,1,ﻪﻧﺍﺩﺭﻣ,ﯽﻠﮔﺭﺳ ﺏﺗﮑﻣ,1004067,ﻥﺎﻳﻣﺎﺑ,52
600,2,ﻪﻧﺎﻧﺯ,ﯽﻠﮔﺭﺳ ﺏﺗﮑﻣ,1004067,ﻥﺎﻳﻣﺎﺑ,53
600,1,ﻪﻧﺍﺩﺭﻣ,ﻩﺎﮕﻠﻳ ﺩﺟﺳﻣ,1004057,ﻥﺎﻳﻣﺎﺑ,54
599,1,ﻪﻧﺍﺩﺭﻣ,ﮏﻏﺎﺑ ﺩﺟﺳﻣ,1002171,ﻥﺎﻳﻣﺎﺑ,55
599,2,ﻪﻧﺎﻧﺯ,کﺩﻧﻏ ﻥﻫﺩ ﻥﺍﻭﺳﻧ ﺏﺗﮑﻣ,1002031,ﻥﺎﻳﻣﺎﺑ,56
599,1,ﻪﻧﺍﺩﺭﻣ,ﺩﻧﺑﺭﺩ ﺩﺟﺳﻣ,1004058,ﻥﺎﻳﻣﺎﺑ,57
599,3,ﻪﻧﺎﻧﺯ,ﺏﺁ ﻭﺩ ﻪﺳﺭﺩﻣ,1004060,ﻥﺎﻳﻣﺎﺑ,58
599,1,ﻪﻧﺍﺩﺭﻣ,ﻩﺭﺩ ﻭﺟ ﺩﺟﺳﻣ,1003046,ﻥﺎﻳﻣﺎﺑ,59
599,3,ﻪﻧﺎﻧﺯ,ﻪﺗﺧﻭﺳ ﺕﺷﺩ ﻪﻳﻣﺧ,1005089,ﻥﺎﻳﻣﺎﺑ,60
599,1,ﻪﻧﺍﺩﺭﻣ,ﯽﻏﺭﻣ ﺭﺳ ﻪﻳﻧﻳﺷﺭﺑﻧﻣ,1005093,ﻥﺎﻳﻣﺎﺑ,61
599,1,ﻪﻧﺍﺩﺭﻣ,ﮏﻳﺭﺎﺑ ﺏﻳﺳ ﺩﺟﺳﻣ,1007138,ﻥﺎﻳﻣﺎﺑ,62
600,2,ﻪﻧﺎﻧﺯ,ﻩﺩﻧﮔ ﺏﺁ ﻪﻁﺳﻭﺗﻣ ﺏﺗﮑﻣ,1713146,ﻥﺎﺷﺧﺩﺑ,63
600,1,ﻪﻧﺍﺩﺭﻣ,ﭻﻣﺯ ﺏﺁ ﺩﺟﺳﻣ,1709136,ﻥﺎﺷﺧﺩﺑ,64
600,4,ﻪﻧﺎﻧﺯ,ﺵﺭﺟﺁ ﺏﺗﮑﻣ,1714234,ﻥﺎﺷﺧﺩﺑ,65
600,2,ﻪﻧﺍﺩﺭﻣ,ﺎﺷﻳﻭﺭﺍ ﺩﺟﺳﻣ,1704024,ﻥﺎﺷﺧﺩﺑ,66
600,1,ﻪﻧﺎﻧﺯ,ﻥﺎﮑﺷﻳﺗ ﺭﺍﺯﺎﺑ ﺏﺗﮑﻣ,1711183,ﻥﺎﺷﺧﺩﺑ,67
600,1,ﻪﻧﺍﺩﺭﻣ,ﻍﺎﺑ ﺭﺎﭼ ﻪﺳﺭﺩﻣ,1722261,ﻥﺎﺷﺧﺩﺑ,68
600,3,ﻪﻧﺎﻧﺯ,ﻍﺎﺑ ﺭﺎﭼ ﻪﺳﺭﺩﻣ,1722261,ﻥﺎﺷﺧﺩﺑ,69
600,4,ﻪﻧﺎﻧﺯ,ﻍﺎﺑ ﺭﺎﭼ ﻪﺳﺭﺩﻣ,1722261,ﻥﺎﺷﺧﺩﺑ,70
600,2,ﻪﻧﺍﺩﺭﻣ,ﮏﺗﺷﺎﭼ ﺏﺗﮑﻣ,1722262,ﻥﺎﺷﺧﺩﺑ,71
600,2,ﻪﻧﺍﺩﺭﻣ,ﯽﻧﺎﮔﻭﭼ ﻪﺳﻳﻟ,1713144,ﻥﺎﺷﺧﺩﺑ,72
600,2,ﻪﻧﺎﻧﺯ,ﻪﻏﺁ ﺕﺷﺩ ﺏﺗﮑﻣ,1711187,ﻥﺎﺷﺧﺩﺑ,73
600,1,ﻪﻧﺍﺩﺭﻣ,ﻥﺍﺩﻳﺳ ﻩﺩ ﺏﺗﮑﻣ,1711180,ﻥﺎﺷﺧﺩﺑ,74
600,2,ﻪﻧﺎﻧﺯ,ﻥﺍﺩﻳﺳ ﻩﺩ ﺏﺗﮑﻣ,1711180,ﻥﺎﺷﺧﺩﺑ,75
600,2,ﻪﻧﺍﺩﺭﻣ,ﻥﻳﺋﺎﭘ ﺭﻔﻧﻏ ﺩﺟﺳﻣ,1713308,ﻥﺎﺷﺧﺩﺑ,76
600,3,ﻪﻧﺎﻧﺯ,ﻥﻳﺋﺎﭘ ﺭﻔﻧﻏ ﺩﺟﺳﻣ,1713308,ﻥﺎﺷﺧﺩﺑ,77
600,1,ﻪﻧﺍﺩﺭﻣ,ﮓﻧﺳ یﺭﻭﻏ ﺏﺗﮑﻣ,1711178,ﻥﺎﺷﺧﺩﺑ,78
600,2,ﻪﻧﺍﺩﺭﻣ,ﮓﻧﺳ یﺭﻭﻏ ﺏﺗﮑﻣ,1711178,ﻥﺎﺷﺧﺩﺑ,79
600,3,ﻪﻧﺎﻧﺯ,ﮓﻧﺳ یﺭﻭﻏ ﺏﺗﮑﻣ,1711178,ﻥﺎﺷﺧﺩﺑ,80
600,1,ﻪﻧﺍﺩﺭﻣ,ﻥﺩﺭﮔ ﻩ ﺭﺟﺣ ﺩﺟﺳﻣ,1708126,ﻥﺎﺷﺧﺩﺑ,81
600,3,ﻪﻧﺍﺩﺭﻣ,ﺩﮐﺭﺧ ﻪﺳﺭﺩﻣ,1727268,ﻥﺎﺷﺧﺩﺑ,82
600,4,ﻪﻧﺎﻧﺯ,ﻪﻧﻳﺩﻣ ﯽﻟﺎﻋ ﻪﺳﻳﻟ,1707063,ﻥﺎﺷﺧﺩﺑ,83
600,3,ﻪﻧﺎﻧﺯ,ﻪﺳﺭﺩﻣ,1709299,ﻥﺎﺷﺧﺩﺑ,84
600,1,ﻪﻧﺍﺩﺭﻣ,ﻥﺎﺑﺭﻗ ﻼﻣ ﺩﺟﺳﻣ,1718255,ﻥﺎﺷﺧﺩﺑ,85
600,2,ﻪﻧﺍﺩﺭﻣ,ﺕﺷﺩ یﻭﺭ ﺩﺎﺑﺁ ﻭﻧ ﻊﻣﺎﺟ ﺩﺟﺳﻣ,1707068,ﻥﺎﺷﺧﺩﺑ,86
600,3,ﻪﻧﺎﻧﺯ,ﺕﺷﺩ یﻭﺭ ﺩﺎﺑﺁ ﻭﻧ ﻊﻣﺎﺟ ﺩﺟﺳﻣ,1707068,ﻥﺎﺷﺧﺩﺑ,87
600,2,ﻪﻧﺎﻧﺯ,ﻪﻠﺗ ﻡﻳﻧ ﻊﻣﺎﺟ ﺩﺟﺳﻣ,1707066,ﻥﺎﺷﺧﺩﺑ,88
600,2,ﻪﻧﺎﻧﺯ,یﺭﺎﺳ ﺏﺗﮑﻣ,1709128,ﻥﺎﺷﺧﺩﺑ,89
600,4,ﻪﻧﺎﻧﺯ,ﺏﻟ ﺭﮑﺷ ﺙﺎﻧﺍ ﻪﺳﻳﻟ,1704033,ﻥﺎﺷﺧﺩﺑ,90
600,3,ﻪﻧﺎﻧﺯ,ﻭﺭﺧﺷ ﺏﺗﮑﻣ,1721250,ﻥﺎﺷﺧﺩﺑ,91
600,2,ﻪﻧﺎﻧﺯ,ﻻﺎﺑ یﻭﭘﺷ ﺩﺟﺳﻣ,1708123,ﻥﺎﺷﺧﺩﺑ,92
600,3,ﻪﻧﺎﻧﺯ,ﻥﻳﺎﭘ ﯽﻧﮔﺭﺗ ﻪﺳﺭﺩﻣ,1707294,ﻥﺎﺷﺧﺩﺑ,93
600,1,ﻪﻧﺍﺩﺭﻣ,ﻡﺧ ﺎﻳﻠﻋ ﺏﺗﮑﻣ,1714236,ﻥﺎﺷﺧﺩﺑ,94
600,3,ﻪﻧﺎﻧﺯ,ﻥﺎﻳﺩﻧﻭ ﺏﺗﮑﻣ,1713139,ﻥﺎﺷﺧﺩﺑ,95
600,4,ﻪﻧﺎﻧﺯ,ﷲ ﺏﻳﺑﺣ ﯽﺟﺎﺣ ﻭ ﻥﻳﺩﻟﺍ ﻥﺎﻣﺯ ﻝﺯﻧﻣ ﺭﺍﻭﺟ,1707062,ﻥﺎﺷﺧﺩﺑ,96
600,1,ﻪﻧﺍﺩﺭﻣ,ﺩﻭﻧﺭﺯ ﺩﺟﺳﻣ,1708296,ﻥﺎﺷﺧﺩﺑ,97
599,2,ﻪﻧﺎﻧﺯ,ﭻﻣﺯ ﺏﺁ ﺩﺟﺳﻣ,1709136,ﻥﺎﺷﺧﺩﺑ,98
599,1,ﻪﻧﺍﺩﺭﻣ,ﻥﺎﮐﺩﻧﻏﺭﺍ ﺏﺗﮑﻣ,1711181,ﻥﺎﺷﺧﺩﺑ,99
599,3,ﻪﻧﺎﻧﺯ,ﮏﺗﺷﺎﭼ ﺏﺗﮑﻣ,1722262,ﻥﺎﺷﺧﺩﺑ,100
599,3,ﻪﻧﺎﻧﺯ,ﯽﻧﺎﮔﻭﭼ ﻪﺳﻳﻟ,1713144,ﻥﺎﺷﺧﺩﺑ,101
599,2,ﻪﻧﺎﻧﺯ,ﮓﻧﻳﺭﻻ ﺕﺷﺩ ﺏﺗﮑﻣ,1711186,ﻥﺎﺷﺧﺩﺑ,102
599,2,ﻪﻧﺍﺩﺭﻣ,ﮏﻧﺍﺯﮔ ﻪﺳﻳﻟ,1704028,ﻥﺎﺷﺧﺩﺑ,103
599,1,ﻪﻧﺍﺩﺭﻣ,ﻥﻳﺋﺎﭘ ﺭﻔﻧﻏ ﺩﺟﺳﻣ,1713308,ﻥﺎﺷﺧﺩﺑ,104
599,2,ﻪﻧﺎﻧﺯ,ﻩﺭﺩ ﻥﻳﺷﮐ ﺏﺗﮑﻣ,1704029,ﻥﺎﺷﺧﺩﺑ,105
599,3,ﻪﻧﺎﻧﺯ,ﻩﺭﺩ ﻥﻳﺷﮐ ﺏﺗﮑﻣ,1704029,ﻥﺎﺷﺧﺩﺑ,106
599,1,ﻪﻧﺍﺩﺭﻣ,ﺩﮐﺭﺧ ﻪﺳﺭﺩﻣ,1727268,ﻥﺎﺷﺧﺩﺑ,107
599,2,ﻪﻧﺍﺩﺭﻣ,ﺩﮐﺭﺧ ﻪﺳﺭﺩﻣ,1727268,ﻥﺎﺷﺧﺩﺑ,108
599,3,ﻪﻧﺎﻧﺯ,ﻝﻭﮐ ﻪﺳﻳﻟ,1713142,ﻥﺎﺷﺧﺩﺑ,109
599,2,ﻪﻧﺍﺩﺭﻣ,ﻥﻳﺑﺎﻣ ﻩﺭﮐ ﺏﺗﮑﻣ,1713138,ﻥﺎﺷﺧﺩﺑ,110
599,2,ﻪﻧﺍﺩﺭﻣ,ﻭﺭﺳﺧ ﺭﺻﺎﻧ ﻪﺳﻳﻟ,1718257,ﻥﺎﺷﺧﺩﺑ,111
599,2,ﻪﻧﺍﺩﺭﻣ,ﻡﺩﻗ ﺏﺗﮑﻣ,1702047,ﻥﺎﺷﺧﺩﺑ,112
599,1,ﻪﻧﺍﺩﺭﻣ,یﺭﺎﺳ ﺏﺗﮑﻣ,1709128,ﻥﺎﺷﺧﺩﺑ,113
599,2,ﻪﻧﺍﺩﺭﻣ,ﻥﺭﺳ ﺏﺗﮑﻣ,1704036,ﻥﺎﺷﺧﺩﺑ,114
599,1,ﻪﻧﺍﺩﺭﻣ,ﻥﺎﻳﺎﭘ ﻥﺎﮕﻧﻳﺷ ﺏﺗﮑﻣ,1709130,ﻥﺎﺷﺧﺩﺑ,115
599,2,ﻪﻧﺍﺩﺭﻣ,ﻥﺎﻳﺎﭘ ﻥﺎﮕﻧﻳﺷ ﺏﺗﮑﻣ,1709130,ﻥﺎﺷﺧﺩﺑ,116
599,1,ﻪﻧﺍﺩﺭﻣ,ﻻﺎﺑ یﻭﭘﺷ ﺩﺟﺳﻣ,1708123,ﻥﺎﺷﺧﺩﺑ,117
599,3,ﻪﻧﺎﻧﺯ,ﻡﺧ ﺎﻳﻠﻋ ﺏﺗﮑﻣ,1714236,ﻥﺎﺷﺧﺩﺑ,118
599,2,ﻪﻧﺎﻧﺯ,ﮏﻟﺍﻭ ﺩﺟﺳﻣ,1704030,ﻥﺎﺷﺧﺩﺑ,119
599,1,ﻪﻧﺍﺩﺭﻣ,ﻥﺎﻳﭼﻣﻳ ﺏﺗﮑﻣ,1707070,ﻥﺎﺷﺧﺩﺑ,120
600,4,ﻪﻧﺎﻧﺯ,ﺭﮑﺑﻭﺑﺍ ﻊﻣﺎﺟ ﺩﺟﺳﻣ,905074,ﻥﻼﻐﺑ,121
600,5,ﻪﻧﺎﻧﺯ,ﺭﮑﺑﻭﺑﺍ ﻊﻣﺎﺟ ﺩﺟﺳﻣ,905074,ﻥﻼﻐﺑ,122
600,1,ﻪﻧﺍﺩﺭﻣ,ﻪﺑﻳﻁﻗ ﻡﺎﻣﺍ ﻪﺳﺭﺩﻣ,908185,ﻥﻼﻐﺑ,123
600,3,ﻪﻧﺎﻧﺯ,ﻪﺑﻳﻁﻗ ﻡﺎﻣﺍ ﻪﺳﺭﺩﻣ,908185,ﻥﻼﻐﺑ,124
600,3,ﻪﻧﺎﻧﺯ,ﺏﻳﺎﻋ ﻪﺑﺎﺑ ﻪﻁﺳﻭﺗﻣ ﺏﺗﮑﻣ,910162,ﻥﻼﻐﺑ,125
600,1,ﻪﻧﺍﺩﺭﻣ,کﺭﺎﻬﺑ ﻪﻁﺳﻭﺗﻣ ﺏﺗﮑﻣ,913212,ﻥﻼﻐﺑ,126
600,1,ﻪﻧﺍﺩﺭﻣ,ﺭﺩﺎﻬﭼ ﻊﻣﺎﺟ ﺩﺟﺳﻣ,909197,ﻥﻼﻐﺑ,127
600,2,ﻪﻧﺍﺩﺭﻣ,ﺭﺩﺎﻬﭼ ﻊﻣﺎﺟ ﺩﺟﺳﻣ,909197,ﻥﻼﻐﺑ,128
600,4,ﻪﻧﺎﻧﺯ,ﻪﻣﺗﺳﺍ ﻪﻧﻫﺩ ﺭﺩ ﻪﻣﻳﺧ,911168,ﻥﻼﻐﺑ,129
600,1,ﻪﻧﺍﺩﺭﻣ,کﺭﻳﻣ ﻩﺩ ﻪﺳﺭﺩﻣ,913253,ﻥﻼﻐﺑ,130
600,2,ﻪﻧﺍﺩﺭﻣ,کﺭﻳﻣ ﻩﺩ ﻪﺳﺭﺩﻣ,913253,ﻥﻼﻐﺑ,131
600,3,ﻪﻧﺎﻧﺯ,کﺭﻳﻣ ﻩﺩ ﻪﺳﺭﺩﻣ,913253,ﻥﻼﻐﺑ,132
600,1,ﻪﻧﺍﺩﺭﻣ,ﺡﻼﺻ ﻩﺩ ﺭﺍﺯﺎﺑ ﺏﺗﮑﻣ,908187,ﻥﻼﻐﺑ,133
600,1,ﻪﻧﺍﺩﺭﻣ,ﻝﻭﻠﻓ ﻪﺳﻳﻟ,910151,ﻥﻼﻐﺑ,134
600,1,ﻪﻧﺍﺩﺭﻣ,یﺭﺩﮔ ﻊﻣﺎﺟ ﺩﺟﺳﻣ,909200,ﻥﻼﻐﺑ,135
600,2,ﻪﻧﺍﺩﺭﻣ,یﺭﺩﮔ ﻊﻣﺎﺟ ﺩﺟﺳﻣ,909200,ﻥﻼﻐﺑ,136
600,4,ﻪﻧﺎﻧﺯ,یﺭﺩﮔ ﻊﻣﺎﺟ ﺩﺟﺳﻣ,909200,ﻥﻼﻐﺑ,137
600,1,ﻪﻧﺍﺩﺭﻣ,ﻪﺑﺁ ﻡﺭﮔ ﺏﺗﮑﻣ,913216,ﻥﻼﻐﺑ,138
600,2,ﻪﻧﺎﻧﺯ,ﺭﺫﮔ ﺏﺗﮑﻣ,913207,ﻥﻼﻐﺑ,139
600,1,ﻪﻧﺍﺩﺭﻣ,ﯽﻟﺍﺩﮔ ﻑﻳﺭﺷ ﺩﺟﺳﻣ,908189,ﻥﻼﻐﺑ,140
600,2,ﻪﻧﺍﺩﺭﻣ,ﯽﻟﺍﺩﮔ ﻑﻳﺭﺷ ﺩﺟﺳﻣ,908189,ﻥﻼﻐﺑ,141
600,3,ﻪﻧﺍﺩﺭﻣ,ﻥﻣﻭﻣ ﯽﺟﺎﺣ ﺩﺟﺳﻣ,910148,ﻥﻼﻐﺑ,142
600,2,ﻪﻧﺍﺩﺭﻣ,ﺩﻳﻬﺷ ﷲ ﺩﻳﻣﺣ ﻪﺳﻳﻟ,909194,ﻥﻼﻐﺑ,143
600,1,ﻪﻧﺍﺩﺭﻣ,ﻝﺎﺗ ﻥﺳﺣ ﻪﺳﻳﻟ ﺏﺗﮑﻣ,905045,ﻥﻼﻐﺑ,144
600,3,ﻪﻧﺎﻧﺯ,ﻝﻳﺧ ﺕﻣﻫ ﺩﺟﺳﻣ,905236,ﻥﻼﻐﺑ,145
600,4,ﻪﻧﺍﺩﺭﻣ,ﻝﻳﺧ ﺕﻣﻫ ﺩﺟﺳﻣ,905236,ﻥﻼﻐﺑ,146
600,3,ﻪﻧﺎﻧﺯ,یﺎﺳ ﺏﺭﻋ ﯽﻠﻌﻣﺟ  ﻪﺳﺭﺩﻣ,910158,ﻥﻼﻐﺑ,147
600,1,ﻪﻧﺍﺩﺭﻣ,ﺏﺁﺭﺟ ﻪﻁﺳﻭﺗﻣ ﺏﺗﮑﻣ,914225,ﻥﻼﻐﺑ,148
600,3,ﻪﻧﺎﻧﺯ,ﺏﺁﺭﺟ ﻪﻁﺳﻭﺗﻣ ﺏﺗﮑﻣ,914225,ﻥﻼﻐﺑ,149
600,2,ﻪﻧﺍﺩﺭﻣ,ﺵﻭﻫﺎﺧ ﻪﻳﺋﺍﺩﺗﺑﺍ ﺏﺗﮑﻣ,913214,ﻥﻼﻐﺑ,150
600,3,ﻪﻧﺎﻧﺯ,ﻪﻔﻳﻠﺧ ﺩﺟﺳﻣ,910156,ﻥﻼﻐﺑ,151
600,3,ﻪﻧﺎﻧﺯ,ﻥﺍﺭﺟﻫ ﻪﺟﺍﻭﺧ ﻪﻳﺋﺍﺩﺗﺑﺍ ﺏﺗﮑﻣ,909195,ﻥﻼﻐﺑ,152
600,1,ﻪﻧﺍﺩﺭﻣ,ﮓﻧﺳ ﻪﻟﻭﻠﮐ ﺩﺟﺳﻣ,911279,ﻥﻼﻐﺑ,153
600,3,ﻪﻧﺎﻧﺯ,ﻪﻣﺷﭼ ﻡﻳﺭﻣ ﺩﺟﺳﻣ,910159,ﻥﻼﻐﺑ,154
600,3,ﻪﻧﺎﻧﺯ,ﻑﻳﻧﺣ ﺩﻣﺣﻣ ﻥﺍﻭﺳﻧ ﺏﺗﮑﻣ,914280,ﻥﻼﻐﺑ,155
600,3,ﻪﻧﺎﻧﺯ,ﺩﺟﺳﻣ,915281,ﻥﻼﻐﺑ,156
600,2,ﻪﻧﺍﺩﺭﻣ,ﺩﺍﺩ ﻼﻋ یﻭﻟﻭﻣ ﺩﺟﺳﻣ,905069,ﻥﻼﻐﺑ,157
600,1,ﻪﻧﺍﺩﺭﻣ,ﻪﻧﻳﺁ ﯽﺑ ﯽﺑ ﻝﻳﺧ ﺭﻣﻋ ﺏﺗﮑﻣ,901037,ﻥﻼﻐﺑ,158
600,1,ﻪﻧﺍﺩﺭﻣ,ﻩﺭﻗ ﻪﺗﺷﭘ  ﻪﺳﺭﺩﻣ,911165,ﻥﻼﻐﺑ,159
600,2,ﻪﻧﺍﺩﺭﻣ,ﻪﻳﺋﺍﺩﺗﺑﺍ ﺏﺗﮑﻣ,909196,ﻥﻼﻐﺑ,160
600,3,ﻪﻧﺎﻧﺯ,ﻪﻳﺋﺍﺩﺗﺑﺍ ﺏﺗﮑﻣ,909196,ﻥﻼﻐﺑ,161
600,3,ﻪﻧﺎﻧﺯ,ﺥﺎﺷﻭﺭﻏ ﻥﺎﺧ ﺩﻳﻔﺳ ﻪﻳﺭﻗ,901017,ﻥﻼﻐﺑ,162
600,1,ﻪﻧﺍﺩﺭﻣ,ﻩﺭﺍﺯﻫ یﺎﺳ ﻪﻁﺳﻭﺗﻣ ﺏﺗﮑﻣ,910150,ﻥﻼﻐﺑ,163
600,3,ﻪﻧﺎﻧﺯ,ﮓﻧﺳ یﺭﻭﻏ ﺏﺗﮑﻣ,909190,ﻥﻼﻐﺑ,164
600,1,ﻪﻧﺍﺩﺭﻣ,ﺭﺷﺭﺷ ﺏﺗﮑﻣ,910154,ﻥﻼﻐﺑ,165
600,2,ﻪﻧﺍﺩﺭﻣ,ﺎﻫ ﯽﻠﺗ ﺏﺗﮑﻣ,904141,ﻥﻼﻐﺑ,166
600,1,ﻪﻧﺍﺩﺭﻣ,چﻭ ﯽﺋﺍﺩﺗﺑﺍ ﺏﺗﮑﻣ,913215,ﻥﻼﻐﺑ,167
600,1,ﻪﻧﺍﺩﺭﻣ,ﯽﻠﻔﺳ ﻡﺭﻳ ﻪﺳﺭﺩﻣ,909199,ﻥﻼﻐﺑ,168
600,3,ﻪﻧﺎﻧﺯ,ﯽﻠﻔﺳ ﻡﺭﻳ ﻪﺳﺭﺩﻣ,909199,ﻥﻼﻐﺑ,169
600,4,ﻪﻧﺎﻧﺯ,ﯽﻠﻔﺳ ﻡﺭﻳ ﻪﺳﺭﺩﻣ,909199,ﻥﻼﻐﺑ,170
599,1,ﻪﻧﺍﺩﺭﻣ,ﻭﺯﺭﺎﻧ ﻕﺣﻟﺍﺩﺑﻋ ﺏﺗﮑﻣ,913213,ﻥﻼﻐﺑ,171
599,2,ﻪﻧﺍﺩﺭﻣ,ﺩﻳﻬﺷ ﻕﺍﺯﺭﻟﺍﺩﺑﻋ ﻪﺳﻳﻟ,901026,ﻥﻼﻐﺑ,172
599,1,ﻪﻧﺍﺩﺭﻣ,ﺩﻳﻬﺷ ﻥﻣﻭﻣﻟﺍﺩﺑﻋ ﺏﺗﮑﻣ,910155,ﻥﻼﻐﺑ,173
599,2,ﻪﻧﺍﺩﺭﻣ,ﻪﺑﻳﻁﻗ ﻡﺎﻣﺍ ﻪﺳﺭﺩﻣ,908185,ﻥﻼﻐﺑ,174
599,1,ﻪﻧﺍﺩﺭﻣ,ﺏﻳﺎﻋ ﻪﺑﺎﺑ ﻪﻁﺳﻭﺗﻣ ﺏﺗﮑﻣ,910162,ﻥﻼﻐﺑ,175
599,3,ﻪﻧﺎﻧﺯ,ﮏﻓﺭﺑ ﻪﻁﺳﻭﺗﻣ ﺏﺗﮑﻣ,911170,ﻥﻼﻐﺑ,176
599,1,ﻪﻧﺍﺩﺭﻣ,ﻥﺎﻬﺷ ﺕﺷﺩ ﺩﺟﺳﻣ,915257,ﻥﻼﻐﺑ,177
599,2,ﻪﻧﺎﻧﺯ,ﻥﺎﻬﺷ ﺕﺷﺩ ﺩﺟﺳﻣ,915257,ﻥﻼﻐﺑ,178
599,2,ﻪﻧﺍﺩﺭﻣ,ﻥﻼﮐ ﻩﺩ ﻪﺳﺭﺩﻣ,913254,ﻥﻼﻐﺑ,179
599,2,ﻪﻧﺎﻧﺯ,ﺭﻳﻣ ﻩﺩ ﺩﺟﺳﻣ,915219,ﻥﻼﻐﺑ,180
599,2,ﻪﻧﺎﻧﺯ,ﻝﺗ ﻥﺩﺭﮔ ﺏﺗﮑﻣ,913217,ﻥﻼﻐﺑ,181
599,2,ﻪﻧﺎﻧﺯ,ﻪﺑﺁ ﻡﺭﮔ ﺏﺗﮑﻣ,913216,ﻥﻼﻐﺑ,182
599,3,ﻪﻧﺍﺩﺭﻣ,ﻭﺭﺎﻏ ﺭﻭﮐﺯ ﻪﺳﻳﻟ,914224,ﻥﻼﻐﺑ,183
599,1,ﻪﻧﺍﺩﺭﻣ,ﺭﺫﮔ ﺏﺗﮑﻣ,913207,ﻥﻼﻐﺑ,184
599,1,ﻪﻧﺍﺩﺭﻣ,ﻥﺎﺧ ﻡﻠﻋ ﺩﻣﺣﻣ ﯽﺟﺎﺣ ﺩﺟﺳﻣ,915223,ﻥﻼﻐﺑ,185
599,1,ﻪﻧﺍﺩﺭﻣ,ﺩﻳﻬﺷ ﷲ ﺩﻳﻣﺣ ﻪﺳﻳﻟ,909194,ﻥﻼﻐﺑ,186
599,3,ﻪﻧﺎﻧﺯ,ﺩﻳﻬﺷ ﷲ ﺩﻳﻣﺣ ﻪﺳﻳﻟ,909194,ﻥﻼﻐﺑ,187
599,1,ﻪﻧﺍﺩﺭﻣ,ﻝﻳﺧ ﺕﻣﻫ ﺩﺟﺳﻣ,905236,ﻥﻼﻐﺑ,188
599,2,ﻪﻧﺍﺩﺭﻣ,ﺏﺁﺭﺟ ﻪﻁﺳﻭﺗﻣ ﺏﺗﮑﻣ,914225,ﻥﻼﻐﺑ,189
599,3,ﻪﻧﺎﻧﺯ,ﻝﺿﺎﻓ ﯽﺟﺎﺣ ﻥﻼﮐ یﻭﺟ ﺏﺗﮑﻣ,904243,ﻥﻼﻐﺑ,190
599,2,ﻪﻧﺍﺩﺭﻣ,ﻪﻔﻳﻠﺧ ﺩﺟﺳﻣ,910156,ﻥﻼﻐﺑ,191
599,1,ﻪﻧﺍﺩﺭﻣ,ﺎﻳﻟﻭﺍ ﻪﺟﺍﻭﺧ ﻊﻣﺎﺟ ﺩﺟﺳﻣ,909252,ﻥﻼﻐﺑ,192
599,2,ﻪﻧﺍﺩﺭﻣ,ﻥﺍﺭﺟﻫ ﻪﺟﺍﻭﺧ ﻪﻳﺋﺍﺩﺗﺑﺍ ﺏﺗﮑﻣ,909195,ﻥﻼﻐﺑ,193
599,3,ﻪﻧﺎﻧﺯ,ﮓﻧﺳ ﻪﻟﻭﻠﮐ ﺩﺟﺳﻣ,911279,ﻥﻼﻐﺑ,194
599,1,ﻪﻧﺍﺩﺭﻣ,ﮏﺟﻧﮐ ﻪﻁﺳﻭﺗﻣ ﺏﺗﮑﻣ,913205,ﻥﻼﻐﺑ,195
599,1,ﻪﻧﺍﺩﺭﻣ,ﻪﻣﺷﭼ ﻡﻳﺭﻣ ﺩﺟﺳﻣ,910159,ﻥﻼﻐﺑ,196
599,2,ﻪﻧﺍﺩﺭﻣ,ﻪﻣﺷﭼ ﻡﻳﺭﻣ ﺩﺟﺳﻣ,910159,ﻥﻼﻐﺑ,197
599,1,ﻪﻧﺍﺩﺭﻣ,ﺭﻬﺷ ﻥﺎﻳﻣ ﻪﺳﻳﻟ ﺏﺗﮑﻣ,913209,ﻥﻼﻐﺑ,198
599,1,ﻪﻧﺍﺩﺭﻣ,ﻑﻳﻧﺣ ﺩﻣﺣﻣ ﻥﺍﻭﺳﻧ ﺏﺗﮑﻣ,914280,ﻥﻼﻐﺑ,199
599,4,ﻪﻧﺎﻧﺯ,ﻪﻳﻧﺎﻣﻌﻧ ﻪﺳﺭﺩﻣ,911164,ﻥﻼﻐﺑ,200
599,3,ﻪﻧﺎﻧﺯ,ﻩﺭﻗ ﻪﺗﺷﭘ  ﻪﺳﺭﺩﻣ,911165,ﻥﻼﻐﺑ,201
599,1,ﻪﻧﺍﺩﺭﻣ,ﻪﻳﺋﺍﺩﺗﺑﺍ ﺏﺗﮑﻣ,909196,ﻥﻼﻐﺑ,202
599,2,ﻪﻧﺎﻧﺯ,ﺭﻳﻣ ﻪﻌﻠﻗ ﻪﻳﺋﺍﺩﺗﺑﺍ ﺏﺗﮑﻣ,913256,ﻥﻼﻐﺑ,203
599,4,ﻪﻧﺎﻧﺯ,ﻩﺭﺍﺯﻫ یﺎﺳ ﻪﻁﺳﻭﺗﻣ ﺏﺗﮑﻣ,910150,ﻥﻼﻐﺑ,204
599,1,ﻪﻧﺍﺩﺭﻣ,ﯽﭼﺳ ﻪﻁﺳﻭﺗﻣ ﺏﺗﮑﻣ,913255,ﻥﻼﻐﺑ,205
599,2,ﻪﻧﺎﻧﺯ,ﯽﭼﺳ ﻪﻁﺳﻭﺗﻣ ﺏﺗﮑﻣ,913255,ﻥﻼﻐﺑ,206
599,4,ﻪﻧﺎﻧﺯ,ﻝﻳﺧ ﯽﻫﺎﺷ ﻪﻁﺳﻭﺗﻣ ﺏﺗﮑﻣ,905051,ﻥﻼﻐﺑ,207
599,1,ﻪﻧﺍﺩﺭﻣ,ﻩﺭﺩﻧﻳﺷ  ﺏﺗﮑﻣ,904142,ﻥﻼﻐﺑ,208
599,3,ﻪﻧﺎﻧﺯ,چﺭﻣ ﯽﮕﻧﺗ ﺙﺎﻧﺍ ﺏﺗﮑﻣ,910161,ﻥﻼﻐﺑ,209
599,2,ﻪﻧﺎﻧﺯ,ﺵﻣﺭﺗ ﻊﻣﺎﺟ ﺩﺟﺳﻣ,911172,ﻥﻼﻐﺑ,210
599,2,ﻪﻧﺎﻧﺯ,یﺯﺎﻏ ﺭﻳﻣ ﻝﺗ ﺏﺗﮑﻣ,908188,ﻥﻼﻐﺑ,211
599,2,ﻪﻧﺎﻧﺯ,چﻭ ﯽﺋﺍﺩﺗﺑﺍ ﺏﺗﮑﻣ,913215,ﻥﻼﻐﺑ,212
599,1,ﻪﻧﺍﺩﺭﻣ,ﺭﻭﻫﺎﻳ  ﺩﺟﺳﻣ,914226,ﻥﻼﻐﺑ,213
599,2,ﻪﻧﺍﺩﺭﻣ,ﺭﻭﻫﺎﻳ  ﺩﺟﺳﻣ,914226,ﻥﻼﻐﺑ,214
599,1,ﻪﻧﺍﺩﺭﻣ,ﻩﺭﺩﺷﻭﺧﺭﻭﮐﺯ ﺏﺗﮑﻣ,913206,ﻥﻼﻐﺑ,215
599,1,ﻪﻧﺍﺩﺭﻣ,ﻥﺎﭘﺳﺍ ﺩﺭﺯ ﻊﻣﺎﺟ ﺩﺟﺳﻣ,909191,ﻥﻼﻐﺑ,216
600,2,ﻪﻧﺍﺩﺭﻣ,ﻪﻧﻬﮐ ﺭﺍﺯﺎﺑ ﺏﺗﮑﻣ,2115307,ﺦﻠﺑ,217
600,2,ﻪﻧﺎﻧﺯ,چﻭﻠﺑ ﻪﺗﺳﭘ ﺏﺗﮑﻣ,2115314,ﺦﻠﺑ,218
599,3,ﻪﻧﺎﻧﺯ,ﻪﻧﻬﮐ ﺭﺍﺯﺎﺑ ﺏﺗﮑﻣ,2115307,ﺦﻠﺑ,219
600,1,ﻪﻧﺍﺩﺭﻣ,ﺭﺑﺎﺑ ﻪﻁﺳﻭﺗﻣ ﺏﺗﮑﻣ,310129,ﻥﺍﻭﺭﭘ,220
600,2,ﻪﻧﺎﻧﺯ,טﻧոﺭﺗ ﻪﻧﻭﻧﺎﮐﺩ ﻥﺎﺟ ﺩﻣﺣﺍ,1310161,ﺎﻳﺗﮑﭘ,221
600,2,ﻪﻧﺍﺩﺭﻣ,ﺏﺗﮑﻣ ﻭﻠﻳﺧ ﺩﻣﺣﺍ ﺩ,1307074,ﺎﻳﺗﮑﭘ,222
600,4,ﻪﻧﺍﺩﺭﻣ,ﺏﺗﮑﻣ ﻭﻠﻳﺧ ﺩﻣﺣﺍ ﺩ,1307074,ﺎﻳﺗﮑﭘ,223
600,5,ﻪﻧﺎﻧﺯ,ﺏﺗﮑﻣ ﻭﻠﻳﺧ ﺩﻣﺣﺍ ﺩ,1307074,ﺎﻳﺗﮑﭘ,224
600,1,ﻪﻧﺎﻧﺯ,ﻩﺭﺟﻫ ﻥﺎﺧ ﺏﺟﻋ,1309171,ﺎﻳﺗﮑﭘ,225
600,2,ﻪﻧﺎﻧﺯ,ﻩﺭﺟﻫ ﻥﺎﺧ ﺏﺟﻋ,1309171,ﺎﻳﺗﮑﭘ,226
600,1,ﻪﻧﺍﺩﺭﻣ,ﮏﻳﻧﻳﻠﮐ ﻭﻳךﻧﺳ ﯽﻠﻋ ﺩ,1307215,ﺎﻳﺗﮑﭘ,227
600,2,ﻪﻧﺍﺩﺭﻣ,ﮏﻳﻧﻳﻠﮐ ﻭﻳךﻧﺳ ﯽﻠﻋ ﺩ,1307215,ﺎﻳﺗﮑﭘ,228
600,3,ﻪﻧﺎﻧﺯ,ﮏﻳﻧﻳﻠﮐ ﻭﻳךﻧﺳ ﯽﻠﻋ ﺩ,1307215,ﺎﻳﺗﮑﭘ,229
600,2,ﻪﻧﺎﻧﺯ,ﻪﺳﺭﺩﻣ ﻡﺍﻭډﻧﺍ ﺩ,1313048,ﺎﻳﺗﮑﭘ,230
600,3,ﻪﻧﺍﺩﺭﻣ,ﺏﺗﮑﻣ ﻪﻁﺳﻭﺗﻣ ﻡﺍﻭډﻧﺍ,1313047,ﺎﻳﺗﮑﭘ,231
600,4,ﻪﻧﺎﻧﺯ,ﺏﺗﮑﻣ ﻪﻁﺳﻭﺗﻣ ﻡﺍﻭډﻧﺍ,1313047,ﺎﻳﺗﮑﭘ,232
600,1,ﻪﻧﺎﻧﺯ,ﺩﺟﺳﻣ ﻡﺍﺭﺍ ﺩ,1312145,ﺎﻳﺗﮑﭘ,233
600,2,ﻪﻧﺎﻧﺯ,ﺩﺟﺳﻣ ﻡﺍﺭﺍ ﺩ,1312145,ﺎﻳﺗﮑﭘ,234
600,1,ﻪﻧﺍﺩﺭﻣ,טﻧոﺭﺗ ﻥﺎﮐﻭﺩ ﷲﺩﺳﺍ,1309174,ﺎﻳﺗﮑﭘ,235
600,2,ﻪﻧﺍﺩﺭﻣ,טﻧոﺭﺗ ﻥﺎﮐﻭﺩ ﷲﺩﺳﺍ,1309174,ﺎﻳﺗﮑﭘ,236
600,1,ﻪﻧﺍﺩﺭﻣ,ﺏﺗﮑﻣ ﻭﻠﻳﺧ ﻭﻠﺑﺎﺑ,1310168,ﺎﻳﺗﮑﭘ,237
600,1,ﻪﻧﺎﻧﺯ,ﺏﺗﮑﻣ ﻭﻠﻳﺧ ﻭﺑﺎﺑ,1310169,ﺎﻳﺗﮑﭘ,238
600,3,ﻪﻧﺎﻧﺯ,ﺏﺗﮑﻣ ﻭﻠﻳﺧ ﻭﺑﺎﺑ,1310169,ﺎﻳﺗﮑﭘ,239
600,4,ﻪﻧﺎﻧﺯ,ﺏﺗﮑﻣ ﻭﻠﻳﺧ ﻭﺑﺎﺑ,1310169,ﺎﻳﺗﮑﭘ,240
600,1,ﻪﻧﺎﻧﺯ,ﺩﺟﺳﻣ ړﺎﻳךﺑ ﺩ,1310159,ﺎﻳﺗﮑﭘ,241
600,1,ﻪﻧﺍﺩﺭﻣ,ﺏﺗﮑﻣ ړﺎﻳךﺑ ﺩ,1310158,ﺎﻳﺗﮑﭘ,242
600,3,ﻪﻧﺍﺩﺭﻣ,ﺏﺗﮑﻣ ړﺎﻳךﺑ ﺩ,1310158,ﺎﻳﺗﮑﭘ,243
600,4,ﻪﻧﺍﺩﺭﻣ,ﺏﺗﮑﻣ ړﺎﻳךﺑ ﺩ,1310158,ﺎﻳﺗﮑﭘ,244
600,1,ﻪﻧﺍﺩﺭﻣ,ﺏﺗﻛﻣ ﻲיﺭﻭﺑ,1302218,ﺎﻳﺗﮑﭘ,245
600,2,ﻪﻧﺎﻧﺯ,ﺏﺗﻛﻣ ﻲיﺭﻭﺑ,1302218,ﺎﻳﺗﮑﭘ,246
600,3,ﻪﻧﺍﺩﺭﻣ,ﺏﺗﻛﻣ ﻲיﺭﻭﺑ,1302218,ﺎﻳﺗﮑﭘ,247
600,1,ﻪﻧﺎﻧﺯ,ﺩﺟﺳﻣ ﯽﻠﮐ ﻭﮔﺭﭼ,1312147,ﺎﻳﺗﮑﭘ,248
600,2,ﻪﻧﺎﻧﺯ,ﺩﺟﺳﻣ ﯽﻠﮐ ﻭﮔﺭﭼ,1312147,ﺎﻳﺗﮑﭘ,249
600,1,ﻪﻧﺍﺩﺭﻣ,ﻪﺳﺭﺩﻣ یﺭﺎﻧﻳﭼ ﺩ,1309178,ﺎﻳﺗﮑﭘ,250
600,2,ﻪﻧﺍﺩﺭﻣ,ﻪﺳﺭﺩﻣ یﺭﺎﻧﻳﭼ ﺩ,1309178,ﺎﻳﺗﮑﭘ,251
600,3,ﻪﻧﺍﺩﺭﻣ,ﻪﺳﺭﺩﻣ یﺭﺎﻧﻳﭼ ﺩ,1309178,ﺎﻳﺗﮑﭘ,252
600,4,ﻪﻧﺎﻧﺯ,ﻪﺳﺭﺩﻣ یﺭﺎﻧﻳﭼ ﺩ,1309178,ﺎﻳﺗﮑﭘ,253
600,1,ﻪﻧﺎﻧﺯ,ﺩﺟﺳﻣ ﺭﺎﻧﭼ,1310167,ﺎﻳﺗﮑﭘ,254
600,1,ﻪﻧﺍﺩﺭﻣ,یﺎﮐړﺭﻭﭼ ﺩﺟﺳﻣ,1313051,ﺎﻳﺗﮑﭘ,255
600,2,ﻪﻧﺍﺩﺭﻣ,یﺎﮐړﺭﻭﭼ ﺩﺟﺳﻣ,1313051,ﺎﻳﺗﮑﭘ,256
600,4,ﻪﻧﺍﺩﺭﻣ,یﺎﮐړﺭﻭﭼ ﺩﺟﺳﻣ,1313051,ﺎﻳﺗﮑﭘ,257
600,2,ﻪﻧﺎﻧﺯ,یﺎﮐړﺭﻭﭼ ﺏﺗﮑﻣ,1313052,ﺎﻳﺗﮑﭘ,258
600,1,ﻪﻧﺍﺩﺭﻣ,ﺩﺟﺳﻣ ﻱﺩﻧﺭﺩ ﺩ,1309209,ﺎﻳﺗﮑﭘ,259
600,2,ﻪﻧﺎﻧﺯ,ﺩﺟﺳﻣ ﻱﺩﻧﺭﺩ ﺩ,1309209,ﺎﻳﺗﮑﭘ,260
600,1,ﻪﻧﺍﺩﺭﻣ,ﺏﺗﮑﻣ ﻁﺳﻭﺗﻣ טﻧﺭﺩ ﺩ,1311181,ﺎﻳﺗﮑﭘ,261
600,2,ﻪﻧﺍﺩﺭﻣ,ﺏﺗﮑﻣ ﻁﺳﻭﺗﻣ טﻧﺭﺩ ﺩ,1311181,ﺎﻳﺗﮑﭘ,262
600,3,ﻪﻧﺍﺩﺭﻣ,ﺏﺗﮑﻣ ﻁﺳﻭﺗﻣ טﻧﺭﺩ ﺩ,1311181,ﺎﻳﺗﮑﭘ,263
600,1,ﻪﻧﺎﻧﺯ,ﺩﺟﺳﻣ ﻭﻠﻳﺧ ﺕﻟﻭﺩ ﺩ,1308141,ﺎﻳﺗﮑﭘ,264
600,2,ﻪﻧﺎﻧﺯ,ﺩﺟﺳﻣ ﻭﻠﻳﺧ ﺕﻟﻭﺩ ﺩ,1308141,ﺎﻳﺗﮑﭘ,265
600,1,ﻪﻧﺎﻧﺯ,ﻪﻧﺎﺧﺎﻔﺷ یﺯﮐﺭﻣ ﯽﻟﺍﻭﺳﻟﻭ ﺩ,1310157,ﺎﻳﺗﮑﭘ,266
600,2,ﻪﻧﺎﻧﺯ,ﻪﻧﺎﺧﺎﻔﺷ یﺯﮐﺭﻣ ﯽﻟﺍﻭﺳﻟﻭ ﺩ,1310157,ﺎﻳﺗﮑﭘ,267
600,3,ﻪﻧﺎﻧﺯ,ﻪﻧﺎﺧﺎﻔﺷ یﺯﮐﺭﻣ ﯽﻟﺍﻭﺳﻟﻭ ﺩ,1310157,ﺎﻳﺗﮑﭘ,268
600,3,ﻪﻧﺎﻧﺯ,ﺭﻳﻣﻌﺗ ﯽﻟﺍﻭﺳﻟﻭ,1305130,ﺎﻳﺗﮑﭘ,269
600,1,ﻪﻧﺍﺩﺭﻣ,ﺭﻳﻣﻌﺗ ﯽﻟﺍﻭﺳﻟﻭ,1312144,ﺎﻳﺗﮑﭘ,270
600,3,ﻪﻧﺍﺩﺭﻣ,ﺭﻳﻣﻌﺗ ﯽﻟﺍﻭﺳﻟﻭ,1312144,ﺎﻳﺗﮑﭘ,271
600,1,ﻪﻧﺍﺩﺭﻣ,ﺩﺟﺳﻣ یﺩﻭﺩ,1312223,ﺎﻳﺗﮑﭘ,272
600,3,ﻪﻧﺎﻧﺯ,ﺩﺟﺳﻣ یﺩﻭﺩ,1312223,ﺎﻳﺗﮑﭘ,273
600,2,ﻪﻧﺍﺩﺭﻣ,ﻪﺗ ﺎﺷ ﻪﻧﻭﻧﺎﮐﻭﺩ یﺭﺧﻓ,1305128,ﺎﻳﺗﮑﭘ,274
600,3,ﻪﻧﺎﻧﺯ,ﻪﺗ ﺎﺷ ﻪﻧﻭﻧﺎﮐﻭﺩ یﺭﺧﻓ,1305128,ﺎﻳﺗﮑﭘ,275
600,1,ﻪﻧﺍﺩﺭﻣ,ﺏﺗﮑﻣ ﺎﺑﺎﺑ ﺭﻳﻘﻓ ﺩ,1307070,ﺎﻳﺗﮑﭘ,276
600,2,ﻪﻧﺍﺩﺭﻣ,ﺏﺗﮑﻣ ﺎﺑﺎﺑ ﺭﻳﻘﻓ ﺩ,1307070,ﺎﻳﺗﮑﭘ,277
600,3,ﻪﻧﺍﺩﺭﻣ,ﺏﺗﮑﻣ ﺎﺑﺎﺑ ﺭﻳﻘﻓ ﺩ,1307070,ﺎﻳﺗﮑﭘ,278
600,4,ﻪﻧﺎﻧﺯ,ﺏﺗﮑﻣ ﺎﺑﺎﺑ ﺭﻳﻘﻓ ﺩ,1307070,ﺎﻳﺗﮑﭘ,279
600,5,ﻪﻧﺎﻧﺯ,ﺏﺗﮑﻣ ﺎﺑﺎﺑ ﺭﻳﻘﻓ ﺩ,1307070,ﺎﻳﺗﮑﭘ,280
600,1,ﻪﻧﺍﺩﺭﻣ,ﮏﻳﻧﻳﻠﮐ یړﻳո ﻩﺩﺭﮔ,1305129,ﺎﻳﺗﮑﭘ,281
600,2,ﻪﻧﺍﺩﺭﻣ,ﮏﻳﻧﻳﻠﮐ یړﻳո ﻩﺩﺭﮔ,1305129,ﺎﻳﺗﮑﭘ,282
600,3,ﻪﻧﺍﺩﺭﻣ,ﮏﻳﻧﻳﻠﮐ یړﻳո ﻩﺩﺭﮔ,1305129,ﺎﻳﺗﮑﭘ,283
600,3,ﻪﻧﺍﺩﺭﻣ,ﺩﺟﺳﻣ ﻱړﻳո ﻩﺩﺭﮔ,1305131,ﺎﻳﺗﮑﭘ,284
600,4,ﻪﻧﺎﻧﺯ,ﺩﺟﺳﻣ ﻱړﻳո ﻩﺩﺭﮔ,1305131,ﺎﻳﺗﮑﭘ,285
600,1,ﻪﻧﺍﺩﺭﻣ,ﺩﺟﺳﻣ ﻱﺯﻧﻭﻏﺩ,1313205,ﺎﻳﺗﮑﭘ,286
600,2,ﻪﻧﺍﺩﺭﻣ,ﺩﺟﺳﻣ ﻱﺯﻧﻭﻏﺩ,1313205,ﺎﻳﺗﮑﭘ,287
600,3,ﻪﻧﺎﻧﺯ,ﺩﺟﺳﻣ ﻱﺯﻧﻭﻏﺩ,1313205,ﺎﻳﺗﮑﭘ,288
600,4,ﻪﻧﺍﺩﺭﻣ,ﺩﺟﺳﻣ ﻱﺯﻧﻭﻏﺩ,1313205,ﺎﻳﺗﮑﭘ,289
600,1,ﻪﻧﺍﺩﺭﻣ,ﻪﺳﺭﺩﻣ ﻪﻟﻭﺧ ﯽﮐﺭﻭﻏ,1305206,ﺎﻳﺗﮑﭘ,290
600,1,ﻪﻧﺍﺩﺭﻣ,یﺯﻧﻭﺧ ﯽﻧﺯﻧﻣ ﻭﻧﻭﺟﻧ ﺩ,1311221,ﺎﻳﺗﮑﭘ,291
600,2,ﻪﻧﺍﺩﺭﻣ,ﺩﺟﺳﻣ یډﻧﻭﻏ ﻝי,1307076,ﺎﻳﺗﮑﭘ,292
600,1,ﻪﻧﺎﻧﺯ,ﻪﻣﻳﺧ ﯽﻟﻭ ﻝﮔ ﺩ,1305117,ﺎﻳﺗﮑﭘ,293
600,1,ﻪﻧﺍﺩﺭﻣ,ﻩﺩﻫ,1308219,ﺎﻳﺗﮑﭘ,294
600,2,ﻪﻧﺍﺩﺭﻣ,ﻩﺩﻫ,1308219,ﺎﻳﺗﮑﭘ,295
600,3,ﻪﻧﺎﻧﺯ,ﻩﺩﻫ,1308219,ﺎﻳﺗﮑﭘ,296
600,1,ﻪﻧﺍﺩﺭﻣ,טﻧոﺭﺗ ﻥﺎﮐﻭﺩ ﻡﺷﺎﻫ ﺩ,1307053,ﺎﻳﺗﮑﭘ,297
600,2,ﻪﻧﺍﺩﺭﻣ,טﻧոﺭﺗ ﻥﺎﮐﻭﺩ ﻡﺷﺎﻫ ﺩ,1307053,ﺎﻳﺗﮑﭘ,298
600,3,ﻪﻧﺍﺩﺭﻣ,טﻧոﺭﺗ ﻥﺎﮐﻭﺩ ﻡﺷﺎﻫ ﺩ,1307053,ﺎﻳﺗﮑﭘ,299
600,4,ﻪﻧﺍﺩﺭﻣ,טﻧոﺭﺗ ﻥﺎﮐﻭﺩ ﻡﺷﺎﻫ ﺩ,1307053,ﺎﻳﺗﮑﭘ,300
600,5,ﻪﻧﺍﺩﺭﻣ,טﻧոﺭﺗ ﻥﺎﮐﻭﺩ ﻡﺷﺎﻫ ﺩ,1307053,ﺎﻳﺗﮑﭘ,301
600,1,ﻪﻧﺍﺩﺭﻣ,טﻧոﺭﺗ ﻪﻧﻭﻧﺎﮐﺩ ﻡﻳﻫﺍﺭﺑﺍ ﺩ,1305127,ﺎﻳﺗﮑﭘ,302
600,3,ﻪﻧﺍﺩﺭﻣ,טﻧոﺭﺗ ﻪﻧﻭﻧﺎﮐﺩ ﻡﻳﻫﺍﺭﺑﺍ ﺩ,1305127,ﺎﻳﺗﮑﭘ,303
600,4,ﻪﻧﺎﻧﺯ,טﻧոﺭﺗ ﻪﻧﻭﻧﺎﮐﺩ ﻡﻳﻫﺍﺭﺑﺍ ﺩ,1305127,ﺎﻳﺗﮑﭘ,304
600,1,ﻪﻧﺍﺩﺭﻣ,ﺏﺗﮑﻣ ﻡﻅﻋﺍ ﻡﺎﻣﺍ ﺩ,1307071,ﺎﻳﺗﮑﭘ,305
600,2,ﻪﻧﺍﺩﺭﻣ,ﺏﺗﮑﻣ ﻡﻅﻋﺍ ﻡﺎﻣﺍ ﺩ,1307071,ﺎﻳﺗﮑﭘ,306
600,3,ﻪﻧﺍﺩﺭﻣ,ﺏﺗﮑﻣ ﻡﻅﻋﺍ ﻡﺎﻣﺍ ﺩ,1307071,ﺎﻳﺗﮑﭘ,307
600,4,ﻪﻧﺎﻧﺯ,ﺏﺗﮑﻣ ﻡﻅﻋﺍ ﻡﺎﻣﺍ ﺩ,1307071,ﺎﻳﺗﮑﭘ,308
600,1,ﻪﻧﺍﺩﺭﻣ,ﮏﻳﻧﻳﻠﮐ ﻍﺎﺑ یﺯﺎﻧﺟ ﺩ,1308140,ﺎﻳﺗﮑﭘ,309
600,2,ﻪﻧﺍﺩﺭﻣ,ﮏﻳﻧﻳﻠﮐ ﻍﺎﺑ یﺯﺎﻧﺟ ﺩ,1308140,ﺎﻳﺗﮑﭘ,310
600,2,ﻪﻧﺎﻧﺯ,ﮏﻳﻧﻳﻠﮐ ﻭﻠﻳﺧ ﯽﻧﺎﺟ,1309173,ﺎﻳﺗﮑﭘ,311
600,4,ﻪﻧﺎﻧﺯ,ﮏﻳﻧﻳﻠﮐ ﻭﻠﻳﺧ ﯽﻧﺎﺟ,1309173,ﺎﻳﺗﮑﭘ,312
600,6,ﻪﻧﺍﺩﺭﻣ,ﻪﺳﻳﻟ ﯽﻟﺎﻋ ﻭﻠﻳﺧ ﯽﻧﺎﺟ,1309172,ﺎﻳﺗﮑﭘ,313
600,1,ﻪﻧﺍﺩﺭﻣ,ﺯﻳﺭﺎﮐ ﺩﺟﺳﻣ,1306031,ﺎﻳﺗﮑﭘ,314
600,1,ﻪﻧﺎﻧﺯ,ﺏﺗﮑﻣ ﺯﻳﺭﺎﮐ ﺩ,1306032,ﺎﻳﺗﮑﭘ,315
600,2,ﻪﻧﺎﻧﺯ,ﺏﺗﮑﻣ ﺯﻳﺭﺎﮐ ﺩ,1306032,ﺎﻳﺗﮑﭘ,316
600,1,ﻪﻧﺍﺩﺭﻣ,ﺏﺗﻛﻣ ﻲﻧﻣﺭﻳﺧﺩ,1307212,ﺎﻳﺗﮑﭘ,317
600,2,ﻪﻧﺎﻧﺯ,ﺏﺗﻛﻣ ﻲﻧﻣﺭﻳﺧﺩ,1307212,ﺎﻳﺗﮑﭘ,318
600,1,ﻪﻧﺎﻧﺯ,ﺩﺟﺳﻣ ﯽﻧﺍﺭﻳﺧ,1312151,ﺎﻳﺗﮑﭘ,319
600,2,ﻪﻧﺎﻧﺯ,ﺩﺟﺳﻣ ﯽﻧﺍﺭﻳﺧ,1312151,ﺎﻳﺗﮑﭘ,320
600,1,ﻪﻧﺍﺩﺭﻣ,ﺏﺗﮑﻣ ﯽﻧﺍﺭﻳﺧ,1312150,ﺎﻳﺗﮑﭘ,321
600,2,ﻪﻧﺍﺩﺭﻣ,ﺏﺗﮑﻣ ﯽﻧﺍﺭﻳﺧ,1312150,ﺎﻳﺗﮑﭘ,322
600,1,ﻪﻧﺍﺩﺭﻣ,ﻪﺳﻳﻟ ﯽﻟﺎﻋ ﻭﻧﻼﻳﻠﺧ ﺩ,1313046,ﺎﻳﺗﮑﭘ,323
600,2,ﻪﻧﺍﺩﺭﻣ,ﻪﺳﻳﻟ ﯽﻟﺎﻋ ﻭﻧﻼﻳﻠﺧ ﺩ,1313046,ﺎﻳﺗﮑﭘ,324
600,4,ﻪﻧﺎﻧﺯ,ﻪﺳﻳﻟ ﯽﻟﺎﻋ ﻭﻧﻼﻳﻠﺧ ﺩ,1313046,ﺎﻳﺗﮑﭘ,325
600,5,ﻪﻧﺎﻧﺯ,ﻪﺳﻳﻟ ﯽﻟﺎﻋ ﻭﻧﻼﻳﻠﺧ ﺩ,1313046,ﺎﻳﺗﮑﭘ,326
600,6,ﻪﻧﺎﻧﺯ,ﻪﺳﻳﻟ ﯽﻟﺎﻋ ﻭﻧﻼﻳﻠﺧ ﺩ,1313046,ﺎﻳﺗﮑﭘ,327
600,1,ﻪﻧﺍﺩﺭﻣ,ﺩﺟﺳﻣ ﻭﻠﻳﺧډﻧﺧ ﺩ,1306023,ﺎﻳﺗﮑﭘ,328
600,2,ﻪﻧﺍﺩﺭﻣ,ﺩﺟﺳﻣ ﻭﻠﻳﺧډﻧﺧ ﺩ,1306023,ﺎﻳﺗﮑﭘ,329
600,3,ﻪﻧﺍﺩﺭﻣ,ﺩﺟﺳﻣ ﻭﻠﻳﺧډﻧﺧ ﺩ,1306023,ﺎﻳﺗﮑﭘ,330
600,4,ﻪﻧﺍﺩﺭﻣ,ﺩﺟﺳﻣ ﻭﻠﻳﺧډﻧﺧ ﺩ,1306023,ﺎﻳﺗﮑﭘ,331
600,4,ﻪﻧﺎﻧﺯ,ﺏﺗﮑﻣ ﻭﻠﻳﺧ ﺩﻧﺧ ﺩ,1306024,ﺎﻳﺗﮑﭘ,332
600,2,ﻪﻧﺎﻧﺯ,ﮏﻳﻧﻳﻠﮐ ﻭﻠﻳﺧ ﻝﺎﺣﺷﻭﺧ ﺩ,1306028,ﺎﻳﺗﮑﭘ,333
600,2,ﻪﻧﺍﺩﺭﻣ,ﺩﺟﺳﻣ ﻭﻠﻳﺧ ﺭﺩﻧﻭﮐ,1306021,ﺎﻳﺗﮑﭘ,334
600,4,ﻪﻧﺎﻧﺯ,ﺩﺟﺳﻣ ﻭﻠﻳﺧ ﺭﺩﻧﻭﮐ,1306021,ﺎﻳﺗﮑﭘ,335
600,5,ﻪﻧﺎﻧﺯ,ﺩﺟﺳﻣ ﻭﻠﻳﺧ ﺭﺩﻧﻭﮐ,1306021,ﺎﻳﺗﮑﭘ,336
600,2,ﻪﻧﺍﺩﺭﻣ,ﺩﺟﺳﻣ ﯽﮑ ﻭﮐ ﺩ,1307077,ﺎﻳﺗﮑﭘ,337
600,1,ﻪﻧﺍﺩﺭﻣ,ﯽﮑ ﻭﮐ ﺩﺟﺳﻣ,1309170,ﺎﻳﺗﮑﭘ,338
600,2,ﻪﻧﺍﺩﺭﻣ,ﯽﮑ ﻭﮐ ﺩﺟﺳﻣ,1309170,ﺎﻳﺗﮑﭘ,339
600,3,ﻪﻧﺍﺩﺭﻣ,ﯽﮑ ﻭﮐ ﺩﺟﺳﻣ,1309170,ﺎﻳﺗﮑﭘ,340
600,1,ﻪﻧﺎﻧﺯ,ﺩﺟﺳﻣ ﯽﺗﺷﻳﺷ ﺊﮑ ﻭﮐ,1307060,ﺎﻳﺗﮑﭘ,341
600,2,ﻪﻧﺎﻧﺯ,ﺩﺟﺳﻣ ﯽﺗﺷﻳﺷ ﺊﮑ ﻭﮐ,1307060,ﺎﻳﺗﮑﭘ,342
600,3,ﻪﻧﺎﻧﺯ,ﺩﺟﺳﻣ ﯽﺗﺷﻳﺷ ﺊﮑ ﻭﮐ,1307060,ﺎﻳﺗﮑﭘ,343
600,4,ﻪﻧﺍﺩﺭﻣ,ﺩﺟﺳﻣ ﯽﺗﺷﻳﺷ ﺊﮑ ﻭﮐ,1307060,ﺎﻳﺗﮑﭘ,344
600,1,ﻪﻧﺍﺩﺭﻣ,ﻝךﻧﻣ ﻪﺟﻟ ﺏﺗﮑﻣ,1312146,ﺎﻳﺗﮑﭘ,345
600,2,ﻪﻧﺍﺩﺭﻣ,ﻝךﻧﻣ ﻪﺟﻟ ﺏﺗﮑﻣ,1312146,ﺎﻳﺗﮑﭘ,346
600,1,ﻪﻧﺍﺩﺭﻣ,ﺏﺗﮑﻣ ﻪﻳﺋﺍﺩﺗﺑﺍ ﻪﺟﻟ,1312148,ﺎﻳﺗﮑﭘ,347
600,2,ﻪﻧﺍﺩﺭﻣ,ﺏﺗﮑﻣ ﻪﻳﺋﺍﺩﺗﺑﺍ ﻪﺟﻟ,1312148,ﺎﻳﺗﮑﭘ,348
600,3,ﻪﻧﺍﺩﺭﻣ,ﺏﺗﮑﻣ ﻪﻳﺋﺍﺩﺗﺑﺍ ﻪﺟﻟ,1312148,ﺎﻳﺗﮑﭘ,349
600,1,ﻪﻧﺍﺩﺭﻣ,ﻪﺳﺭﺩﻣ ﻝﻭﻬﮐ ﮏﻠﻟ,1312222,ﺎﻳﺗﮑﭘ,350
600,2,ﻪﻧﺍﺩﺭﻣ,ﻪﺳﺭﺩﻣ ﻝﻭﻬﮐ ﮏﻠﻟ,1312222,ﺎﻳﺗﮑﭘ,351
600,3,ﻪﻧﺎﻧﺯ,ﻪﺳﺭﺩﻣ ﻝﻭﻬﮐ ﮏﻠﻟ,1312222,ﺎﻳﺗﮑﭘ,352
600,1,ﻪﻧﺍﺩﺭﻣ,ﻪﺳﺭﺩﻣ یړ ﺍﻭﻟ ﺩ,1310166,ﺎﻳﺗﮑﭘ,353
600,4,ﻪﻧﺍﺩﺭﻣ,ﻪﺳﺭﺩﻣ یړ ﺍﻭﻟ ﺩ,1310166,ﺎﻳﺗﮑﭘ,354
600,3,ﻪﻧﺎﻧﺯ,ﮏﻳﻧﻳﻠﮐ ﻭﻐﻠﭼﻣ ﺩ,1302196,ﺎﻳﺗﮑﭘ,355
600,4,ﻪﻧﺎﻧﺯ,ﮏﻳﻧﻳﻠﮐ ﻭﻐﻠﭼﻣ ﺩ,1302196,ﺎﻳﺗﮑﭘ,356
600,3,ﻪﻧﺎﻧﺯ,ﺏﺗﮑﻣ ﻭﻠﻳﺧ ﯽﻟﺎﻣ ﺩ,1302194,ﺎﻳﺗﮑﭘ,357
600,2,ﻪﻧﺍﺩﺭﻣ,ﯽըﻧﻭﻭ֢ ﯽﻧըﻧﻣ ﻭﻳﺯﻭﻣﻣ ﺩ,1302197,ﺎﻳﺗﮑﭘ,358
600,1,ﻪﻧﺍﺩﺭﻣ,ﺩﺟﺳﻣ یډﺎךﻟﺍ ﺯﻧﻣ ﺩ,1309176,ﺎﻳﺗﮑﭘ,359
600,2,ﻪﻧﺎﻧﺯ,ﺩﺟﺳﻣ یډﺎךﻟﺍ ﺯﻧﻣ ﺩ,1309176,ﺎﻳﺗﮑﭘ,360
600,1,ﻪﻧﺍﺩﺭﻣ,ﺩﺟﺳﻣ ﺥﺭﻭ ﻣ,1311210,ﺎﻳﺗﮑﭘ,361
600,2,ﻪﻧﺎﻧﺯ,ﺩﺟﺳﻣ ﺥﺭﻭ ﻣ,1311210,ﺎﻳﺗﮑﭘ,362
600,2,ﻪﻧﺍﺩﺭﻣ,ﺕﺎﻣﻭﺟ ﻊﻣﺎﺟ ﻥﺳﺣﺭﻳﻣ ﺩ,1311182,ﺎﻳﺗﮑﭘ,363
600,4,ﻪﻧﺎﻧﺯ,ﺕﺎﻣﻭﺟ ﻊﻣﺎﺟ ﻥﺳﺣﺭﻳﻣ ﺩ,1311182,ﺎﻳﺗﮑﭘ,364
600,1,ﻪﻧﺍﺩﺭﻣ,ﻪﻣﺭﻳոﺭﺗ ﻥﺎﮐﺩ ﺩﻣﺣﻣ ﺭﻳﻣ ﺩ,1307067,ﺎﻳﺗﮑﭘ,365
600,2,ﻪﻧﺍﺩﺭﻣ,ﻪﻣﺭﻳոﺭﺗ ﻥﺎﮐﺩ ﺩﻣﺣﻣ ﺭﻳﻣ ﺩ,1307067,ﺎﻳﺗﮑﭘ,366
600,3,ﻪﻧﺍﺩﺭﻣ,ﻪﻣﺭﻳոﺭﺗ ﻥﺎﮐﺩ ﺩﻣﺣﻣ ﺭﻳﻣ ﺩ,1307067,ﺎﻳﺗﮑﭘ,367
600,1,ﻪﻧﺎﻧﺯ,ﻪﺳﻳﻟ یﺯﺍﺭﻳﻣ,1308135,ﺎﻳﺗﮑﭘ,368
600,2,ﻪﻧﺎﻧﺯ,ﻪﺳﻳﻟ یﺯﺍﺭﻳﻣ,1308135,ﺎﻳﺗﮑﭘ,369
600,1,ﻪﻧﺍﺩﺭﻣ,ﺏﺗﮑﻣ یﺯﺍﺭﻳﻣ,1308134,ﺎﻳﺗﮑﭘ,370
600,2,ﻪﻧﺍﺩﺭﻣ,ﺏﺗﮑﻣ یﺯﺍﺭﻳﻣ,1308134,ﺎﻳﺗﮑﭘ,371
600,3,ﻪﻧﺍﺩﺭﻣ,ﺏﺗﮑﻣ یﺯﺍﺭﻳﻣ,1308134,ﺎﻳﺗﮑﭘ,372
600,3,ﻪﻧﺎﻧﺯ,ﺩﺟﺳﻣ ﻭﻠﻳﺧ یﺭﺻﻣ,1307054,ﺎﻳﺗﮑﭘ,373
600,3,ﻪﻧﺎﻧﺯ,ﺩﺟﺳﻣ ﭻﻣ,1306040,ﺎﻳﺗﮑﭘ,374
600,2,ﻪﻧﺍﺩﺭﻣ,טﻧոﺭﺗ ﻥﺎﮐﺩ ﺭﻭﻧﺍ ﺩﻣﺣﻣ ﺩ,1307059,ﺎﻳﺗﮑﭘ,375
600,4,ﻪﻧﺍﺩﺭﻣ,טﻧոﺭﺗ ﻥﺎﮐﺩ ﺭﻭﻧﺍ ﺩﻣﺣﻣ ﺩ,1307059,ﺎﻳﺗﮑﭘ,376
600,1,ﻪﻧﺍﺩﺭﻣ,ﺏﺗﮑﻣ ﷲ ﺩﻣﺣﻣ,1307065,ﺎﻳﺗﮑﭘ,377
600,2,ﻪﻧﺍﺩﺭﻣ,ﺏﺗﮑﻣ ﷲ ﺩﻣﺣﻣ,1307065,ﺎﻳﺗﮑﭘ,378
600,3,ﻪﻧﺍﺩﺭﻣ,ﺏﺗﮑﻣ ﷲ ﺩﻣﺣﻣ,1307065,ﺎﻳﺗﮑﭘ,379
600,4,ﻪﻧﺍﺩﺭﻣ,ﺏﺗﮑﻣ ﷲ ﺩﻣﺣﻣ,1307065,ﺎﻳﺗﮑﭘ,380
600,5,ﻪﻧﺎﻧﺯ,ﺏﺗﮑﻣ ﷲ ﺩﻣﺣﻣ,1307065,ﺎﻳﺗﮑﭘ,381
600,1,ﻪﻧﺎﻧﺯ,ﻪﮑﺷﻭﻣ ﮏﻳﻧﻳﻠﮐ,1308137,ﺎﻳﺗﮑﭘ,382
600,2,ﻪﻧﺎﻧﺯ,ﻪﮑﺷﻭﻣ ﮏﻳﻧﻳﻠﮐ,1308137,ﺎﻳﺗﮑﭘ,383
600,1,ﻪﻧﺍﺩﺭﻣ,ﺩﺟﺳﻣ ﯽﮑﺷﻭﻣ ﺩ,1308136,ﺎﻳﺗﮑﭘ,384
600,2,ﻪﻧﺍﺩﺭﻣ,ﺩﺟﺳﻣ ﯽﮑﺷﻭﻣ ﺩ,1308136,ﺎﻳﺗﮑﭘ,385
600,1,ﻪﻧﺍﺩﺭﻣ,ﺏﺗﻛﻣ ﻲﺗﻭﻣﺩ,1308207,ﺎﻳﺗﮑﭘ,386
600,2,ﻪﻧﺎﻧﺯ,ﺏﺗﻛﻣ ﻲﺗﻭﻣﺩ,1308207,ﺎﻳﺗﮑﭘ,387
600,1,ﻪﻧﺍﺩﺭﻣ,ﺩﺟﺳﻣ ﻝי ﻪﻟﻭﻣ,1309177,ﺎﻳﺗﮑﭘ,388
600,2,ﻪﻧﺍﺩﺭﻣ,ﺩﺟﺳﻣ ﻝי ﻪﻟﻭﻣ,1309177,ﺎﻳﺗﮑﭘ,389
600,3,ﻪﻧﺍﺩﺭﻣ,ﺩﺟﺳﻣ ﻝי ﻪﻟﻭﻣ,1309177,ﺎﻳﺗﮑﭘ,390
600,1,ﻪﻧﺍﺩﺭﻣ,ﯽըﻧﻭﻭ֢ ﺎﻳﺗﺳﺍ ﻡﺭﺣﻣ,1307216,ﺎﻳﺗﮑﭘ,391
600,2,ﻪﻧﺍﺩﺭﻣ,ﯽըﻧﻭﻭ֢ ﺎﻳﺗﺳﺍ ﻡﺭﺣﻣ,1307216,ﺎﻳﺗﮑﭘ,392
600,1,ﻪﻧﺍﺩﺭﻣ,ﺩﺟﺳﻣ ﻥﻳﺩﻟﺍ ﺏﺋﺎﻧ,1313044,ﺎﻳﺗﮑﭘ,393
600,4,ﻪﻧﺍﺩﺭﻣ,ﺩﺟﺳﻣ ﻥﻳﺩﻟﺍ ﺏﺋﺎﻧ,1313044,ﺎﻳﺗﮑﭘ,394
600,5,ﻪﻧﺎﻧﺯ,ﺩﺟﺳﻣ ﻥﻳﺩﻟﺍ ﺏﺋﺎﻧ,1313044,ﺎﻳﺗﮑﭘ,395
600,6,ﻪﻧﺎﻧﺯ,ﺩﺟﺳﻣ ﻥﻳﺩﻟﺍ ﺏﺋﺎﻧ,1313044,ﺎﻳﺗﮑﭘ,396
600,7,ﻪﻧﺍﺩﺭﻣ,ﺩﺟﺳﻣ ﻥﻳﺩﻟﺍ ﺏﺋﺎﻧ,1313044,ﺎﻳﺗﮑﭘ,397
600,2,ﻪﻧﺍﺩﺭﻣ,ﺏﺗﮑﻣ ﯽﺳיﺭﻧ ﺩ,1310165,ﺎﻳﺗﮑﭘ,398
600,3,ﻪﻧﺍﺩﺭﻣ,ﺎﺑﺎﺑ یﺭﺻﻧ ﺏﺗﮑﻣ,1305125,ﺎﻳﺗﮑﭘ,399
600,1,ﻪﻧﺎﻧﺯ,ﺩﺟﺳﻣ ﻪﮑﺗﭘ,1312149,ﺎﻳﺗﮑﭘ,400
600,2,ﻪﻧﺎﻧﺯ,ﺩﺟﺳﻣ ﻪﮑﺗﭘ,1312149,ﺎﻳﺗﮑﭘ,401
600,1,ﻪﻧﺍﺩﺭﻣ,ﺏﺗﮑﻣ ﻪﻳﺋﺍﺩﺗﺑﺍ,1305124,ﺎﻳﺗﮑﭘ,402
600,2,ﻪﻧﺍﺩﺭﻣ,ﺏﺗﮑﻣ ﻪﻳﺋﺍﺩﺗﺑﺍ,1305124,ﺎﻳﺗﮑﭘ,403
600,3,ﻪﻧﺎﻧﺯ,ﺏﺗﮑﻣ ﻪﻳﺋﺍﺩﺗﺑﺍ,1305124,ﺎﻳﺗﮑﭘ,404
600,4,ﻪﻧﺍﺩﺭﻣ,ﻪﺳﻳﻟ ﺩﻭﺭ ﺩ,1302190,ﺎﻳﺗﮑﭘ,405
600,9,ﻪﻧﺍﺩﺭﻣ,ﻪﺳﻳﻟ ﺩﻭﺭ ﺩ,1302190,ﺎﻳﺗﮑﭘ,406
600,1,ﻪﻧﺍﺩﺭﻣ,ﻪﺗ ﺎﺷ ﺭﻭﮐ ﻝﻳﺑﺻ ﺩ,1307073,ﺎﻳﺗﮑﭘ,407
600,2,ﻪﻧﺍﺩﺭﻣ,ﻪﺗ ﺎﺷ ﺭﻭﮐ ﻝﻳﺑﺻ ﺩ,1307073,ﺎﻳﺗﮑﭘ,408
600,1,ﻪﻧﺎﻧﺯ,ﮏﻳﻧﻳﻠﮐ ﻝﻳﺧﺭﺩﻧﮑﺳ,1308143,ﺎﻳﺗﮑﭘ,409
600,2,ﻪﻧﺎﻧﺯ,ﮏﻳﻧﻳﻠﮐ ﻝﻳﺧﺭﺩﻧﮑﺳ,1308143,ﺎﻳﺗﮑﭘ,410
600,1,ﻪﻧﺍﺩﺭﻣ,ﻪﺳﻳﻟ ﯽﻟﺎﻋ ﻝﻳﺧ ﺭﺩﻧﮑﺳ,1308142,ﺎﻳﺗﮑﭘ,411
600,2,ﻪﻧﺍﺩﺭﻣ,ﻪﺳﻳﻟ ﯽﻟﺎﻋ ﻝﻳﺧ ﺭﺩﻧﮑﺳ,1308142,ﺎﻳﺗﮑﭘ,412
600,3,ﻪﻧﺍﺩﺭﻣ,ﻪﺳﻳﻟ ﯽﻟﺎﻋ ﻝﻳﺧ ﺭﺩﻧﮑﺳ,1308142,ﺎﻳﺗﮑﭘ,413
600,3,ﻪﻧﺍﺩﺭﻣ,ﺏﺗﮑﻣ ﻪﻁﺳﻭﺗﻣ ﻝﺑﻘﻣ ﮏﺗﻠﺳ,1311187,ﺎﻳﺗﮑﭘ,414
600,2,ﻪﻧﺍﺩﺭﻣ,ﻪﺳﺭﺩﻣ ﻭﻠﻳﺧ ﻥﻳﻣﺳ ﺩ,1306029,ﺎﻳﺗﮑﭘ,415
600,3,ﻪﻧﺎﻧﺯ,ﮏﻳﻧﻳﻠﮐ טﻧﻠﻣ ﯽﮐﺭﺳ,1302192,ﺎﻳﺗﮑﭘ,416
600,5,ﻪﻧﺎﻧﺯ,ﮏﻳﻧﻳﻠﮐ ﯽﻟﺍﻭﺳﻟﻭ ﺩ,1306020,ﺎﻳﺗﮑﭘ,417
600,1,ﻪﻧﺍﺩﺭﻣ,ﺯﮐﺭﻣ ﯽﻟﺍﻭﺳﻭﻟﻭ ﻡﺭﮐ ﺩﻳﺳ,1306019,ﺎﻳﺗﮑﭘ,418
600,6,ﻪﻧﺎﻧﺯ,ﺏﺗﮑﻣ ﻪﻳﺋﺍﺩﺗﺑﺍ ﮏﺑﺷ ﺩ,1304113,ﺎﻳﺗﮑﭘ,419
600,2,ﻪﻧﺎﻧﺯ,ﺩﺟﺳﻣ ﺩﻣﺣﻣ ﻩﺎﺷ ﺩ,1307056,ﺎﻳﺗﮑﭘ,420
600,4,ﻪﻧﺎﻧﺯ,ﺩﺟﺳﻣ ﺩﻣﺣﻣ ﻩﺎﺷ ﺩ,1307056,ﺎﻳﺗﮑﭘ,421
600,1,ﻪﻧﺎﻧﺯ,ﺩﺟﺳﻣ ﮏﺑﺍﺭﺷ,1312155,ﺎﻳﺗﮑﭘ,422
600,2,ﻪﻧﺎﻧﺯ,ﺩﺟﺳﻣ ﮏﺑﺍﺭﺷ,1312155,ﺎﻳﺗﮑﭘ,423
600,1,ﻪﻧﺍﺩﺭﻣ,ﺏﺗﮑﻣ ﻪﻳﺋﺍﺩﺗﺑﺍ ﮏﺑﺍﺭﺷ,1312154,ﺎﻳﺗﮑﭘ,424
600,2,ﻪﻧﺍﺩﺭﻣ,ﺏﺗﮑﻣ ﻪﻳﺋﺍﺩﺗﺑﺍ ﮏﺑﺍﺭﺷ,1312154,ﺎﻳﺗﮑﭘ,425
600,1,ﻪﻧﺍﺩﺭﻣ,ﺏﺗﮑﻣ ﻩډﺎךﻟﺍ ﻪﻧﺍﻭﺭﻳﺷ,1311183,ﺎﻳﺗﮑﭘ,426
600,1,ﻪﻧﺍﺩﺭﻣ,ﺏﺗﮑﻣ ﺕﺍﻭﺷ ﺩ,1308132,ﺎﻳﺗﮑﭘ,427
600,4,ﻪﻧﺍﺩﺭﻣ,ﺏﺗﮑﻣ ﺕﺍﻭﺷ ﺩ,1308132,ﺎﻳﺗﮑﭘ,428
600,4,ﻪﻧﺎﻧﺯ,ﻪﻟﻭﺧ ﯽﻟﻭﭘﺷ ﺩﺟﺳﻣ,1311189,ﺎﻳﺗﮑﭘ,429
600,2,ﻪﻧﺍﺩﺭﻣ,ﺏﺗﮑﻣ یﺭﭘﺳ ﺩ,1307061,ﺎﻳﺗﮑﭘ,430
600,3,ﻪﻧﺍﺩﺭﻣ,ﺏﺗﮑﻣ یﺭﭘﺳ ﺩ,1307061,ﺎﻳﺗﮑﭘ,431
600,1,ﻪﻧﺎﻧﺯ,ﻝﻳﺧ ﻥﺎﻣﻳﻠﺳ ﺩﺟﺳﻣ,1308139,ﺎﻳﺗﮑﭘ,432
600,2,ﻪﻧﺎﻧﺯ,ﻝﻳﺧ ﻥﺎﻣﻳﻠﺳ ﺩﺟﺳﻣ,1308139,ﺎﻳﺗﮑﭘ,433
600,1,ﻪﻧﺎﻧﺯ,ﻪﻣﻳﺧ,1309175,ﺎﻳﺗﮑﭘ,434
600,1,ﻪﻧﺍﺩﺭﻣ,ﺩﺟﺳﻣ ﮏﻧﺳﻭﺗ,1312153,ﺎﻳﺗﮑﭘ,435
600,2,ﻪﻧﺍﺩﺭﻣ,ﺩﺟﺳﻣ ﮏﻧﺳﻭﺗ,1312153,ﺎﻳﺗﮑﭘ,436
600,3,ﻪﻧﺍﺩﺭﻣ,ﺩﺟﺳﻣ ﮏﻧﺳﻭﺗ,1312153,ﺎﻳﺗﮑﭘ,437
600,4,ﻪﻧﺎﻧﺯ,ﺩﺟﺳﻣ ﮏﻧﺳﻭﺗ,1312153,ﺎﻳﺗﮑﭘ,438
600,1,ﻪﻧﺍﺩﺭﻣ,ﮏﻧﺷﻭﺗ ﺏﺗﮑﻣ,1312152,ﺎﻳﺗﮑﭘ,439
600,2,ﻪﻧﺍﺩﺭﻣ,ﮏﻧﺷﻭﺗ ﺏﺗﮑﻣ,1312152,ﺎﻳﺗﮑﭘ,440
600,3,ﻪﻧﺍﺩﺭﻣ,ﮏﻧﺷﻭﺗ ﺏﺗﮑﻣ,1312152,ﺎﻳﺗﮑﭘ,441
600,4,ﻪﻧﺍﺩﺭﻣ,ﮏﻧﺷﻭﺗ ﺏﺗﮑﻣ,1312152,ﺎﻳﺗﮑﭘ,442
600,1,ﻪﻧﺍﺩﺭﻣ,ﻝﻳﺧ ﻥﺎﻣﺛﻋ ﺩﺟﺳﻣ,1306025,ﺎﻳﺗﮑﭘ,443
600,2,ﻪﻧﺍﺩﺭﻣ,ﻝﻳﺧ ﻥﺎﻣﺛﻋ ﺩﺟﺳﻣ,1306025,ﺎﻳﺗﮑﭘ,444
600,1,ﻪﻧﺍﺩﺭﻣ,ﻝﻳﺧ ﺱﻧﻭ ﺩﺟﺳﻣ,1308138,ﺎﻳﺗﮑﭘ,445
600,2,ﻪﻧﺎﻧﺯ,ﻝﻳﺧ ﺱﻧﻭ ﺩﺟﺳﻣ,1308138,ﺎﻳﺗﮑﭘ,446
600,3,ﻪﻧﺍﺩﺭﻣ,ﻝﻳﺧ ﺱﻧﻭ ﺩﺟﺳﻣ,1308138,ﺎﻳﺗﮑﭘ,447
600,3,ﻪﻧﺍﺩﺭﻣ,ﺏﺗﮑﻣ یډﺎךﮐﺍ ﯽﭼﻭ ﺩ,1313049,ﺎﻳﺗﮑﭘ,448
600,2,ﻪﻧﺎﻧﺯ,ﺏﺗﮑﻣ ېډﺎךﻟﺍ ﯽﭼﻭ ﺩ,1313050,ﺎﻳﺗﮑﭘ,449
599,4,ﻪﻧﺎﻧﺯ,טﻧոﺭﺗ ﻪﻧﻭﻧﺎﮐﺩ ﻥﺎﺟ ﺩﻣﺣﺍ,1310161,ﺎﻳﺗﮑﭘ,450
599,1,ﻪﻧﺍﺩﺭﻣ,ﺏﺗﮑﻣ ﻪﻁﺳﻭﺗﻣ ﻡﺍﻭډﻧﺍ,1313047,ﺎﻳﺗﮑﭘ,451
599,3,ﻪﻧﺍﺩﺭﻣ,טﻧոﺭﺗ ﻥﺎﮐﻭﺩ ﷲﺩﺳﺍ,1309174,ﺎﻳﺗﮑﭘ,452
599,3,ﻪﻧﺍﺩﺭﻣ,ﺏﺗﮑﻣ ﻭﻠﻳﺧ ﻭﻠﺑﺎﺑ,1310168,ﺎﻳﺗﮑﭘ,453
599,4,ﻪﻧﺍﺩﺭﻣ,ﺏﺗﮑﻣ ﻭﻠﻳﺧ ﻭﻠﺑﺎﺑ,1310168,ﺎﻳﺗﮑﭘ,454
599,2,ﻪﻧﺎﻧﺯ,ﺏﺗﮑﻣ ﻭﻠﻳﺧ ﻭﺑﺎﺑ,1310169,ﺎﻳﺗﮑﭘ,455
599,2,ﻪﻧﺎﻧﺯ,ﺏﺗﻛﻣ ﻲﻟﺍﺩﺑﺩ,1307217,ﺎﻳﺗﮑﭘ,456
599,2,ﻪﻧﺎﻧﺯ,ﺩﺟﺳﻣ ړﺎﻳךﺑ ﺩ,1310159,ﺎﻳﺗﮑﭘ,457
599,2,ﻪﻧﺎﻧﺯ,ﺏﺗﻛﻣ ﻡﻠﭼ,1309208,ﺎﻳﺗﮑﭘ,458
599,3,ﻪﻧﺎﻧﺯ,ﺩﺟﺳﻣ ﺭﺎﻧﭼ,1310167,ﺎﻳﺗﮑﭘ,459
599,3,ﻪﻧﺍﺩﺭﻣ,یﺎﮐړﺭﻭﭼ ﺩﺟﺳﻣ,1313051,ﺎﻳﺗﮑﭘ,460
599,1,ﻪﻧﺎﻧﺯ,یﺎﮐړﺭﻭﭼ ﺏﺗﮑﻣ,1313052,ﺎﻳﺗﮑﭘ,461
599,1,ﻪﻧﺍﺩﺭﻣ,ﻪﺳﺭﺩﻣ ﻝﮕﻧﻣ ﻡډ,1306036,ﺎﻳﺗﮑﭘ,462
599,4,ﻪﻧﺎﻧﺯ,ﺏﺗﮑﻣ ﻁﺳﻭﺗﻣ טﻧﺭﺩ ﺩ,1311181,ﺎﻳﺗﮑﭘ,463
599,4,ﻪﻧﺎﻧﺯ,ﻪﻧﺎﺧﺎﻔﺷ یﺯﮐﺭﻣ ﯽﻟﺍﻭﺳﻟﻭ ﺩ,1310157,ﺎﻳﺗﮑﭘ,464
599,1,ﻪﻧﺍﺩﺭﻣ,ﺭﻳﻣﻌﺗ ﯽﻟﺍﻭﺳﻟﻭ,1305130,ﺎﻳﺗﮑﭘ,465
599,1,ﻪﻧﺍﺩﺭﻣ,ﯽﻟﺍﻭﺳﻟﻭ ﺭﻳﻣﻌﺗ,1311179,ﺎﻳﺗﮑﭘ,466
599,3,ﻪﻧﺍﺩﺭﻣ,ﯽﻟﺍﻭﺳﻟﻭ ﺭﻳﻣﻌﺗ,1311179,ﺎﻳﺗﮑﭘ,467
599,2,ﻪﻧﺍﺩﺭﻣ,ﺭﻳﻣﻌﺗ ﯽﻟﺍﻭﺳﻟﻭ,1312144,ﺎﻳﺗﮑﭘ,468
599,3,ﻪﻧﺍﺩﺭﻣ,ﺩﺟﺳﻣ ﻝﮔ ﺩﻳﻋ ﺩ,1310160,ﺎﻳﺗﮑﭘ,469
599,2,ﻪﻧﺍﺩﺭﻣ,یﺯﻧﻭﺧ ﯽﻧﺯﻧﻣ ﻭﻧﻭﺟﻧ ﺩ,1311221,ﺎﻳﺗﮑﭘ,470
599,6,ﻪﻧﺎﻧﺯ,ﻝﻳﺧ ﻡﻳﻫﺍﺭﺑﺍ ﻪﺳﻳﻟ,1304112,ﺎﻳﺗﮑﭘ,471
599,6,ﻪﻧﺎﻧﺯ,ﮏﻳﻧﻳﻠﮐ ﻭﻠﻳﺧ ﯽﻧﺎﺟ,1309173,ﺎﻳﺗﮑﭘ,472
599,4,ﻪﻧﺍﺩﺭﻣ,ﻪﺳﻳﻟ ﯽﻟﺎﻋ ﻭﻠﻳﺧ ﯽﻧﺎﺟ,1309172,ﺎﻳﺗﮑﭘ,473
599,1,ﻪﻧﺎﻧﺯ,ﻪﻟﻭﺧ ﻩژﻳﻠﮐ,1305126,ﺎﻳﺗﮑﭘ,474
599,2,ﻪﻧﺎﻧﺯ,ﻪﻟﻭﺧ ﻩژﻳﻠﮐ,1305126,ﺎﻳﺗﮑﭘ,475
599,1,ﻪﻧﺎﻧﺯ,ﺏﺗﮑﻣ ﻭﻠﻳﺧ ﻪؕﮐ ﺩ,1307068,ﺎﻳﺗﮑﭘ,476
599,3,ﻪﻧﺍﺩﺭﻣ,ﻪﺳﻳﻟ ﯽﻟﺎﻋ ﻭﻧﻼﻳﻠﺧ ﺩ,1313046,ﺎﻳﺗﮑﭘ,477
599,1,ﻪﻧﺎﻧﺯ,ﺏﺗﮑﻣ ﻭﻠﻳﺧ ﺩﻧﺧ ﺩ,1306024,ﺎﻳﺗﮑﭘ,478
599,2,ﻪﻧﺎﻧﺯ,ﺏﺗﮑﻣ ﻭﻠﻳﺧ ﺩﻧﺧ ﺩ,1306024,ﺎﻳﺗﮑﭘ,479
599,1,ﻪﻧﺎﻧﺯ,ﮏﻳﻧﻳﻠﮐ ﻭﻠﻳﺧ ﻝﺎﺣﺷﻭﺧ ﺩ,1306028,ﺎﻳﺗﮑﭘ,480
599,2,ﻪﻧﺍﺩﺭﻣ,ﺕﺭﺎﻳﺯ ﯽﻠﻋ ﻪﺟﺍﻭﺧ,1302193,ﺎﻳﺗﮑﭘ,481
599,1,ﻪﻧﺍﺩﺭﻣ,ﺩﺟﺳﻣ ﻭﻠﻳﺧ ﺭﺩﻧﻭﮐ,1306021,ﺎﻳﺗﮑﭘ,482
599,2,ﻪﻧﺍﺩﺭﻣ,ﮏﻳﻧﻳﻠﮐ ﻭﻐﻠﭼﻣ ﺩ,1302196,ﺎﻳﺗﮑﭘ,483
599,2,ﻪﻧﺍﺩﺭﻣ,ﻪﺳﻳﻟ ﻭﻐﻠﭼﻣ ﺩ,1302195,ﺎﻳﺗﮑﭘ,484
599,3,ﻪﻧﺍﺩﺭﻣ,ﻪﺳﻳﻟ ﻭﻐﻠﭼﻣ ﺩ,1302195,ﺎﻳﺗﮑﭘ,485
599,6,ﻪﻧﺎﻧﺯ,ﻪﺳﻳﻟ ﻭﻐﻠﭼﻣ ﺩ,1302195,ﺎﻳﺗﮑﭘ,486
599,1,ﻪﻧﺎﻧﺯ,ﺏﺗﮑﻣ ﻭﻠﻳﺧ ﯽﻟﺎﻣ ﺩ,1302194,ﺎﻳﺗﮑﭘ,487
599,2,ﻪﻧﺎﻧﺯ,ﺏﺗﮑﻣ ﻭﻠﻳﺧ ﯽﻟﺎﻣ ﺩ,1302194,ﺎﻳﺗﮑﭘ,488
599,4,ﻪﻧﺍﺩﺭﻣ,ﯽըﻧﻭﻭ֢ ﯽﻧըﻧﻣ ﻭﻳﺯﻭﻣﻣ ﺩ,1302197,ﺎﻳﺗﮑﭘ,489
599,5,ﻪﻧﺎﻧﺯ,ﯽըﻧﻭﻭ֢ ﯽﻧըﻧﻣ ﻭﻳﺯﻭﻣﻣ ﺩ,1302197,ﺎﻳﺗﮑﭘ,490
599,4,ﻪﻧﺎﻧﺯ,ﻪﺳﻳﻟ ﻭﻠﻳﺧ ﻩﺩﻧﻣ ﺩ,1310163,ﺎﻳﺗﮑﭘ,491
599,1,ﻪﻧﺍﺩﺭﻣ,ﺕﺎﻣﻭﺟ ﻊﻣﺎﺟ ﻥﺳﺣﺭﻳﻣ ﺩ,1311182,ﺎﻳﺗﮑﭘ,492
599,4,ﻪﻧﺎﻧﺯ,ﺩﺟﺳﻣ ﻭﻠﻳﺧ یﺭﺻﻣ,1307054,ﺎﻳﺗﮑﭘ,493
599,2,ﻪﻧﺍﺩﺭﻣ,ﺩﺟﺳﻣ ﭻﻣ,1306040,ﺎﻳﺗﮑﭘ,494
599,3,ﻪﻧﺎﻧﺯ,ﯽըﻧﻭﻭ֢ ﺎﻳﺗﺳﺍ ﻡﺭﺣﻣ,1307216,ﺎﻳﺗﮑﭘ,495
599,1,ﻪﻧﺍﺩﺭﻣ,ﺎﺑﺎﺑ یﺭﺻﻧ ﺏﺗﮑﻣ,1305125,ﺎﻳﺗﮑﭘ,496
599,2,ﻪﻧﺎﻧﺯ,ﻩﺭﺟﻫ ﺩﻣﺣﻣ ﮏﻳﻧ ﺩ,1306037,ﺎﻳﺗﮑﭘ,497
599,3,ﻪﻧﺍﺩﺭﻣ,ﻪﺳﻳﻟ ﺩﻭﺭ ﺩ,1302190,ﺎﻳﺗﮑﭘ,498
599,1,ﻪﻧﺍﺩﺭﻣ,ﺏﺗﮑﻣ ﻝﻳﺧ ﻡﻼﺳ,1302191,ﺎﻳﺗﮑﭘ,499
599,7,ﻪﻧﺍﺩﺭﻣ,ﺏﺗﮑﻣ ﻝﻳﺧ ﻡﻼﺳ,1302191,ﺎﻳﺗﮑﭘ,500
599,2,ﻪﻧﺎﻧﺯ,ﻝﺑﻘﻣ ﮏﺗﻠﺳ ﮏﻳﻧﻳﻠﮐ ﯽﺣﺻ,1311188,ﺎﻳﺗﮑﭘ,501
599,1,ﻪﻧﺍﺩﺭﻣ,ﺏﺗﮑﻣ ﻪﻁﺳﻭﺗﻣ ﻝﺑﻘﻣ ﮏﺗﻠﺳ,1311187,ﺎﻳﺗﮑﭘ,502
599,3,ﻪﻧﺍﺩﺭﻣ,ﻪﺳﺭﺩﻣ ﻭﻠﻳﺧ ﻥﻳﻣﺳ ﺩ,1306029,ﺎﻳﺗﮑﭘ,503
599,3,ﻪﻧﺎﻧﺯ,ﮏﻳﻧﻳﻠﮐ ﯽﻟﺍﻭﺳﻟﻭ ﺩ,1306020,ﺎﻳﺗﮑﭘ,504
599,4,ﻪﻧﺎﻧﺯ,ﮏﻳﻧﻳﻠﮐ ﯽﻟﺍﻭﺳﻟﻭ ﺩ,1306020,ﺎﻳﺗﮑﭘ,505
599,2,ﻪﻧﺍﺩﺭﻣ,ﺯﮐﺭﻣ ﯽﻟﺍﻭﺳﻭﻟﻭ ﻡﺭﮐ ﺩﻳﺳ,1306019,ﺎﻳﺗﮑﭘ,506
599,1,ﻪﻧﺎﻧﺯ,ﺩﺟﺳﻣ ﺩﻣﺣﻣ ﻩﺎﺷ ﺩ,1307056,ﺎﻳﺗﮑﭘ,507
599,1,ﻪﻧﺍﺩﺭﻣ,ﺩﺟﺳﻣ ﻭﻧﺎﺧﻳﺷ ﺩ,1306034,ﺎﻳﺗﮑﭘ,508
599,1,ﻪﻧﺎﻧﺯ,ﮏﻳﻧﻳﻠﮐ ﺕﺍﻭﺷ,1308133,ﺎﻳﺗﮑﭘ,509
599,2,ﻪﻧﺎﻧﺯ,ﮏﻳﻧﻳﻠﮐ ﺕﺍﻭﺷ,1308133,ﺎﻳﺗﮑﭘ,510
599,2,ﻪﻧﺍﺩﺭﻣ,ﺏﺗﮑﻣ ﺕﺍﻭﺷ ﺩ,1308132,ﺎﻳﺗﮑﭘ,511
599,3,ﻪﻧﺍﺩﺭﻣ,ﺏﺗﮑﻣ ﺕﺍﻭﺷ ﺩ,1308132,ﺎﻳﺗﮑﭘ,512
599,2,ﻪﻧﺍﺩﺭﻣ,ﻪﻟﻭﺧ ﯽﻟﻭﭘﺷ ﺩﺟﺳﻣ,1311189,ﺎﻳﺗﮑﭘ,513
599,2,ﻪﻧﺎﻧﺯ,ﮏﻳﻧﻳﻠﮐ یﺭﻳﭘﺳ,1311180,ﺎﻳﺗﮑﭘ,514
599,2,ﻪﻧﺎﻧﺯ,ﻪﻣﻳﺧ,1309175,ﺎﻳﺗﮑﭘ,515
599,2,ﻪﻧﺎﻧﺯ,ﺩﺟﺳﻣ ﻝﻳﺧ ﻥﺎﻣﺛﻋ,1306026,ﺎﻳﺗﮑﭘ,516
599,2,ﻪﻧﺍﺩﺭﻣ,ﺏﺗﮑﻣ یډﺎךﮐﺍ ﯽﭼﻭ ﺩ,1313049,ﺎﻳﺗﮑﭘ,517
599,1,ﻪﻧﺎﻧﺯ,ﺏﺗﮑﻣ ېډﺎךﻟﺍ ﯽﭼﻭ ﺩ,1313050,ﺎﻳﺗﮑﭘ,518
600,1,ﻪﻧﺍﺩﺭﻣ,טﻧոﺭﺗ ﻥﺎﮐﻭﺩ ﻲﻠﮐ ﺩ ﯥﻧﻳﭼ ﻭﺩ ﺩ,1218241,ﺎﮑﻳﺗﮑﭘ,519
600,3,ﻪﻧﺍﺩﺭﻣ,טﻧոﺭﺗ ﻥﺎﮐﻭﺩ ﻲﻠﮐ ﺩ ﯥﻧﻳﭼ ﻭﺩ ﺩ,1218241,ﺎﮑﻳﺗﮑﭘ,520
600,4,ﻪﻧﺍﺩﺭﻣ,טﻧոﺭﺗ ﻥﺎﮐﻭﺩ ﻲﻠﮐ ﺩ ﯥﻧﻳﭼ ﻭﺩ ﺩ,1218241,ﺎﮑﻳﺗﮑﭘ,521
600,2,ﻪﻧﺍﺩﺭﻣ,ﻝﻳﺧ ﺱﺎﺑﻋ ﺕﺎﻣﻭﺟ,1210157,ﺎﮑﻳﺗﮑﭘ,522
600,1,ﻪﻧﺍﺩﺭﻣ,ﯽըﻧﻭﻭ֢ ﻝﻳﺧ ﺱﺎﺑﻋ,1210158,ﺎﮑﻳﺗﮑﭘ,523
600,2,ﻪﻧﺍﺩﺭﻣ,ﯽըﻧﻭﻭ֢ ﻝﻳﺧ ﺱﺎﺑﻋ,1210158,ﺎﮑﻳﺗﮑﭘ,524
600,1,ﻪﻧﺍﺩﺭﻣ,ﻪﻣﺭﻳոﺭﺗ ﻥﻭﺗﺳﻣﻠﻳﻣ ﻝﺩﺑﻋ,1218246,ﺎﮑﻳﺗﮑﭘ,525
600,2,ﻪﻧﺍﺩﺭﻣ,ﻪﻣﺭﻳոﺭﺗ ﻥﻭﺗﺳﻣﻠﻳﻣ ﻝﺩﺑﻋ,1218246,ﺎﮑﻳﺗﮑﭘ,526
600,3,ﻪﻧﺎﻧﺯ,ﻪﻣﺭﻳոﺭﺗ ﻥﻭﺗﺳﻣﻠﻳﻣ ﻝﺩﺑﻋ,1218246,ﺎﮑﻳﺗﮑﭘ,527
600,2,ﻪﻧﺎﻧﺯ,טﻧոﺭﺗ ﺭﻭﮐ ﻥﺎﻧﻣﻟﺍﺩﺑﻋ,1207088,ﺎﮑﻳﺗﮑﭘ,528
600,1,ﻪﻧﺎﻧﺯ,ﺦﻣﺎﺧﻣ ﻪﺗ ﻥﻭﺗﺳﻣﻠﻳﻣ ﻥﻣﺣﺭﻟﺍﺩﺑﻋ,1204048,ﺎﮑﻳﺗﮑﭘ,529
600,2,ﻪﻧﺍﺩﺭﻣ,ﺦﻣﺎﺧﻣ ﻪﺗ ﻥﻭﺗﺳﻣﻠﻳﻣ ﻥﻣﺣﺭﻟﺍﺩﺑﻋ,1204048,ﺎﮑﻳﺗﮑﭘ,530
600,3,ﻪﻧﺎﻧﺯ,ﻲﻠﻛ ﻥﺎﺧ ﻡﺩﺍ ﻲըﻧﻭﻭ֢ ﻪﻳﺋﺍﺩﺗﺑﺍ,1214306,ﺎﮑﻳﺗﮑﭘ,531
600,1,ﻪﻧﺍﺩﺭﻣ,ﯽﺗﺎי ﺩﻣﺣﺍ ﻥﺎﮐﻭﺩ یﻭﻠﻬﭘ,1214263,ﺎﮑﻳﺗﮑﭘ,532
600,2,ﻪﻧﺍﺩﺭﻣ,ﯽﺗﺎי ﺩﻣﺣﺍ ﻥﺎﮐﻭﺩ یﻭﻠﻬﭘ,1214263,ﺎﮑﻳﺗﮑﭘ,533
600,3,ﻪﻧﺍﺩﺭﻣ,ﯽﺗﺎי ﺩﻣﺣﺍ ﻥﺎﮐﻭﺩ یﻭﻠﻬﭘ,1214263,ﺎﮑﻳﺗﮑﭘ,534
600,4,ﻪﻧﺍﺩﺭﻣ,ﯽﺗﺎי ﺩﻣﺣﺍ ﻥﺎﮐﻭﺩ یﻭﻠﻬﭘ,1214263,ﺎﮑﻳﺗﮑﭘ,535
600,2,ﻪﻧﺍﺩﺭﻣ,ﻥﻭﺗﺳﻣﻠﻳﻣ ﻥﺎﺧ ﺩﻣﺣﺍ ﮏﻳﺩﺯﻧ,1204064,ﺎﮑﻳﺗﮑﭘ,536
600,3,ﻪﻧﺎﻧﺯ,ﻪﺗﺎﺷ ﺭﻭﮐ ﺭﺑﮐﺍ ﺩ,1209123,ﺎﮑﻳﺗﮑﭘ,537
600,2,ﻪﻧﺎﻧﺯ,טﻧոﺭﺗ ﻥﻭﺗﺳﻣﻠﻳﻣ ﺯﺎﺑ ﯽﻠﻋ,1211180,ﺎﮑﻳﺗﮑﭘ,538
600,2,ﻪﻧﺎﻧﺯ,ﻪﻣﺭﻳոﺭﺗ ﻥﻭﺗﺳﻣﻠﻳﻣ ﻥﺎﺧ ﻡﻳﻠﻋ,1211182,ﺎﮑﻳﺗﮑﭘ,539
600,3,ﻪﻧﺎﻧﺯ,ﻪﻣﺭﻳոﺭﺗ ﻥﻭﺗﺳﻣﻠﻳﻣ ﻥﺎﺧ ﻡﻳﻠﻋ,1211182,ﺎﮑﻳﺗﮑﭘ,540
600,1,ﻪﻧﺎﻧﺯ,ﻪﺳﺭﺩﻣ ﯽﻠﮐ ﯽﻣﻟﺎﻋ,1212188,ﺎﮑﻳﺗﮑﭘ,541
600,5,ﻪﻧﺎﻧﺯ,ﯽըﻧﻭﻭ֢ ﯽﻧړﻣﻭﻟ ﺩﺎﻬﺟﻟﺍ,1201009,ﺎﮑﻳﺗﮑﭘ,542
600,1,ﻪﻧﺍﺩﺭﻣ,ﻪﻣﺭﻳոﺭﺗ ﻥﻭﺗﺳﻣﻠﻳﻣ ﺭﺍﺩﻣ ﺭﻳﻣﺍ,1208135,ﺎﮑﻳﺗﮑﭘ,543
600,2,ﻪﻧﺍﺩﺭﻣ,ﻪﻣﺭﻳոﺭﺗ ﻥﻭﺗﺳﻣﻠﻳﻣ ﺭﺍﺩﻣ ﺭﻳﻣﺍ,1208135,ﺎﮑﻳﺗﮑﭘ,544
600,1,ﻪﻧﺍﺩﺭﻣ,ﯽըﻧﻭﻭ֢ ﻥﺎﺧﻳﺷ ﺏﺣﺎﺻﺎﺑﺎﺑ,1211169,ﺎﮑﻳﺗﮑﭘ,545
600,2,ﻪﻧﺍﺩﺭﻣ,ﯽըﻧﻭﻭ֢ ﻥﺎﺧﻳﺷ ﺏﺣﺎﺻﺎﺑﺎﺑ,1211169,ﺎﮑﻳﺗﮑﭘ,546
600,2,ﻪﻧﺍﺩﺭﻣ,یﺯﺩﻣﺣﺍ ﺭډﺎﺑ ﺩﺟﺳﻣ,1214266,ﺎﮑﻳﺗﮑﭘ,547
600,3,ﻪﻧﺎﻧﺯ,یﺯﺩﻣﺣﺍ ﺭډﺎﺑ ﺩﺟﺳﻣ,1214266,ﺎﮑﻳﺗﮑﭘ,548
600,2,ﻪﻧﺍﺩﺭﻣ,ﺕﺎﻣﻭﺟ ﺭﺍﺯﺎﺑ,1207288,ﺎﮑﻳﺗﮑﭘ,549
600,5,ﻪﻧﺍﺩﺭﻣ,ﺕﺎﻣﻭﺟ ﺭﺍﺯﺎﺑ ﺩ,1217219,ﺎﮑﻳﺗﮑﭘ,550
600,4,ﻪﻧﺍﺩﺭﻣ,ﯽﻧﺍﻭ یﺫﺎﺑ ﺕﺎﻣﻭﺟ,1203039,ﺎﮑﻳﺗﮑﭘ,551
600,1,ﻪﻧﺎﻧﺯ,ﻪﻣﺭﻳո ﻪﺗ ﻥﻭﺗﺳﻣﻠﻳﻣ ﻝﻭﺳﺭ ﺭﻳﺩﻣ,1203042,ﺎﮑﻳﺗﮑﭘ,552
600,2,ﻪﻧﺎﻧﺯ,ﻪﻣﺭﻳո ﻪﺗ ﻥﻭﺗﺳﻣﻠﻳﻣ ﻝﻭﺳﺭ ﺭﻳﺩﻣ,1203042,ﺎﮑﻳﺗﮑﭘ,553
600,1,ﻪﻧﺍﺩﺭﻣ,ﺕﺎﻣﻭﺟ ﺕﻭﮐ ﯽﺑ ﯽﺑ,1211177,ﺎﮑﻳﺗﮑﭘ,554
600,2,ﻪﻧﺍﺩﺭﻣ,ﺕﺎﻣﻭﺟ ﺕﻭﮐ ﯽﺑ ﯽﺑ,1211177,ﺎﮑﻳﺗﮑﭘ,555
600,1,ﻪﻧﺍﺩﺭﻣ,ﮏﻳﻧﻳﻠﮐ یﺯﮐﺭﻣ,1210156,ﺎﮑﻳﺗﮑﭘ,556
600,1,ﻪﻧﺍﺩﺭﻣ,ﻪﺳﻳﻟ یﺯﮐﺭﻣ,1210155,ﺎﮑﻳﺗﮑﭘ,557
600,2,ﻪﻧﺎﻧﺯ,ﻪﺳﻳﻟ یﺯﮐﺭﻣ,1210155,ﺎﮑﻳﺗﮑﭘ,558
600,2,ﻪﻧﺎﻧﺯ,ﮏﻳﻧﻳﻠﮐ,1218238,ﺎﮑﻳﺗﮑﭘ,559
600,4,ﻪﻧﺎﻧﺯ,ﺭﻳﮔﺍﺩ ﻥﻭﺗﺳﻣﻠﻳﻣ ﮏﻳﺩﺯﻧ,1201014,ﺎﮑﻳﺗﮑﭘ,560
600,1,ﻪﻧﺍﺩﺭﻣ,ﺯﮐﺭﻣ ﯽﻟﺍﻭﺳﻟﺍﻭ,1213203,ﺎﮑﻳﺗﮑﭘ,561
600,2,ﻪﻧﺍﺩﺭﻣ,ﺯﮐﺭﻣ ﯽﻟﺍﻭﺳﻟﺍﻭ,1213203,ﺎﮑﻳﺗﮑﭘ,562
600,3,ﻪﻧﺍﺩﺭﻣ,ﺯﮐﺭﻣ ﯽﻟﺍﻭﺳﻟﺍﻭ,1213203,ﺎﮑﻳﺗﮑﭘ,563
600,1,ﻪﻧﺎﻧﺯ,ﯽըﻧﻭﻭ֢ ﻪﻁﺳﻭﺗﻣ ﻲﻟﺍﻭﺳﻟﻭ ﺯﻛﺭﻣ,1218301,ﺎﮑﻳﺗﮑﭘ,564
600,1,ﻪﻧﺍﺩﺭﻣ,ﺯﮐﺭﻣ ﯽﻟﺍﻭﺳﻟﻭ,1218237,ﺎﮑﻳﺗﮑﭘ,565
600,3,ﻪﻧﺍﺩﺭﻣ,ﺯﮐﺭﻣ ﯽﻟﺍﻭﺳﻟﻭ,1218237,ﺎﮑﻳﺗﮑﭘ,566
600,4,ﻪﻧﺍﺩﺭﻣ,ﺯﮐﺭﻣ ﯽﻟﺍﻭﺳﻟﻭ,1218237,ﺎﮑﻳﺗﮑﭘ,567
600,5,ﻪﻧﺍﺩﺭﻣ,ﺯﮐﺭﻣ ﯽﻟﺍﻭﺳﻟﻭ,1218237,ﺎﮑﻳﺗﮑﭘ,568
600,3,ﻪﻧﺎﻧﺯ,(ﻪﻣﻳﺧ) ﯽﻟﺍﻭﺳﻟﻭ ﺯﮐﺭﻣ,1204060,ﺎﮑﻳﺗﮑﭘ,569
600,3,ﻪﻧﺎﻧﺯ,ﻪﻣﻳﺧ ﯽﻟﺍﻭﺳﻟﻭ ﺯﮐﺭﻣ,1207092,ﺎﮑﻳﺗﮑﭘ,570
600,1,ﻪﻧﺍﺩﺭﻣ,ﻪﻣﻳﺧ ﯽﻟﺍﻭﺳﻟﻭ ﺯﮐﺭﻣ,1215272,ﺎﮑﻳﺗﮑﭘ,571
600,2,ﻪﻧﺍﺩﺭﻣ,ﻪﻣﻳﺧ ﯽﻟﺍﻭﺳﻟﻭ ﺯﮐﺭﻣ,1215272,ﺎﮑﻳﺗﮑﭘ,572
600,3,ﻪﻧﺍﺩﺭﻣ,ﻪﻣﻳﺧ ﯽﻟﺍﻭﺳﻟﻭ ﺯﮐﺭﻣ,1215272,ﺎﮑﻳﺗﮑﭘ,573
600,4,ﻪﻧﺎﻧﺯ,ﻪﻣﻳﺧ ﯽﻟﺍﻭﺳﻟﻭ ﺯﮐﺭﻣ,1215272,ﺎﮑﻳﺗﮑﭘ,574
600,5,ﻪﻧﺎﻧﺯ,ﻪﻣﻳﺧ ﯽﻟﺍﻭﺳﻟﻭ ﺯﮐﺭﻣ,1215272,ﺎﮑﻳﺗﮑﭘ,575
600,4,ﻪﻧﺎﻧﺯ,ﻪﻣﻳﺧ ﯽﻟﺍﻭﺳﻟﻭ ﺯﮐﺭﻣ,1216208,ﺎﮑﻳﺗﮑﭘ,576
600,4,ﻪﻧﺎﻧﺯ,ﻪﻣﻳﺧ ﯽﻟﺍﻭﺳﻟﻭ ﺯﮐﺭﻣ,1217224,ﺎﮑﻳﺗﮑﭘ,577
600,2,ﻪﻧﺍﺩﺭﻣ,ﻪﻣﻳﺧ ﯽﻟﺍﻭﺳﻟﻭ ﺯﮐﺭﻣ,1219234,ﺎﮑﻳﺗﮑﭘ,578
600,3,ﻪﻧﺍﺩﺭﻣ,ﺕﺎﻣﻭﺟ ﯽﻟﺍﻭﺳﻟﻭ ﺩ,1214249,ﺎﮑﻳﺗﮑﭘ,579
600,1,ﻪﻧﺍﺩﺭﻣ,ﺕﺎﻣﻭﺟ ﻩﺎי ﺩﻳﻋ,1205073,ﺎﮑﻳﺗﮑﭘ,580
600,2,ﻪﻧﺍﺩﺭﻣ,ﺕﺎﻣﻭﺟ ﻩﺎי ﺩﻳﻋ,1205073,ﺎﮑﻳﺗﮑﭘ,581
600,3,ﻪﻧﺍﺩﺭﻣ,ﺕﺎﻣﻭﺟ ﻩﺎי ﺩﻳﻋ,1205073,ﺎﮑﻳﺗﮑﭘ,582
600,4,ﻪﻧﺍﺩﺭﻣ,ﺕﺎﻣﻭﺟ ﻩﺎי ﺩﻳﻋ,1205073,ﺎﮑﻳﺗﮑﭘ,583
600,1,ﻪﻧﺍﺩﺭﻣ,ﻪﻣﺭﻳոﺭﺗ ﻥﻭﺗﺳﻣﻠﻳﻣ ﻝﮔ ﺩﻳﻋ,1218240,ﺎﮑﻳﺗﮑﭘ,584
600,2,ﻪﻧﺎﻧﺯ,ﻪﻣﺭﻳոﺭﺗ ﻥﻭﺗﺳﻣﻠﻳﻣ ﻝﮔ ﺩﻳﻋ,1218240,ﺎﮑﻳﺗﮑﭘ,585
600,3,ﻪﻧﺎﻧﺯ,ﻪﻣﺭﻳոﺭﺗ ﻥﻭﺗﺳﻣﻠﻳﻣ ﻝﮔ ﺩﻳﻋ,1218240,ﺎﮑﻳﺗﮑﭘ,586
600,1,ﻪﻧﺍﺩﺭﻣ,ﻪﺳﺭﺩﻣ ﻥﺎﺧ ﺩﻳﻋ,1214259,ﺎﮑﻳﺗﮑﭘ,587
600,3,ﻪﻧﺍﺩﺭﻣ,ﻪﺳﺭﺩﻣ ﻥﺎﺧ ﺩﻳﻋ,1214259,ﺎﮑﻳﺗﮑﭘ,588
600,1,ﻪﻧﺍﺩﺭﻣ,ﺕﺎﻣﻭﺟ ﻩﺎﺷ ﻼﺳﺍ,1215275,ﺎﮑﻳﺗﮑﭘ,589
600,2,ﻪﻧﺍﺩﺭﻣ,ﺕﺎﻣﻭﺟ ﻩﺎﺷ ﻼﺳﺍ,1215275,ﺎﮑﻳﺗﮑﭘ,590
600,3,ﻪﻧﺎﻧﺯ,ﺩﻧﻭﺍﭙ ﻡﺎﮐ ﻪﻠﺻﺎﻓ,1207100,ﺎﮑﻳﺗﮑﭘ,591
600,4,ﻪﻧﺎﻧﺯ,ﺩﻧﻭﺍﭙ ﻡﺎﮐ ﻪﻠﺻﺎﻓ,1207100,ﺎﮑﻳﺗﮑﭘ,592
600,1,ﻪﻧﺍﺩﺭﻣ,ﻪﻣﺭﻳոﺭﺗ ﻥﻭﺗﺳﻣﻠﻳﻣ یﺯﻭﺑﺭﮔ,1211181,ﺎﮑﻳﺗﮑﭘ,593
600,2,ﻪﻧﺍﺩﺭﻣ,ﻪﻣﺭﻳոﺭﺗ ﻥﻭﺗﺳﻣﻠﻳﻣ یﺯﻭﺑﺭﮔ,1211181,ﺎﮑﻳﺗﮑﭘ,594
600,3,ﻪﻧﺍﺩﺭﻣ,טﻧոﺭﺗ ﻥﻭﺗﺳﻣﻠﻳﻣ ﺭﺩﻧﺟ,1216206,ﺎﮑﻳﺗﮑﭘ,595
600,1,ﻪﻧﺍﺩﺭﻣ,ﺕﺎﻣﻭﺟ ﺯﮐﺭﻣ ﯽﻟﺍﻭﺳﻟﻭ ﻥﺎﻳﮔ,1215279,ﺎﮑﻳﺗﮑﭘ,596
600,2,ﻪﻧﺍﺩﺭﻣ,ﺕﺎﻣﻭﺟ ﺯﮐﺭﻣ ﯽﻟﺍﻭﺳﻟﻭ ﻥﺎﻳﮔ,1215279,ﺎﮑﻳﺗﮑﭘ,597
600,1,ﻪﻧﺎﻧﺯ,ﺕﺎﻣﻭﺟ ﻥﺎﺧ یﺯﺎﻏ,1213199,ﺎﮑﻳﺗﮑﭘ,598
600,2,ﻪﻧﺍﺩﺭﻣ,ﺕﺎﻣﻭﺟ ﺭﻳﻣ ﻝﮔ,1208138,ﺎﮑﻳﺗﮑﭘ,599
600,3,ﻪﻧﺍﺩﺭﻣ,ﺕﺎﻣﻭﺟ ﺭﻳﻣ ﻝﮔ,1208138,ﺎﮑﻳﺗﮑﭘ,600
600,3,ﻪﻧﺎﻧﺯ,ﺕﺎﻣﻭﺟ ﯽﺑﻟﻼﮔ,1217229,ﺎﮑﻳﺗﮑﭘ,601
600,1,ﻪﻧﺎﻧﺯ,ﻪﻣﺭﻳոﺭﺗ ﻥﻭﺗﺳﻣﻠﻳﻣ ﻥﻳﺩﻟﺍﺭﻠﮔ,1205084,ﺎﮑﻳﺗﮑﭘ,602
600,1,ﻪﻧﺍﺩﺭﻣ,ﻪﻣﺭﻳոﺭﺗ ﻥﻭﺗﺳﻣﻠﻳﻣ ﻝﻭﻠﺑ ﯽﺟﺎﺣ,1218239,ﺎﮑﻳﺗﮑﭘ,603
600,2,ﻪﻧﺍﺩﺭﻣ,ﻪﻣﺭﻳոﺭﺗ ﻥﻭﺗﺳﻣﻠﻳﻣ ﻝﻭﻠﺑ ﯽﺟﺎﺣ,1218239,ﺎﮑﻳﺗﮑﭘ,604
600,3,ﻪﻧﺍﺩﺭﻣ,ﻪﻣﺭﻳոﺭﺗ ﻥﻭﺗﺳﻣﻠﻳﻣ ﻝﻭﻠﺑ ﯽﺟﺎﺣ,1218239,ﺎﮑﻳﺗﮑﭘ,605
600,4,ﻪﻧﺎﻧﺯ,ﻪﻣﺭﻳոﺭﺗ ﻥﻭﺗﺳﻣﻠﻳﻣ ﻝﻭﻠﺑ ﯽﺟﺎﺣ,1218239,ﺎﮑﻳﺗﮑﭘ,606
600,2,ﻪﻧﺎﻧﺯ,ﺕﺎﻣﻭﺟ ﻥﺎﺧ ﺢﺗﻓ ﯽﺟﺎﺣ,1217222,ﺎﮑﻳﺗﮑﭘ,607
600,3,ﻪﻧﺎﻧﺯ,ﺕﺎﻣﻭﺟ ﻥﺎﺧ ﺢﺗﻓ ﯽﺟﺎﺣ,1217222,ﺎﮑﻳﺗﮑﭘ,608
600,1,ﻪﻧﺎﻧﺯ,ﻪﻣﺭﻳոﺭﺗ ﻥﻭﺗﺳﻣﻠﻳﻣ ﻝﺎﻳﺧ ﯽﺟﺎﺣ,1207106,ﺎﮑﻳﺗﮑﭘ,609
600,2,ﻪﻧﺎﻧﺯ,ﻪﻣﺭﻳոﺭﺗ ﻥﻭﺗﺳﻣﻠﻳﻣ ﺩﻣﺣﺍ ﺭﻳﻣ ﯽﺟﺎﺣ,1207086,ﺎﮑﻳﺗﮑﭘ,610
600,1,ﻪﻧﺍﺩﺭﻣ,ﻥﺎﺧ ﺏﺍﻭﻧ ﯽﺟﺎﺣ ﻥﻭﺗﺳﻣﻠﻳﻣ ﮏﻳﺩﺯﻧ,1218245,ﺎﮑﻳﺗﮑﭘ,611
600,2,ﻪﻧﺎﻧﺯ,ﻥﺎﺧ ﺏﺍﻭﻧ ﯽﺟﺎﺣ ﻥﻭﺗﺳﻣﻠﻳﻣ ﮏﻳﺩﺯﻧ,1218245,ﺎﮑﻳﺗﮑﭘ,612
600,3,ﻪﻧﺎﻧﺯ,ﻥﺎﺧ ﺏﺍﻭﻧ ﯽﺟﺎﺣ ﻥﻭﺗﺳﻣﻠﻳﻣ ﮏﻳﺩﺯﻧ,1218245,ﺎﮑﻳﺗﮑﭘ,613
600,1,ﻪﻧﺍﺩﺭﻣ,ﺕﺎﻣﻭﺟ ﺭﻣﻋ ﯽﺟﺎﺣ,1208129,ﺎﮑﻳﺗﮑﭘ,614
600,3,ﻪﻧﺍﺩﺭﻣ,ﺕﺎﻣﻭﺟ ﺭﻣﻋ ﯽﺟﺎﺣ,1208129,ﺎﮑﻳﺗﮑﭘ,615
600,3,ﻪﻧﺍﺩﺭﻣ,ﺕﺎﻣﻭﺟ ﺎﭼﺎﭘ ﯽﺟﺎﺣ,1207105,ﺎﮑﻳﺗﮑﭘ,616
600,1,ﻪﻧﺎﻧﺯ,טﻧոﺭﺗ ﻥﻭﺗﺳﻣﻠﻳﻣ ﻥﺎﺧ ﻡﻳﮑﺣ,1213204,ﺎﮑﻳﺗﮑﭘ,617
600,2,ﻪﻧﺎﻧﺯ,טﻧոﺭﺗ ﻥﻭﺗﺳﻣﻠﻳﻣ ﻥﺎﺧ ﻡﻳﮑﺣ,1213204,ﺎﮑﻳﺗﮑﭘ,618
600,1,ﻪﻧﺍﺩﺭﻣ,ﻪﻣﺭﻳոﺭﺗ ﻥﻭﺗﺳﻣﻠﻳﻣ ﷲﺩﻳﻣﺣ,1217230,ﺎﮑﻳﺗﮑﭘ,619
600,2,ﻪﻧﺍﺩﺭﻣ,ﻪﻣﺭﻳոﺭﺗ ﻥﻭﺗﺳﻣﻠﻳﻣ ﷲﺩﻳﻣﺣ,1217230,ﺎﮑﻳﺗﮑﭘ,620
600,3,ﻪﻧﺍﺩﺭﻣ,ﻪﻣﺭﻳոﺭﺗ ﻥﻭﺗﺳﻣﻠﻳﻣ ﷲﺩﻳﻣﺣ,1217230,ﺎﮑﻳﺗﮑﭘ,621
600,4,ﻪﻧﺍﺩﺭﻣ,ﻪﻣﺭﻳոﺭﺗ ﻥﻭﺗﺳﻣﻠﻳﻣ ﷲﺩﻳﻣﺣ,1217230,ﺎﮑﻳﺗﮑﭘ,622
600,1,ﻪﻧﺍﺩﺭﻣ,ﺕﺎﻣﻭﺟ ﯽﻠﮐ ﯽﺳﻫ,1209115,ﺎﮑﻳﺗﮑﭘ,623
600,3,ﻪﻧﺍﺩﺭﻣ,ﺕﺎﻣﻭﺟ ﯽﻠﮐ ﯽﺳﻫ,1209115,ﺎﮑﻳﺗﮑﭘ,624
600,1,ﻪﻧﺍﺩﺭﻣ,טﻧոﺭﺗ ﻥﻭﺗﺳﻣﻠﻳﻣ ﺕﺎﻳﺣ,1210154,ﺎﮑﻳﺗﮑﭘ,625
600,2,ﻪﻧﺍﺩﺭﻣ,טﻧոﺭﺗ ﻥﻭﺗﺳﻣﻠﻳﻣ ﺕﺎﻳﺣ,1210154,ﺎﮑﻳﺗﮑﭘ,626
600,3,ﻪﻧﺎﻧﺯ,טﻧոﺭﺗ ﻥﻭﺗﺳﻣﻠﻳﻣ ﺕﺎﻳﺣ,1210154,ﺎﮑﻳﺗﮑﭘ,627
600,2,ﻪﻧﺍﺩﺭﻣ,ﮏﻳﻧﻳﻠﮐ ﯽﺋﺎﻳﺗﻏﻭﺭ,1216210,ﺎﮑﻳﺗﮑﭘ,628
600,3,ﻪﻧﺍﺩﺭﻣ,ﮏﻳﻧﻳﻠﮐ ﯽﺋﺎﻳﺗﻏﻭﺭ,1216210,ﺎﮑﻳﺗﮑﭘ,629
600,4,ﻪﻧﺎﻧﺯ,ﮏﻳﻧﻳﻠﮐ ﯽﺋﺎﻳﺗﻏﻭﺭ,1216210,ﺎﮑﻳﺗﮑﭘ,630
600,3,ﻪﻧﺍﺩﺭﻣ,ﻪﻣﺭﻳոﺭﺗ ﻥﻭﺗﺳﻣﻠﻳﻣ ﻡﻳﻫﺍﺭﺑﺍ,1207096,ﺎﮑﻳﺗﮑﭘ,631
600,2,ﻪﻧﺎﻧﺯ,ﯽըﻧﻭﻭ֢ ﻭﻧﻭﺟﻧ ﻭﺯﻭﻠﺟ,1209112,ﺎﮑﻳﺗﮑﭘ,632
600,3,ﻪﻧﺎﻧﺯ,ﯽըﻧﻭﻭ֢ ﻭﻧﻭﺟﻧ ﻭﺯﻭﻠﺟ,1209112,ﺎﮑﻳﺗﮑﭘ,633
600,1,ﻪﻧﺎﻧﺯ,ﺕﺎﻣﻭﺟ ﻥﺎﺣ ﻝﻳﻣﺟ,1212194,ﺎﮑﻳﺗﮑﭘ,634
600,2,ﻪﻧﺎﻧﺯ,ﺕﺎﻣﻭﺟ ﻥﺎﺣ ﻝﻳﻣﺟ,1212194,ﺎﮑﻳﺗﮑﭘ,635
600,1,ﻪﻧﺎﻧﺯ,ﻪﻣﺭﻳոﺭﺗ ﻥﻭﺗﺳﻣﻠﻳﻣ ﺭﻳﮕﻧﺎﺟ,1214260,ﺎﮑﻳﺗﮑﭘ,636
600,2,ﻪﻧﺎﻧﺯ,ﻪﻣﺭﻳոﺭﺗ ﻥﻭﺗﺳﻣﻠﻳﻣ ﺭﻳﮕﻧﺎﺟ,1214260,ﺎﮑﻳﺗﮑﭘ,637
600,1,ﻪﻧﺍﺩﺭﻣ,ﺕﺎﻣﻭﺟ ﺭﻳﮕﻧﺎﺟ,1215269,ﺎﮑﻳﺗﮑﭘ,638
600,2,ﻪﻧﺍﺩﺭﻣ,ﺕﺎﻣﻭﺟ ﺭﻳﮕﻧﺎﺟ,1215269,ﺎﮑﻳﺗﮑﭘ,639
600,3,ﻪﻧﺍﺩﺭﻣ,ﺕﺎﻣﻭﺟ ﺭﻳﮕﻧﺎﺟ,1215269,ﺎﮑﻳﺗﮑﭘ,640
600,1,ﻪﻧﺎﻧﺯ,ﺕﺎﻣﻭﺟ ﺭﺍﺯﺎﺑ ﻭﻠﻳﺧ ﯽﻧﺎﺟ ﺩ,1209110,ﺎﮑﻳﺗﮑﭘ,641
600,1,ﻪﻧﺎﻧﺯ,ﯽըﻧﻭﻭ֢ ﻝﻳﺧ ﯽﻧﺎﺟ,1209120,ﺎﮑﻳﺗﮑﭘ,642
600,1,ﻪﻧﺍﺩﺭﻣ,ﺕﺎﻣﻭﺟ ﯽﻠﮐ ﻝﺎﻣﮐ,1215267,ﺎﮑﻳﺗﮑﭘ,643
600,2,ﻪﻧﺍﺩﺭﻣ,ﺕﺎﻣﻭﺟ ﯽﻠﮐ ﻝﺎﻣﮐ,1215267,ﺎﮑﻳﺗﮑﭘ,644
600,3,ﻪﻧﺍﺩﺭﻣ,ﺕﺎﻣﻭﺟ ﯽﻠﮐ ﻝﺎﻣﮐ,1215267,ﺎﮑﻳﺗﮑﭘ,645
600,4,ﻪﻧﺍﺩﺭﻣ,ﺕﺎﻣﻭﺟ ﯽﻠﮐ ﻝﺎﻣﮐ,1215267,ﺎﮑﻳﺗﮑﭘ,646
600,2,ﻪﻧﺎﻧﺯ,ﻪﻣﻳﺧ یﺯﻧﻣﺭﻳﺧ,1208293,ﺎﮑﻳﺗﮑﭘ,647
600,3,ﻪﻧﺎﻧﺯ,ﻪﻣﻳﺧ یﺯﻧﻣﺭﻳﺧ,1208293,ﺎﮑﻳﺗﮑﭘ,648
600,1,ﻪﻧﺍﺩﺭﻣ,ﺕﺎﻣﻭﺟ ﺩﻣﺣﻣ ﻥﺎﺧ,1210148,ﺎﮑﻳﺗﮑﭘ,649
600,1,ﻪﻧﺎﻧﺯ,ﻪﻣﺭﻳոﺭﺗ ﻥﻭﺗﺳﻣﻠﻳﻣ ﺝﺍﺭﻳﺧ,1215276,ﺎﮑﻳﺗﮑﭘ,650
600,2,ﻪﻧﺎﻧﺯ,ﻪﻣﺭﻳոﺭﺗ ﻥﻭﺗﺳﻣﻠﻳﻣ ﺝﺍﺭﻳﺧ,1215276,ﺎﮑﻳﺗﮑﭘ,651
600,1,ﻪﻧﺍﺩﺭﻣ,טﻧոﺭﺗ ﻥﻭﺗﺳﻣﻠﻳﻣ ﻑﻳﻁﻟ,1215278,ﺎﮑﻳﺗﮑﭘ,652
600,2,ﻪﻧﺍﺩﺭﻣ,טﻧոﺭﺗ ﻥﻭﺗﺳﻣﻠﻳﻣ ﻑﻳﻁﻟ,1215278,ﺎﮑﻳﺗﮑﭘ,653
600,3,ﻪﻧﺍﺩﺭﻣ,טﻧոﺭﺗ ﻥﻭﺗﺳﻣﻠﻳﻣ ﻑﻳﻁﻟ,1215278,ﺎﮑﻳﺗﮑﭘ,654
600,4,ﻪﻧﺎﻧﺯ,טﻧոﺭﺗ ﻥﻭﺗﺳﻣﻠﻳﻣ ﻑﻳﻁﻟ,1215278,ﺎﮑﻳﺗﮑﭘ,655
600,2,ﻪﻧﺎﻧﺯ,ﻪﻣﺭﻳոﺭﺗ ﻥﻭﺗﺳﻣﻠﻳﻣ ﻭﺩﺎﻣ,1210152,ﺎﮑﻳﺗﮑﭘ,656
600,3,ﻪﻧﺎﻧﺯ,ﻪﻣﺭﻳոﺭﺗ ﻥﻭﺗﺳﻣﻠﻳﻣ ﻭﺩﺎﻣ,1210152,ﺎﮑﻳﺗﮑﭘ,657
600,1,ﻪﻧﺍﺩﺭﻣ,טﻧոﺭﺗ ﻥﺎﮐﻭﺩ ﻭﺩﺎﻣ,1210151,ﺎﮑﻳﺗﮑﭘ,658
600,1,ﻪﻧﺎﻧﺯ,ﻪﺗﺎﺷ ﻥﻭﺗﺳﻣﻠﻳﻣ ﷲﻭﺭﻳﻔﺧﻣ,1214264,ﺎﮑﻳﺗﮑﭘ,659
600,2,ﻪﻧﺎﻧﺯ,ﻪﺗﺎﺷ ﻥﻭﺗﺳﻣﻠﻳﻣ ﷲﻭﺭﻳﻔﺧﻣ,1214264,ﺎﮑﻳﺗﮑﭘ,660
600,2,ﻪﻧﺍﺩﺭﻣ,ﻩډﺍ ﯽךﻧﺯ ﺕﺎﻣﻭﺟ ﯽﻠﮐﺩ,1214303,ﺎﮑﻳﺗﮑﭘ,661
600,1,ﻪﻧﺎﻧﺯ,ﻪﺗﺎﺷ ﻥﻭﺗﺳﻣﻠﻳﻣ ﷲﺩﺑﻋ ﮏﻠﻣ,1209116,ﺎﮑﻳﺗﮑﭘ,662
600,1,ﻪﻧﺎﻧﺯ,טﻧոﺭﺗ ﻥﻭﺗﺳﻣﻠﻳﻣ ﻥﻳﻭﻣ ﮏﻠﻣ,1211166,ﺎﮑﻳﺗﮑﭘ,663
600,2,ﻪﻧﺎﻧﺯ,טﻧոﺭﺗ ﻥﻭﺗﺳﻣﻠﻳﻣ ﻥﻳﻭﻣ ﮏﻠﻣ,1211166,ﺎﮑﻳﺗﮑﭘ,664
600,1,ﻪﻧﺍﺩﺭﻣ,ﻪﻣﻳﺧ ﻪﻏﺭﻣ,1214258,ﺎﮑﻳﺗﮑﭘ,665
600,2,ﻪﻧﺍﺩﺭﻣ,ﻪﻣﻳﺧ ﻪﻏﺭﻣ,1214258,ﺎﮑﻳﺗﮑﭘ,666
600,3,ﻪﻧﺎﻧﺯ,ﻪﻣﻳﺧ ﻪﻏﺭﻣ,1214258,ﺎﮑﻳﺗﮑﭘ,667
600,4,ﻪﻧﺎﻧﺯ,ﻪﻣﻳﺧ ﻪﻏﺭﻣ,1214258,ﺎﮑﻳﺗﮑﭘ,668
600,5,ﻪﻧﺎﻧﺯ,ﻪﻣﻳﺧ ﻪﻏﺭﻣ,1214258,ﺎﮑﻳﺗﮑﭘ,669
600,1,ﻪﻧﺍﺩﺭﻣ,ﺕﺎﻣﻭﺟ ﻥﺎﺟﺭﻣ,1217221,ﺎﮑﻳﺗﮑﭘ,670
600,2,ﻪﻧﺍﺩﺭﻣ,ﺕﺎﻣﻭﺟ ﻥﺎﺟﺭﻣ,1217221,ﺎﮑﻳﺗﮑﭘ,671
600,3,ﻪﻧﺍﺩﺭﻣ,ﺕﺎﻣﻭﺟ ﻥﺎﺟﺭﻣ,1217221,ﺎﮑﻳﺗﮑﭘ,672
600,1,ﻪﻧﺎﻧﺯ,ﻪﻣﻳﺧ ﯽﻠﮐ ﻥﺎﺟﺭﻣ,1217299,ﺎﮑﻳﺗﮑﭘ,673
600,1,ﻪﻧﺎﻧﺯ,ﻲըﻧﻭﻭ֢ ﻪﻳﺋﺍﺩﺗﺑﺍ ﻙﺯﺭﺎﻣ,1205286,ﺎﮑﻳﺗﮑﭘ,674
600,2,ﻪﻧﺎﻧﺯ,ﻲըﻧﻭﻭ֢ ﻪﻳﺋﺍﺩﺗﺑﺍ ﻙﺯﺭﺎﻣ,1205286,ﺎﮑﻳﺗﮑﭘ,675
600,1,ﻪﻧﺍﺩﺭﻣ,ﺕﺎﻣﻭﺟ ﯽﺗﺳﻣ,1210153,ﺎﮑﻳﺗﮑﭘ,676
600,1,ﻪﻧﺍﺩﺭﻣ,ﺱﺍﻭﺳﻣ ﺕﺎﻣﻭﺟ,1201006,ﺎﮑﻳﺗﮑﭘ,677
600,1,ﻪﻧﺍﺩﺭﻣ,ﻪﺳﺭﺩﻣ ﻥﻳﺩﻟﺍ ﺝﺍﺭﺳ یﻭﻟﻭﻣ,1208126,ﺎﮑﻳﺗﮑﭘ,678
600,3,ﻪﻧﺍﺩﺭﻣ,ﻪﺳﺭﺩﻣ ﻥﻳﺩﻟﺍ ﺝﺍﺭﺳ یﻭﻟﻭﻣ,1208126,ﺎﮑﻳﺗﮑﭘ,679
600,1,ﻪﻧﺍﺩﺭﻣ,ﺕﺎﻣﻭﺟ ﻝﮔ ﺍﺭﻳﻣ,1211165,ﺎﮑﻳﺗﮑﭘ,680
600,2,ﻪﻧﺍﺩﺭﻣ,ﺕﺎﻣﻭﺟ ﻝﮔ ﺍﺭﻳﻣ,1211165,ﺎﮑﻳﺗﮑﭘ,681
600,1,ﻪﻧﺍﺩﺭﻣ,ﻪﻣﺭﻳոﺭﺗ ﻥﻭﺗﺳﻣﻠﻳﻣ ﻝﺩﺭﻳﻣ,1215274,ﺎﮑﻳﺗﮑﭘ,682
600,2,ﻪﻧﺍﺩﺭﻣ,ﻪﻣﺭﻳոﺭﺗ ﻥﻭﺗﺳﻣﻠﻳﻣ ﻝﺩﺭﻳﻣ,1215274,ﺎﮑﻳﺗﮑﭘ,683
600,3,ﻪﻧﺎﻧﺯ,ﻪﻣﺭﻳոﺭﺗ ﻥﻭﺗﺳﻣﻠﻳﻣ ﻝﺩﺭﻳﻣ,1215274,ﺎﮑﻳﺗﮑﭘ,684
600,3,ﻪﻧﺎﻧﺯ,ﺕﺎﻣﻭﺟ ﺕﺳﻭﺩ ﺩﻣﺣﻣ,1207098,ﺎﮑﻳﺗﮑﭘ,685
600,4,ﻪﻧﺎﻧﺯ,ﺕﺎﻣﻭﺟ ﺕﺳﻭﺩ ﺩﻣﺣﻣ,1207098,ﺎﮑﻳﺗﮑﭘ,686
600,2,ﻪﻧﺍﺩﺭﻣ,ﺏﻭﻘﻌﻳ ﺩﻣﺣﻣ ﺕﺎﻣﻭﺟ,1204058,ﺎﮑﻳﺗﮑﭘ,687
600,1,ﻪﻧﺎﻧﺯ,טﻧոﺭﺗ ﻥﻭﺗﺳﻣﻠﻳﻣ ﻝﺿﻓ ﺡﻼﻣ,1215280,ﺎﮑﻳﺗﮑﭘ,688
600,2,ﻪﻧﺎﻧﺯ,טﻧոﺭﺗ ﻥﻭﺗﺳﻣﻠﻳﻣ ﻝﺿﻓ ﺡﻼﻣ,1215280,ﺎﮑﻳﺗﮑﭘ,689
600,3,ﻪﻧﺍﺩﺭﻣ,טﻧոﺭﺗ ﻥﻭﺗﺳﻣﻠﻳﻣ ﻝﺿﻓ ﺡﻼﻣ,1215280,ﺎﮑﻳﺗﮑﭘ,690
600,3,ﻪﻧﺍﺩﺭﻣ,טﻧոﺭﺗ ﻥﻭﺗﺳﻣﻠﻳﻣ ﯽﻧﻏ ﺡﻼﻣ,1209111,ﺎﮑﻳﺗﮑﭘ,691
600,1,ﻪﻧﺍﺩﺭﻣ,ﺕﺎﻣﻭﺟ ﻝﮔ ﻪﻌﻣﺟ ﺡﻼﻣ,1205083,ﺎﮑﻳﺗﮑﭘ,692
600,1,ﻪﻧﺎﻧﺯ,טﻧոﺭﺗ ﻥﻭﺗﺳﻣﻠﻳﻣ ﺭﺩﻧﻣﺳ ﺡﻼﻣ,1210160,ﺎﮑﻳﺗﮑﭘ,693
600,3,ﻪﻧﺍﺩﺭﻣ,ﻪﺳﺭﺩﻣ ﻪﻏﺭﻣ,1214253,ﺎﮑﻳﺗﮑﭘ,694
600,1,ﻪﻧﺍﺩﺭﻣ,ﻝﻳﺧ ﻝﻐﻣ ﺕﺎﻣﻭﺟ,1204062,ﺎﮑﻳﺗﮑﭘ,695
600,3,ﻪﻧﺍﺩﺭﻣ,ﻪﺗﺎﺷ ﻥﺎﮐﻭﺩ ﻡﻳﻌﻧ,1207085,ﺎﮑﻳﺗﮑﭘ,696
600,2,ﻪﻧﺎﻧﺯ,ﮏﻳﻧﻳﻠﮐ ﺏﺍﻭﻧ,1214250,ﺎﮑﻳﺗﮑﭘ,697
600,2,ﻪﻧﺍﺩﺭﻣ,ﺕﺎﻣﻭﺟ ﯽﻟﺎﺣ یﻭﻧ,1210147,ﺎﮑﻳﺗﮑﭘ,698
600,4,ﻪﻧﺍﺩﺭﻣ,ﺕﺎﻣﻭﺟ ﯽﻟﺎﺣ یﻭﻧ,1210147,ﺎﮑﻳﺗﮑﭘ,699
600,1,ﻪﻧﺎﻧﺯ,ﻪﻣﺭﻳոﺭﺗ ﻥﻭﺗﺳﻣﻠﻳﻣ ﻝﮔﺭﺫﻧ,1215270,ﺎﮑﻳﺗﮑﭘ,700
600,2,ﻪﻧﺎﻧﺯ,ﻪﻣﺭﻳոﺭﺗ ﻥﻭﺗﺳﻣﻠﻳﻣ ﻝﮔﺭﺫﻧ,1215270,ﺎﮑﻳﺗﮑﭘ,701
600,3,ﻪﻧﺎﻧﺯ,ﻪﻣﺭﻳոﺭﺗ ﻥﻭﺗﺳﻣﻠﻳﻣ ﻝﮔﺭﺫﻧ,1215270,ﺎﮑﻳﺗﮑﭘ,702
600,1,ﻪﻧﺎﻧﺯ,טﻧոﺭﺗ ﻥﻭﺗﺳﻣﻠﻳﻣ ﺭﻳﻅﻧ,1211178,ﺎﮑﻳﺗﮑﭘ,703
600,2,ﻪﻧﺍﺩﺭﻣ,טﻧոﺭﺗ ﻥﻭﺗﺳﻣﻠﻳﻣ ﺭﻳﻅﻧ,1211178,ﺎﮑﻳﺗﮑﭘ,704
600,1,ﻪﻧﺎﻧﺯ,ﺩﻣﺣﻣ ﮏﻳﻧ ﻪﻧﺎﻧﺯﻭ ﻪﻧﺍﺩﺭﻣ ﻥﻭﺗﺳﻣﻠﻳﻣ ﺭﺍﻭﺟ,1204052,ﺎﮑﻳﺗﮑﭘ,705
600,3,ﻪﻧﺎﻧﺯ,ﺩﻣﺣﻣ ﮏﻳﻧ ﻪﻧﺎﻧﺯﻭ ﻪﻧﺍﺩﺭﻣ ﻥﻭﺗﺳﻣﻠﻳﻣ ﺭﺍﻭﺟ,1204052,ﺎﮑﻳﺗﮑﭘ,706
600,2,ﻪﻧﺍﺩﺭﻣ,ﻣﺣﻣ ﮏﻳﻧ ﻪﻧﺎﻧﺯ ﻭ ﻪﻧﺍﺩﺭﻣ ﻥﻭﺗﺳﻣﻠﻳﻣ ﻭ ﺕﺎﻣﻭﺟ ﺭﺍﻭﺟ,1204051,ﺎﮑﻳﺗﮑﭘ,707
600,3,ﻪﻧﺍﺩﺭﻣ,ﻣﺣﻣ ﮏﻳﻧ ﻪﻧﺎﻧﺯ ﻭ ﻪﻧﺍﺩﺭﻣ ﻥﻭﺗﺳﻣﻠﻳﻣ ﻭ ﺕﺎﻣﻭﺟ ﺭﺍﻭﺟ,1204051,ﺎﮑﻳﺗﮑﭘ,708
600,4,ﻪﻧﺍﺩﺭﻣ,ﻣﺣﻣ ﮏﻳﻧ ﻪﻧﺎﻧﺯ ﻭ ﻪﻧﺍﺩﺭﻣ ﻥﻭﺗﺳﻣﻠﻳﻣ ﻭ ﺕﺎﻣﻭﺟ ﺭﺍﻭﺟ,1204051,ﺎﮑﻳﺗﮑﭘ,709
600,2,ﻪﻧﺍﺩﺭﻣ,טﻧո ﺭﺗ ﻥﻭﺗﺳﻣﻠﻳﻣ ﺩﻣﺣﺍ ﺭﻭﻧ,1204047,ﺎﮑﻳﺗﮑﭘ,710
600,3,ﻪﻧﺍﺩﺭﻣ,טﻧո ﺭﺗ ﻥﻭﺗﺳﻣﻠﻳﻣ ﺩﻣﺣﺍ ﺭﻭﻧ,1204047,ﺎﮑﻳﺗﮑﭘ,711
600,1,ﻪﻧﺎﻧﺯ,ﺕﺎﻣﻭﺟ ﯽﮐ ﻩﺭﻭﻧ,1213197,ﺎﮑﻳﺗﮑﭘ,712
600,2,ﻪﻧﺎﻧﺯ,ﺕﺎﻣﻭﺟ ﯽﮐ ﻩﺭﻭﻧ,1213197,ﺎﮑﻳﺗﮑﭘ,713
600,4,ﻪﻧﺎﻧﺯ,ﺕﺎﻣﻭﺟ ﯽﮐ ﻩﺭﻭﻧ,1213197,ﺎﮑﻳﺗﮑﭘ,714
600,5,ﻪﻧﺎﻧﺯ,ﺕﺎﻣﻭﺟ ﯽﮐ ﻩﺭﻭﻧ,1213197,ﺎﮑﻳﺗﮑﭘ,715
600,6,ﻪﻧﺎﻧﺯ,ﺕﺎﻣﻭﺟ ﯽﮐ ﻩﺭﻭﻧ,1213197,ﺎﮑﻳﺗﮑﭘ,716
600,1,ﻪﻧﺍﺩﺭﻣ,ﯽըﻧﻭﻭ֢ ﯽﻟﺭﻭﻧ,1211175,ﺎﮑﻳﺗﮑﭘ,717
600,2,ﻪﻧﺍﺩﺭﻣ,ﯽըﻧﻭﻭ֢ ﯽﻟﺭﻭﻧ,1211175,ﺎﮑﻳﺗﮑﭘ,718
600,2,ﻪﻧﺍﺩﺭﻣ,ﺭﺗﻓﺩ ﯽﻧﺍﻭﺧﭘ ﻭﺳﻳﻟﻭﭘ ﺩ,1218242,ﺎﮑﻳﺗﮑﭘ,719
600,4,ﻪﻧﺍﺩﺭﻣ,ﺭﺗﻓﺩ ﯽﻧﺍﻭﺧﭘ ﻭﺳﻳﻟﻭﭘ ﺩ,1218242,ﺎﮑﻳﺗﮑﭘ,720
600,1,ﻪﻧﺍﺩﺭﻣ,ﻝﻳﺧﺭﻗ ﯽըﻧﻭﻭ֢ ړﻭﺯ ﻥﻭיﺭﺍ,1211163,ﺎﮑﻳﺗﮑﭘ,721
600,2,ﻪﻧﺍﺩﺭﻣ,ﺕﺎﻣﻭﺟ ﯽﺗﺷﭘ,1211179,ﺎﮑﻳﺗﮑﭘ,722
600,2,ﻪﻧﺍﺩﺭﻣ,ﯽըﻧﻭﻭ֢ ﯽﻠﮐ ﻝﻳﺧ ﻩﺩﻧﻳﺎﭘ,1207089,ﺎﮑﻳﺗﮑﭘ,723
600,1,ﻪﻧﺍﺩﺭﻣ,ﯽﺗﻭﮐﺭﻳﭘ,1211183,ﺎﮑﻳﺗﮑﭘ,724
600,2,ﻪﻧﺍﺩﺭﻣ,ﯽﺗﻭﮐﺭﻳﭘ,1211183,ﺎﮑﻳﺗﮑﭘ,725
600,3,ﻪﻧﺍﺩﺭﻣ,ﯽﺗﻭﮐﺭﻳﭘ,1211183,ﺎﮑﻳﺗﮑﭘ,726
600,1,ﻪﻧﺍﺩﺭﻣ,ﻙﻳﻧﻳﻠﻛ  ﻲﺗﻭﻛﺭﻳﭘ,1211296,ﺎﮑﻳﺗﮑﭘ,727
600,1,ﻪﻧﺍﺩﺭﻣ,ﯽըﻧﻭﻭ֢ ﯽﻧըﻧﻣ ﯽיﻭﺗﻳﭘ,1214261,ﺎﮑﻳﺗﮑﭘ,728
600,2,ﻪﻧﺍﺩﺭﻣ,ﯽըﻧﻭﻭ֢ ﯽﻧըﻧﻣ ﯽיﻭﺗﻳﭘ,1214261,ﺎﮑﻳﺗﮑﭘ,729
600,1,ﻪﻧﺍﺩﺭﻣ,ﯽըﻧﻭﻭ֢ ﯽﻧړﻣﻭﻟ,1208125,ﺎﮑﻳﺗﮑﭘ,730
600,4,ﻪﻧﺎﻧﺯ,ﺕﺎﻣﻭﺟ ﻝﻳﺧ ﻰﺟﺍﺭ,1206066,ﺎﮑﻳﺗﮑﭘ,731
600,1,ﻪﻧﺍﺩﺭﻣ,ﻪﻣﻳﺧ ﯽﻟﺍﻭﺳﻟﻭ ﺯﮐﺭﻣ,1206068,ﺎﮑﻳﺗﮑﭘ,732
600,2,ﻪﻧﺍﺩﺭﻣ,ﻪﻣﻳﺧ ﯽﻟﺍﻭﺳﻟﻭ ﺯﮐﺭﻣ,1206068,ﺎﮑﻳﺗﮑﭘ,733
600,3,ﻪﻧﺎﻧﺯ,ﻪﻣﻳﺧ ﯽﻟﺍﻭﺳﻟﻭ ﺯﮐﺭﻣ,1206068,ﺎﮑﻳﺗﮑﭘ,734
600,1,ﻪﻧﺎﻧﺯ,ﻪﻣﺭﻳոﺭﺗ ﺭﻭﮐ ﻥﺎﺟ ﺏﺣﺎﺻ,1207090,ﺎﮑﻳﺗﮑﭘ,735
600,3,ﻪﻧﺎﻧﺯ,ﻪﻣﺭﻳոﺭﺗ ﺭﻭﮐ ﻥﺎﺟ ﺏﺣﺎﺻ,1207090,ﺎﮑﻳﺗﮑﭘ,736
600,3,ﻪﻧﺎﻧﺯ,ﺕﺎﻣﻭﺟ ﻝﻳﺧ ﺩﻳﻌﺳ,1208144,ﺎﮑﻳﺗﮑﭘ,737
600,1,ﻪﻧﺎﻧﺯ,ﻪﻣﺭﻳոﺭﺗ ﻥﻭﺗﺳﻣﻠﻳﻣ ﻥﻣﺣﺭﻟﺍ ﻑﻳﺳ,1214262,ﺎﮑﻳﺗﮑﭘ,738
600,2,ﻪﻧﺎﻧﺯ,ﻪﻣﺭﻳոﺭﺗ ﻥﻭﺗﺳﻣﻠﻳﻣ ﻥﻣﺣﺭﻟﺍ ﻑﻳﺳ,1214262,ﺎﮑﻳﺗﮑﭘ,739
600,1,ﻪﻧﺍﺩﺭﻣ,ﻙﻳﻧﻳﻠﻛ ﻲﺿﻭﺭﺳ,1205285,ﺎﮑﻳﺗﮑﭘ,740
600,2,ﻪﻧﺍﺩﺭﻣ,ﻙﻳﻧﻳﻠﻛ ﻲﺿﻭﺭﺳ,1205285,ﺎﮑﻳﺗﮑﭘ,741
600,3,ﻪﻧﺍﺩﺭﻣ,ﻙﻳﻧﻳﻠﻛ ﻲﺿﻭﺭﺳ,1205285,ﺎﮑﻳﺗﮑﭘ,742
600,4,ﻪﻧﺍﺩﺭﻣ,ﯽըﻧﻭﻭ֢ ﯽﻧړﻣﻭﻟ ﻪﺿﻭﺭﺳ,1205074,ﺎﮑﻳﺗﮑﭘ,743
600,1,ﻪﻧﺍﺩﺭﻣ,ﺕﺎﻣﻭﺟ ﻪﺗﺍﻭﺍﺭﺳ,1215273,ﺎﮑﻳﺗﮑﭘ,744
600,2,ﻪﻧﺍﺩﺭﻣ,ﺕﺎﻣﻭﺟ ﻪﺗﺍﻭﺍﺭﺳ,1215273,ﺎﮑﻳﺗﮑﭘ,745
600,3,ﻪﻧﺍﺩﺭﻣ,ﺕﺎﻣﻭﺟ ﻪﺗﺍﻭﺍﺭﺳ,1215273,ﺎﮑﻳﺗﮑﭘ,746
600,1,ﻪﻧﺍﺩﺭﻣ,یﺯﻭﺭﺳ ﺕﺎﻣﻭﺟ,1218243,ﺎﮑﻳﺗﮑﭘ,747
600,2,ﻪﻧﺎﻧﺯ,یﺯﻭﺭﺳ ﺕﺎﻣﻭﺟ,1218243,ﺎﮑﻳﺗﮑﭘ,748
600,3,ﻪﻧﺍﺩﺭﻣ,یﺯﻭﺭﺳ ﺕﺎﻣﻭﺟ,1218243,ﺎﮑﻳﺗﮑﭘ,749
600,4,ﻪﻧﺎﻧﺯ,ﺕﺎﻣﻭﺟ ﻲﻠﻛﺩ ﻪﻧﺎי ﻲﺳ,1207289,ﺎﮑﻳﺗﮑﭘ,750
600,1,ﻪﻧﺎﻧﺯ,ﺕﺎﻣﻭﺟ ﻩﺎﻏﺍ ﻩﺎﺷ,1212196,ﺎﮑﻳﺗﮑﭘ,751
600,2,ﻪﻧﺎﻧﺯ,ﺕﺎﻣﻭﺟ ﻩﺎﻏﺍ ﻩﺎﺷ,1212196,ﺎﮑﻳﺗﮑﭘ,752
600,2,ﻪﻧﺍﺩﺭﻣ,ﺩﺎﺑﺁ ﻝﻳﺧ ﻩﺎﺷ ﯽըﻧﻭﻭ֢,1209122,ﺎﮑﻳﺗﮑﭘ,753
600,1,ﻪﻧﺍﺩﺭﻣ,ﻲըﻧﻭ֢ﺍﺩﺗﺑﺍ ﻭﻧﻭﺟﻧﺍﺩ ﻥﺎﺧﻳﺷ,1211298,ﺎﮑﻳﺗﮑﭘ,754
600,1,ﻪﻧﺍﺩﺭﻣ,טﻧոﺭﺗ ﻥﻭﺗﺳﻣﻠﻳﻣ ﻩﺎﺷ ﺕﺑﺭﺷ,1213198,ﺎﮑﻳﺗﮑﭘ,755
600,2,ﻪﻧﺍﺩﺭﻣ,טﻧոﺭﺗ ﻥﻭﺗﺳﻣﻠﻳﻣ ﻩﺎﺷ ﺕﺑﺭﺷ,1213198,ﺎﮑﻳﺗﮑﭘ,756
600,3,ﻪﻧﺍﺩﺭﻣ,טﻧոﺭﺗ ﻥﻭﺗﺳﻣﻠﻳﻣ ﻩﺎﺷ ﺕﺑﺭﺷ,1213198,ﺎﮑﻳﺗﮑﭘ,757
600,4,ﻪﻧﺍﺩﺭﻣ,טﻧոﺭﺗ ﻥﻭﺗﺳﻣﻠﻳﻣ ﻩﺎﺷ ﺕﺑﺭﺷ,1213198,ﺎﮑﻳﺗﮑﭘ,758
600,5,ﻪﻧﺍﺩﺭﻣ,טﻧոﺭﺗ ﻥﻭﺗﺳﻣﻠﻳﻣ ﻩﺎﺷ ﺕﺑﺭﺷ,1213198,ﺎﮑﻳﺗﮑﭘ,759
600,1,ﻪﻧﺎﻧﺯ,ﻪﻣﺭﻳոﺭﺗ ﻥﻭﺗﺳﻣﻠﻳﻣ ﺭﺍﺯﺎﺷ,1215268,ﺎﮑﻳﺗﮑﭘ,760
600,2,ﻪﻧﺎﻧﺯ,ﻪﻣﺭﻳոﺭﺗ ﻥﻭﺗﺳﻣﻠﻳﻣ ﺭﺍﺯﺎﺷ,1215268,ﺎﮑﻳﺗﮑﭘ,761
600,3,ﻪﻧﺎﻧﺯ,ﻪﻣﺭﻳոﺭﺗ ﻥﻭﺗﺳﻣﻠﻳﻣ ﺭﺍﺯﺎﺷ,1215268,ﺎﮑﻳﺗﮑﭘ,762
600,1,ﻪﻧﺍﺩﺭﻣ,ﻪﻣﺭﻳոﺭﺗ ﻥﻭﺗﺳﻣﻠﻳﻣ ﺯﺎﺑﺭﻳﺷ,1214305,ﺎﮑﻳﺗﮑﭘ,763
600,2,ﻪﻧﺍﺩﺭﻣ,ﻪﻣﺭﻳոﺭﺗ ﻥﻭﺗﺳﻣﻠﻳﻣ ﺯﺎﺑﺭﻳﺷ,1214305,ﺎﮑﻳﺗﮑﭘ,764
600,3,ﻪﻧﺍﺩﺭﻣ,ﻪﻣﺭﻳոﺭﺗ ﻥﻭﺗﺳﻣﻠﻳﻣ ﺯﺎﺑﺭﻳﺷ,1214305,ﺎﮑﻳﺗﮑﭘ,765
600,1,ﻪﻧﺍﺩﺭﻣ,ﻥﻳﮑﺷ ﺕﺎﻣﻭﺟ ﺭﺍﺯﺎﺑ,1208127,ﺎﮑﻳﺗﮑﭘ,766
600,2,ﻪﻧﺍﺩﺭﻣ,ﻥﻳﮑﺷ ﺕﺎﻣﻭﺟ ﺭﺍﺯﺎﺑ,1208127,ﺎﮑﻳﺗﮑﭘ,767
600,1,ﻪﻧﺎﻧﺯ,ﻥﻳﻛﺷ ﻲըﻧﻭﻭ֢ ﻲﻧըﻧﻣ,1208292,ﺎﮑﻳﺗﮑﭘ,768
600,2,ﻪﻧﺎﻧﺯ,ﻥﻳﻛﺷ ﻲըﻧﻭﻭ֢ ﻲﻧըﻧﻣ,1208292,ﺎﮑﻳﺗﮑﭘ,769
600,3,ﻪﻧﺎﻧﺯ,ﻥﻳﻛﺷ ﻲըﻧﻭﻭ֢ ﻲﻧըﻧﻣ,1208292,ﺎﮑﻳﺗﮑﭘ,770
600,1,ﻪﻧﺍﺩﺭﻣ,ﻪﻧﻳﭘﺳ ﺕﮑﻣ,1206070,ﺎﮑﻳﺗﮑﭘ,771
600,2,ﻪﻧﺍﺩﺭﻣ,ﻪﻧﻳﭘﺳ ﺕﮑﻣ,1206070,ﺎﮑﻳﺗﮑﭘ,772
600,3,ﻪﻧﺎﻧﺯ,ﻪﻧﻳﭘﺳ ﺕﮑﻣ,1206070,ﺎﮑﻳﺗﮑﭘ,773
600,2,ﻪﻧﺍﺩﺭﻣ,ﯽըﻧﻭﻭ֢ یﺭﻭﺗ ﺯﮐﺭﻣ ﯽﻟﺍﻭﺳﻟﻭ,1219231,ﺎﮑﻳﺗﮑﭘ,774
600,3,ﻪﻧﺍﺩﺭﻣ,ﯽըﻧﻭﻭ֢ یﺭﻭﺗ ﺯﮐﺭﻣ ﯽﻟﺍﻭﺳﻟﻭ,1219231,ﺎﮑﻳﺗﮑﭘ,775
600,1,ﻪﻧﺍﺩﺭﻣ,ﯽﻣﻏ ﻝﻳﮐﻭ ﯽըﻧﻭﻭ֢,1218244,ﺎﮑﻳﺗﮑﭘ,776
600,2,ﻪﻧﺍﺩﺭﻣ,ﯽﻣﻏ ﻝﻳﮐﻭ ﯽըﻧﻭﻭ֢,1218244,ﺎﮑﻳﺗﮑﭘ,777
600,1,ﻪﻧﺍﺩﺭﻣ,ﻪﻣﺭﻳոﺭﺗ ﻥﻭﺗﺳﻣﻠﻳﻣ ﯽﻠﮐ ﯽﻣﻏ ﻝﻳﮐﻭ ﺩ,1206071,ﺎﮑﻳﺗﮑﭘ,778
600,2,ﻪﻧﺎﻧﺯ,ﻪﻣﺭﻳոﺭﺗ ﻥﻭﺗﺳﻣﻠﻳﻣ ﯽﻠﮐ ﯽﻣﻏ ﻝﻳﮐﻭ ﺩ,1206071,ﺎﮑﻳﺗﮑﭘ,779
600,1,ﻪﻧﺍﺩﺭﻣ,ﯽըﻧﻭﻭ֢ ﻭﻧﻭﺟﻧ ﻪﻧﺍﺯ ﺭﺍﻭ,1212195,ﺎﮑﻳﺗﮑﭘ,780
600,2,ﻪﻧﺍﺩﺭﻣ,ﯽըﻧﻭﻭ֢ ﻭﻧﻭﺟﻧ ﻪﻧﺍﺯ ﺭﺍﻭ,1212195,ﺎﮑﻳﺗﮑﭘ,781
600,1,ﻪﻧﺎﻧﺯ,ﻩډﺍ ﯽךﻧﺯ ﺕﺎﻣﻭﺟ ﯽﻠﮐ ﺕﺭﺎﻳﺯ,1214304,ﺎﮑﻳﺗﮑﭘ,782
600,2,ﻪﻧﺎﻧﺯ,ﻩډﺍ ﯽךﻧﺯ ﺕﺎﻣﻭﺟ ﯽﻠﮐ ﺕﺭﺎﻳﺯ,1214304,ﺎﮑﻳﺗﮑﭘ,783
600,1,ﻪﻧﺎﻧﺯ,טﻧոﺭﺗ ﻥﻭﺗﺳﻣﻠﻳﻣ ﻑﻳﺭﻅ,1211184,ﺎﮑﻳﺗﮑﭘ,784
600,2,ﻪﻧﺎﻧﺯ,טﻧոﺭﺗ ﻥﻭﺗﺳﻣﻠﻳﻣ ﻑﻳﺭﻅ,1211184,ﺎﮑﻳﺗﮑﭘ,785
600,1,ﻪﻧﺍﺩﺭﻣ,ﻪﺗﺎﺷ ﻥﻭﺗﺳﻣﻠﻳﻣ ﻑﻳﺭﻅ,1211186,ﺎﮑﻳﺗﮑﭘ,786
600,2,ﻪﻧﺍﺩﺭﻣ,ﻪﺗﺎﺷ ﻥﻭﺗﺳﻣﻠﻳﻣ ﻑﻳﺭﻅ,1211186,ﺎﮑﻳﺗﮑﭘ,787
600,3,ﻪﻧﺍﺩﺭﻣ,ﻪﺗﺎﺷ ﻥﻭﺗﺳﻣﻠﻳﻣ ﻑﻳﺭﻅ,1211186,ﺎﮑﻳﺗﮑﭘ,788
600,4,ﻪﻧﺎﻧﺯ,ﻪﺗﺎﺷ ﻥﻭﺗﺳﻣﻠﻳﻣ ﻑﻳﺭﻅ,1211186,ﺎﮑﻳﺗﮑﭘ,789
600,1,ﻪﻧﺎﻧﺯ,טﻧոﺭﺗ ﻥﻭﺗﺳﻣﻠﻳﻣ ﻥﺎﺧ ﻑﻳﺭﺯ,1208128,ﺎﮑﻳﺗﮑﭘ,790
600,1,ﻪﻧﺍﺩﺭﻣ,ﯽըﻧﻭﻭ֢ کﻭړﻳﺯ,1212187,ﺎﮑﻳﺗﮑﭘ,791
600,2,ﻪﻧﺍﺩﺭﻣ,ﯽըﻧﻭﻭ֢ کﻭړﻳﺯ,1212187,ﺎﮑﻳﺗﮑﭘ,792
600,3,ﻪﻧﺍﺩﺭﻣ,ﯽըﻧﻭﻭ֢ کﻭړﻳﺯ,1212187,ﺎﮑﻳﺗﮑﭘ,793
600,4,ﻪﻧﺍﺩﺭﻣ,ﯽըﻧﻭﻭ֢ کﻭړﻳﺯ,1212187,ﺎﮑﻳﺗﮑﭘ,794
599,1,ﻪﻧﺍﺩﺭﻣ,ﻲﻠﻛ ﻥﺎﺧ ﻡﺩﺍ ﻲըﻧﻭﻭ֢ ﻪﻳﺋﺍﺩﺗﺑﺍ,1214306,ﺎﮑﻳﺗﮑﭘ,795
599,1,ﻪﻧﺎﻧﺯ,טﻧոﺭﺗ ﻥﻭﺗﺳﻣﻠﻳﻣ ﺯﺎﺑ ﯽﻠﻋ,1211180,ﺎﮑﻳﺗﮑﭘ,796
599,1,ﻪﻧﺍﺩﺭﻣ,ﻝﮕﻧﺎﺑ ﻥﻭﺗﺳﻣﻠﻳﻣ ﮏﻳﺩﺯﻧ,1204056,ﺎﮑﻳﺗﮑﭘ,797
599,3,ﻪﻧﺍﺩﺭﻣ,ﮏﻳﻧﻳﻠﮐ یﺯﮐﺭﻣ,1210156,ﺎﮑﻳﺗﮑﭘ,798
599,1,ﻪﻧﺎﻧﺯ,ﻍﺎﺑ ﻪﻧﻳﭼ ﯽﻟﺍﻭﺳﻟﻭ ﺯﮐﺭﻣ,1202038,ﺎﮑﻳﺗﮑﭘ,799
599,2,ﻪﻧﺎﻧﺯ,ﻍﺎﺑ ﻪﻧﻳﭼ ﯽﻟﺍﻭﺳﻟﻭ ﺯﮐﺭﻣ,1202038,ﺎﮑﻳﺗﮑﭘ,800
599,3,ﻪﻧﺎﻧﺯ,ﻪﻣﺭﻳոﺭﺗ ﻥﻭﺗﺳﻣﻠﻳﻣ ﻥﺎﺟﺩﻭﺍﺩ,1207102,ﺎﮑﻳﺗﮑﭘ,801
599,1,ﻪﻧﺎﻧﺯ,ﻥﺍﺭﺑ ﺭﺎﻬﭼ ﺯﮐﺭﻣ ﯽﻟﺍﻭﺳﻟﻭ,1208141,ﺎﮑﻳﺗﮑﭘ,802
599,2,ﻪﻧﺎﻧﺯ,ﯽըﻧﻭﻭ֢ ﻪﻁﺳﻭﺗﻣ ﻲﻟﺍﻭﺳﻟﻭ ﺯﻛﺭﻣ,1218301,ﺎﮑﻳﺗﮑﭘ,803
599,2,ﻪﻧﺍﺩﺭﻣ,ﺯﮐﺭﻣ ﯽﻟﺍﻭﺳﻟﻭ,1218237,ﺎﮑﻳﺗﮑﭘ,804
599,1,ﻪﻧﺍﺩﺭﻣ,ﻪﻣﻳﺧ ﯽﻟﺍﻭﺳﻟﻭ ﺯﮐﺭﻣ,1217224,ﺎﮑﻳﺗﮑﭘ,805
599,2,ﻪﻧﺍﺩﺭﻣ,ﻪﺳﺭﺩﻣ ﻥﺎﺧ ﺩﻳﻋ,1214259,ﺎﮑﻳﺗﮑﭘ,806
599,2,ﻪﻧﺍﺩﺭﻣ,ﯽըﻧﻭﻭ֢ ﻪﻳﻗﻭﺭﺎﻓ,1214251,ﺎﮑﻳﺗﮑﭘ,807
599,4,ﻪﻧﺍﺩﺭﻣ,ﺕﺎﻣﻭﺟ ﺭﻳﻣ ﻝﮔ,1208138,ﺎﮑﻳﺗﮑﭘ,808
599,1,ﻪﻧﺎﻧﺯ,ﺕﺎﻣﻭﺟ ﯽﺑﻟﻼﮔ,1217229,ﺎﮑﻳﺗﮑﭘ,809
599,1,ﻪﻧﺎﻧﺯ,טﻧոﺭﺗ ﻥﻭﺗﺳﻣﻠﻳﻣ ﯽﺟﺎﺣ,1211176,ﺎﮑﻳﺗﮑﭘ,810
599,2,ﻪﻧﺎﻧﺯ,טﻧոﺭﺗ ﻥﻭﺗﺳﻣﻠﻳﻣ ﯽﺟﺎﺣ,1211176,ﺎﮑﻳﺗﮑﭘ,811
599,2,ﻪﻧﺎﻧﺯ,ﻪﻣﺭﻳոﺭﺗ ﻥﻭﺗﺳﻣﻠﻳﻣ ﻝﺎﻳﺧ ﯽﺟﺎﺣ,1207106,ﺎﮑﻳﺗﮑﭘ,812
599,2,ﻪﻧﺍﺩﺭﻣ,ﺕﺎﻣﻭﺟ ﺭﻣﻋ ﯽﺟﺎﺣ,1208129,ﺎﮑﻳﺗﮑﭘ,813
599,2,ﻪﻧﺍﺩﺭﻣ,ﺕﺎﻣﻭﺟ ﻊﻣﺎﺟ ﻪﻣﻳﺧ,1212189,ﺎﮑﻳﺗﮑﭘ,814
599,1,ﻪﻧﺎﻧﺯ,ﻪﻣﺭﻳոﺭﺗ ﻥﻭﺗﺳﻣﻠﻳﻣ ﻭﺩﺎﻣ,1210152,ﺎﮑﻳﺗﮑﭘ,815
599,1,ﻪﻧﺍﺩﺭﻣ,ﻩډﺍ ﯽךﻧﺯ ﺕﺎﻣﻭﺟ ﯽﻠﮐﺩ,1214303,ﺎﮑﻳﺗﮑﭘ,816
599,2,ﻪﻧﺎﻧﺯ,ﻪﺗﺎﺷ ﻥﻭﺗﺳﻣﻠﻳﻣ ﷲﺩﺑﻋ ﮏﻠﻣ,1209116,ﺎﮑﻳﺗﮑﭘ,817
599,2,ﻪﻧﺍﺩﺭﻣ,ﺕﺎﻣﻭﺟ ﯽﺗﺳﻣ,1210153,ﺎﮑﻳﺗﮑﭘ,818
599,2,ﻪﻧﺍﺩﺭﻣ,טﻧոﺭﺗ ﻥﻭﺗﺳﻣﻠﻳﻣ ﯽﻧﻏ ﺡﻼﻣ,1209111,ﺎﮑﻳﺗﮑﭘ,819
599,2,ﻪﻧﺎﻧﺯ,ﺩﻣﺣﻣ ﮏﻳﻧ ﻪﻧﺎﻧﺯﻭ ﻪﻧﺍﺩﺭﻣ ﻥﻭﺗﺳﻣﻠﻳﻣ ﺭﺍﻭﺟ,1204052,ﺎﮑﻳﺗﮑﭘ,820
599,4,ﻪﻧﺎﻧﺯ,ﺩﻣﺣﻣ ﮏﻳﻧ ﻪﻧﺎﻧﺯﻭ ﻪﻧﺍﺩﺭﻣ ﻥﻭﺗﺳﻣﻠﻳﻣ ﺭﺍﻭﺟ,1204052,ﺎﮑﻳﺗﮑﭘ,821
599,2,ﻪﻧﺍﺩﺭﻣ,ﻙﻳﻧﻳﻠﻛ  ﻲﺗﻭﻛﺭﻳﭘ,1211296,ﺎﮑﻳﺗﮑﭘ,822
599,5,ﻪﻧﺎﻧﺯ,ﯽըﻧﻭﻭ֢ ﯽﻧړﻣﻭﻟ,1208125,ﺎﮑﻳﺗﮑﭘ,823
599,2,ﻪﻧﺎﻧﺯ,ﻪﻣﺭﻳոﺭﺗ ﺭﻭﮐ ﻥﺎﺟ ﺏﺣﺎﺻ,1207090,ﺎﮑﻳﺗﮑﭘ,824
599,2,ﻪﻧﺎﻧﺯ,ﻪﺳﺭﺩﻣ ﺩﻣﺣﺍ ﺩﻳﻌﺳ,1208136,ﺎﮑﻳﺗﮑﭘ,825
599,1,ﻪﻧﺍﺩﺭﻣ,یﺯﺩﻣﺣﺍ ﺭډﺎﺑ ﺩﺟﺳﻣ,1214265,ﺎﮑﻳﺗﮑﭘ,826
599,2,ﻪﻧﺍﺩﺭﻣ,ﻪﻧﭘﺳ ﻙﻳﻧﻳﻠﻛ ﻲﻟﺍﻭﺳﻟﻭ ﺯﻛﺭﻣ,1206284,ﺎﮑﻳﺗﮑﭘ,827
599,3,ﻪﻧﺎﻧﺯ,ﯽﻣﻏ ﻝﻳﮐﻭ ﯽըﻧﻭﻭ֢,1218244,ﺎﮑﻳﺗﮑﭘ,828
599,3,ﻪﻧﺎﻧﺯ,טﻧոﺭﺗ ﻥﻭﺗﺳﻣﻠﻳﻣ ﻥﺎﺟ ﺭﻔﻅ,1213202,ﺎﮑﻳﺗﮑﭘ,829
599,1,ﻪﻧﺍﺩﺭﻣ,کﺍﻭﺎﺧ ﻩﺩ ﺏﺗﮑﻣ,807073,ﺭﻳﺷﺟﻧﭘ,830
599,2,ﻪﻧﺎﻧﺯ,ﻪﭼﮐ ﻝﺎﺷ ﺩﺟﺳﻣ,807077,ﺭﻳﺷﺟﻧﭘ,831
600,3,ﻪﻧﺎﻧﺯ,ﻪﻔﻳﻧﺣﻭﺑﺍ ﻡﺎﻣﺍ ﻪﻁﺳﻭﺗﻣ ﺏﺗﮑﻣ,1807206,ﺭﺎﺧﺗ,832
599,2,ﻪﻧﺍﺩﺭﻣ,ﻥﺎﺗﺷﻣ ﺏﺗﮑﻣ,1808088,ﺭﺎﺧﺗ,833
600,2,ﻪﻧﺍﺩﺭﻣ,ﻪﻧﺎﻬﺗ کﺭﺑﺑ ﺕﺎﻣﻭﺟ ﻱﺯﮐﺭﻣ ﻥﺎﺧ ﻡﺩﺍ,1408163,ﺕﺳﻭﺧ,834
600,3,ﻪﻧﺍﺩﺭﻣ,ﻪﻧﺎﻬﺗ کﺭﺑﺑ ﺕﺎﻣﻭﺟ ﻱﺯﮐﺭﻣ ﻥﺎﺧ ﻡﺩﺍ,1408163,ﺕﺳﻭﺧ,835
600,6,ﻪﻧﺎﻧﺯ,ﻪﻧﺎﻬﺗ کﺭﺑﺑ ﺕﺎﻣﻭﺟ ﻱﺯﮐﺭﻣ ﻥﺎﺧ ﻡﺩﺍ,1408163,ﺕﺳﻭﺧ,836
600,2,ﻪﻧﺍﺩﺭﻣ,ﻪﻟﻭﺧ ﻥﻳﺳﻭﮐ ﺕﺎﻣﻭﺟ ﻥﺎﺧ ﺏﺟﻋ ﺩ,1405076,ﺕﺳﻭﺧ,837
600,3,ﻪﻧﺎﻧﺯ,ﻪﻟﻭﺧ ﻥﻳﺳﻭﮐ ﺕﺎﻣﻭﺟ ﻥﺎﺧ ﺏﺟﻋ ﺩ,1405076,ﺕﺳﻭﺧ,838
600,1,ﻪﻧﺍﺩﺭﻣ,ﻝﻭﻬﮐﺎﮐﺍ ﯽըﻧﻭﻭ֢,1413097,ﺕﺳﻭﺧ,839
600,5,ﻪﻧﺎﻧﺯ,ﻝﻭﻬﮐﺎﮐﺍ ﯽըﻧﻭﻭ֢,1413097,ﺕﺳﻭﺧ,840
600,2,ﻪﻧﺎﻧﺯ,ﻩﺭﺟﻫ ﻥﺎﺟ ﺭﺑﮐﺍ ﺩ ﻲﻠﮐ ﻥﺎﺟ ﻲﮐﺭﺳ ﺩ,1401008,ﺕﺳﻭﺧ,841
600,3,ﻪﻧﺎﻧﺯ,ﻩﺭﺟﻫ ﻥﺎﺟ ﺭﺑﮐﺍ ﺩ ﻲﻠﮐ ﻥﺎﺟ ﻲﮐﺭﺳ ﺩ,1401008,ﺕﺳﻭﺧ,842
600,1,ﻪﻧﺍﺩﺭﻣ,ﻪﺳﻳﻟ ېډﺎךﻟﺍ ﺩ,1413101,ﺕﺳﻭﺧ,843
600,3,ﻪﻧﺍﺩﺭﻣ,ﻪﺳﻳﻟ ېډﺎךﻟﺍ ﺩ,1413101,ﺕﺳﻭﺧ,844
600,1,ﻪﻧﺍﺩﺭﻣ,ﯽﮐ ﻪﻧﺎﺗ کﺭﺑﺑ ﻪﭘ ﻪﻣﻳﺧ,1408055,ﺕﺳﻭﺧ,845
600,2,ﻪﻧﺍﺩﺭﻣ,ټﻭﻼﺑ ﻍﺎﺑ ﻱﺯﮐﺭﻣ,1408054,ﺕﺳﻭﺧ,846
600,3,ﻪﻧﺍﺩﺭﻣ,ټﻭﻼﺑ ﻍﺎﺑ ﻱﺯﮐﺭﻣ,1408054,ﺕﺳﻭﺧ,847
600,5,ﻪﻧﺎﻧﺯ,ټﻭﻼﺑ ﻍﺎﺑ ﻱﺯﮐﺭﻣ,1408054,ﺕﺳﻭﺧ,848
600,3,ﻪﻧﺎﻧﺯ,ﺕﺎﻣﻭﺟ ﻲﻠﮐ ړﺍﺩﻧﭼ ﺩ,1402090,ﺕﺳﻭﺧ,849
600,2,ﻪﻧﺍﺩﺭﻣ,ﯽըﻧﻭﻭ֢ ﻥﻭ ﻲ ﺳ,1413098,ﺕﺳﻭﺧ,850
600,4,ﻪﻧﺎﻧﺯ,ﯽըﻧﻭﻭ֢ ﻥﻭ ﻲ ﺳ,1413098,ﺕﺳﻭﺧ,851
600,5,ﻪﻧﺎﻧﺯ,ﯽըﻧﻭﻭ֢ ﻥﻭ ﻲ ﺳ,1413098,ﺕﺳﻭﺧ,852
600,6,ﻪﻧﺎﻧﺯ,ﻪﺳﺭﺩﻣ ﻲי ﻩﺭﺩ ﺩ,1404143,ﺕﺳﻭﺧ,853
600,2,ﻪﻧﺍﺩﺭﻣ,ﺯﮐﺭﻣ ﻰﻟﺍﻭﺳﻟﻭ ﺩ,1407167,ﺕﺳﻭﺧ,854
600,1,ﻪﻧﺍﺩﺭﻣ,ﺯﮐﺭﻣ سﻟﺍﻭﺳﻟﻭ ﺩ,1409063,ﺕﺳﻭﺧ,855
600,2,ﻪﻧﺍﺩﺭﻣ,ﺯﮐﺭﻣ سﻟﺍﻭﺳﻟﻭ ﺩ,1409063,ﺕﺳﻭﺧ,856
600,5,ﻪﻧﺎﻧﺯ,ﺯﮐﺭﻣ سﻟﺍﻭﺳﻟﻭ ﺩ,1409063,ﺕﺳﻭﺧ,857
600,1,ﻪﻧﺍﺩﺭﻣ,ﺕﺎﻣﻭﺟ ﻝﻳﺧ ﯥﺳﻳﻋ,1404142,ﺕﺳﻭﺧ,858
600,3,ﻪﻧﺍﺩﺭﻣ,ﺕﺎﻣﻭﺟ ﻝﻳﺧ ﯥﺳﻳﻋ,1404142,ﺕﺳﻭﺧ,859
600,4,ﻪﻧﺍﺩﺭﻣ,ﺕﺎﻣﻭﺟ ﻝﻳﺧ ﯥﺳﻳﻋ,1404142,ﺕﺳﻭﺧ,860
600,5,ﻪﻧﺎﻧﺯ,ﺕﺎﻣﻭﺟ ﻝﻳﺧ ﯥﺳﻳﻋ,1404142,ﺕﺳﻭﺧ,861
600,3,ﻪﻧﺍﺩﺭﻣ,ﻥﻭﺗﻏﻭﺭ ﻲﮑﻠﻣ ﻰﻧﺍﻭﺧﭘ,1401021,ﺕﺳﻭﺧ,862
600,2,ﻪﻧﺍﺩﺭﻣ,ﻪﻣﺭﻳոﺭﺗ ﺭﻭﮐ ﺭﺎﻔﻏ ﺩ,1410109,ﺕﺳﻭﺧ,863
600,3,ﻪﻧﺎﻧﺯ,کﺭﺎﭘ ﻥﺍﺭﺩը کﺭﺑﺑ ﻱﺯﺎﻏ ﺩ,1401022,ﺕﺳﻭﺧ,864
600,5,ﻪﻧﺍﺩﺭﻣ,کﺭﺎﭘ ﻥﺍﺭﺩը کﺭﺑﺑ ﻱﺯﺎﻏ ﺩ,1401022,ﺕﺳﻭﺧ,865
600,3,ﻪﻧﺎﻧﺯ,ﻪﺳﻳﻟ ﻭﻧﻭﺟﻧ ﺩ ﻭﻳﺯ ﻥﺳﺣﺩ,1402091,ﺕﺳﻭﺧ,866
600,2,ﻪﻧﺍﺩﺭﻣ,ﯥﻣﻳﺧ ﯥﻧﻣﻟ ﺩ ﻲﻠﮐ ﺩ,1411132,ﺕﺳﻭﺧ,867
600,3,ﻪﻧﺎﻧﺯ,ﻪﺗ ﺎﺷ ﺭﻭﮐ ﻝﻳﻠﺧ ﺩ,1401036,ﺕﺳﻭﺧ,868
600,3,ﻪﻧﺍﺩﺭﻣ,ﺕﺎﻣﻭﺟ ړﻭﺧ ﯥﻧﺎﺧ,1401162,ﺕﺳﻭﺧ,869
600,7,ﻪﻧﺎﻧﺯ,ﺕﺎﻣﻭﺟ ړﻭﺧ ﯥﻧﺎﺧ,1401162,ﺕﺳﻭﺧ,870
600,4,ﻪﻧﺎﻧﺯ,ﻪﺳﺭﺩﻣ ﯽﻠﮐ ۍډﻧﻟ ﺩ,1401027,ﺕﺳﻭﺧ,871
600,4,ﻪﻧﺎﻧﺯ,ﻪﺳﺭﺩﻣ,1401033,ﺕﺳﻭﺧ,872
600,2,ﻪﻧﺍﺩﺭﻣ,ﺕﺎﻣﻭﺟ ﻭﻳﺯﻠﻣ ﺩ,1401005,ﺕﺳﻭﺧ,873
600,1,ﻪﻧﺍﺩﺭﻣ,ﺕﺎﻣﻭﺟ ﻱﺩﻧﻣ ﺩ,1405073,ﺕﺳﻭﺧ,874
600,2,ﻪﻧﺍﺩﺭﻣ,ﺕﺎﻣﻭﺟ ﻱﺯﻧﻣ,1409057,ﺕﺳﻭﺧ,875
600,7,ﻪﻧﺎﻧﺯ,ﺕﺎﻣﻭﺟ ﻱﺯﻧﻣ,1409057,ﺕﺳﻭﺧ,876
600,5,ﻪﻧﺎﻧﺯ,ﺕﺎﻣﻭﺟ ﻝﻳﺧﻳﺩﻧﻣ ﻥﻭﺗﻣ,1401014,ﺕﺳﻭﺧ,877
600,3,ﻪﻧﺎﻧﺯ,ﺕﺎﻣﻭﺟ ﺩﺎﺑﺁ ﻱﺯﺎﻏ ﻝﺑﺭﺗﺳﻣ,1403174,ﺕﺳﻭﺧ,878
600,4,ﻪﻧﺎﻧﺯ,ﺕﺎﻣﻭﺟ ﺩﺎﺑﺁ ﻱﺯﺎﻏ ﻝﺑﺭﺗﺳﻣ,1403174,ﺕﺳﻭﺧ,879
600,5,ﻪﻧﺍﺩﺭﻣ,ﺕﺎﻣﻭﺟ ﺩﺎﺑﺁ ﻱﺯﺎﻏ ﻝﺑﺭﺗﺳﻣ,1403174,ﺕﺳﻭﺧ,880
600,6,ﻪﻧﺍﺩﺭﻣ,ﺕﺎﻣﻭﺟ ﺩﺎﺑﺁ ﻱﺯﺎﻏ ﻝﺑﺭﺗﺳﻣ,1403174,ﺕﺳﻭﺧ,881
600,7,ﻪﻧﺎﻧﺯ,ﺕﺎﻣﻭﺟ ﺩﺎﺑﺁ ﻱﺯﺎﻏ ﻝﺑﺭﺗﺳﻣ,1403174,ﺕﺳﻭﺧ,882
600,1,ﻪﻧﺍﺩﺭﻣ,ﺕﺎﻣﻭﺟ ﻭﻠﻳﺧ ﻝﻐﻣ ﺩ,1413103,ﺕﺳﻭﺧ,883
600,2,ﻪﻧﺍﺩﺭﻣ,ﺕﺎﻣﻭﺟ ﻭﻠﻳﺧ ﻝﻐﻣ ﺩ,1413103,ﺕﺳﻭﺧ,884
600,5,ﻪﻧﺎﻧﺯ,ﻪﺳﻳﻟ ﻲﻫﻭﺭ ﻕﻳﺩﺻ ﺩﻣﺣﻣ ﻭﻠﻳﺧﺭﺩﻳﺣ ﺩ,1402082,ﺕﺳﻭﺧ,885
600,2,ﻪﻧﺍﺩﺭﻣ,ڼﮑﻟ ﺕﺎﻣﻭﺟ,1401034,ﺕﺳﻭﺧ,886
600,3,ﻪﻧﺍﺩﺭﻣ,ﻰﻠﮐ ﻩﺭﻭﻏﺯﻣ ﺕﺎﻣﻭﺟ,1401037,ﺕﺳﻭﺧ,887
600,1,ﻪﻧﺍﺩﺭﻣ,ﺕﺎﻣﻭﺟ,1401039,ﺕﺳﻭﺧ,888
600,4,ﻪﻧﺎﻧﺯ,ﻯﺍﺭﺳ ﻥﺍﻭﺭﺎﮐ ﺕﺎﻣﻭﺟ,1401041,ﺕﺳﻭﺧ,889
600,3,ﻪﻧﺎﻧﺯ,ﻩﺭﺟﻫ ﺭﻭﺗﺎﻧﺳ ﺩ ﻭﺍ ﺕﺎﻣﻭﺟ,1401026,ﺕﺳﻭﺧ,890
600,2,ﻪﻧﺍﺩﺭﻣ,ﺕﺎﻣﻭﺟ ﯥﻳﺯﻳﺭﻧ ﺩ,1404141,ﺕﺳﻭﺧ,891
600,1,ﻪﻧﺍﺩﺭﻣ,ﻩﺭﺟﻫ ﻥﻳﺩﻟﺍ ﻡﺎﻅﻧ ﺩ,1408048,ﺕﺳﻭﺧ,892
600,4,ﻪﻧﺎﻧﺯ,ﻩﺭﺟﻫ ﻥﻳﺩﻟﺍ ﻡﺎﻅﻧ ﺩ,1408048,ﺕﺳﻭﺧ,893
600,1,ﻪﻧﺍﺩﺭﻣ,ﯽﮐ کﺯﻭﻋ ﻪﭘ ﺎﺿﻓ ﻩﺍﺩﺯﺁ,1405075,ﺕﺳﻭﺧ,894
600,2,ﻪﻧﺍﺩﺭﻣ,ﯽﮐ کﺯﻭﻋ ﻪﭘ ﺎﺿﻓ ﻩﺍﺩﺯﺁ,1405075,ﺕﺳﻭﺧ,895
600,2,ﻪﻧﺍﺩﺭﻣ,ﻝﻳﺧ ﻲﭼﻭﮐ ﻥﺍﺩﻳﻣ ﺭﺍﻭﻫ,1413104,ﺕﺳﻭﺧ,896
600,1,ﻪﻧﺍﺩﺭﻣ,ﺯﺑﺭי ﻪﺳﺭﺩﻣ ﻲﻠﮐ ﺍﺭﺣﺻ ﺩ,1404146,ﺕﺳﻭﺧ,897
600,1,ﻪﻧﺍﺩﺭﻣ,ﺕﺎﻣﻭﺟ ﺯﺎﺑﺭﺳ ﺩ,1401031,ﺕﺳﻭﺧ,898
600,1,ﻪﻧﺍﺩﺭﻣ,ﺕﺎﻣﻭﺟ ﻥﺎﺟ ﺍﺩﻳﺳ,1402086,ﺕﺳﻭﺧ,899
600,3,ﻪﻧﺍﺩﺭﻣ,ﯽըﻧﻭﻭ֢ ﺩﻭﺍﺩ ﺩﻣﺣﻣ ﺩﻳﻬﺷ ﺩ,1401016,ﺕﺳﻭﺧ,900
600,4,ﻪﻧﺎﻧﺯ,ﯽըﻧﻭﻭ֢ ﺩﻭﺍﺩ ﺩﻣﺣﻣ ﺩﻳﻬﺷ ﺩ,1401016,ﺕﺳﻭﺧ,901
600,6,ﻪﻧﺍﺩﺭﻣ,ﯽըﻧﻭﻭ֢ ﺩﻭﺍﺩ ﺩﻣﺣﻣ ﺩﻳﻬﺷ ﺩ,1401016,ﺕﺳﻭﺧ,902
600,3,ﻪﻧﺎﻧﺯ,ﺕﺎﻣﻭﺟ ﻲﻠﮐ ﺭﻋﺎﺷ,1404182,ﺕﺳﻭﺧ,903
600,4,ﻪﻧﺍﺩﺭﻣ,(ﻯﺯﺭﻭﻧ) ﺕﺎﻣﻭﺟ ﻲﻠﮐ ړﻭﺯ ﻝﻣﺷ ﺩ,1401001,ﺕﺳﻭﺧ,904
600,5,ﻪﻧﺎﻧﺯ,(ﻯﺯﺭﻭﻧ) ﺕﺎﻣﻭﺟ ﻲﻠﮐ ړﻭﺯ ﻝﻣﺷ ﺩ,1401001,ﺕﺳﻭﺧ,905
600,6,ﻪﻧﺎﻧﺯ,(ﻯﺯﺭﻭﻧ) ﺕﺎﻣﻭﺟ ﻲﻠﮐ ړﻭﺯ ﻝﻣﺷ ﺩ,1401001,ﺕﺳﻭﺧ,906
600,2,ﻪﻧﺎﻧﺯ,ﻩﺭﺟﺣ ﻥﺎﺧ ﺕﺑﺭﺷ ﺩ,1401002,ﺕﺳﻭﺧ,907
600,2,ﻪﻧﺍﺩﺭﻣ,ﺕﺎﻣﻭﺟ ﻊﻣﺎﺟ ﻭﻧﺎﺧﻳﺷ,1413186,ﺕﺳﻭﺧ,908
600,2,ﻪﻧﺍﺩﺭﻣ,ﺏﺗﮑﻣ ټﻭﮐ ﻥﺳﺣ ﻩﺭﺎﺧ ﻩډי ﻝﻣﺷ,1401176,ﺕﺳﻭﺧ,909
600,2,ﻪﻧﺍﺩﺭﻣ,(ڼﮑﻟ) ﺕﺎﻣﻭﺟ ﻲﻠﮐ ﻲﮐﻭﺭﺳ ﺩ,1401028,ﺕﺳﻭﺧ,910
600,4,ﻪﻧﺎﻧﺯ,(ڼﮑﻟ) ﺕﺎﻣﻭﺟ ﻲﻠﮐ ﻲﮐﻭﺭﺳ ﺩ,1401028,ﺕﺳﻭﺧ,911
600,5,ﻪﻧﺎﻧﺯ,(ڼﮑﻟ) ﺕﺎﻣﻭﺟ ﻲﻠﮐ ﻲﮐﻭﺭﺳ ﺩ,1401028,ﺕﺳﻭﺧ,912
600,1,ﻪﻧﺍﺩﺭﻣ,ﺕﺳﺎﻳﺭ ﻭﺭﺎﭼ ﻭը֢ ﺩ,1401018,ﺕﺳﻭﺧ,913
600,5,ﻪﻧﺎﻧﺯ,ﺕﺳﺎﻳﺭ ﻭﺭﺎﭼ ﻭը֢ ﺩ,1401018,ﺕﺳﻭﺧ,914
600,7,ﻪﻧﺎﻧﺯ,ﺕﺳﺎﻳﺭ ﻭﺭﺎﭼ ﻭը֢ ﺩ,1401018,ﺕﺳﻭﺧ,915
600,3,ﻪﻧﺍﺩﺭﻣ,ﻝﻳﺧﻧﺯ ﻪﺳﺭﺩﻣ,1413099,ﺕﺳﻭﺧ,916
599,2,ﻪﻧﺍﺩﺭﻣ,ﻝﻭﻬﮐﺎﮐﺍ ﯽըﻧﻭﻭ֢,1413097,ﺕﺳﻭﺧ,917
599,4,ﻪﻧﺎﻧﺯ,ﻪﺳﻳﻟ ېډﺎךﻟﺍ ﺩ,1413101,ﺕﺳﻭﺧ,918
599,4,ﻪﻧﺎﻧﺯ,ﻪﻣﺭﻳոﺭﺗ ﺭﻭﮐ ﻥﺎﻣﺣﺭ ﻥﻳﻣﺍ,1401044,ﺕﺳﻭﺧ,919
599,2,ﻪﻧﺍﺩﺭﻣ,ﯽըﻧﻭﻭ֢ ېﺭﺩﻧﮑﺳﺍ ﺩ,1413100,ﺕﺳﻭﺧ,920
599,5,ﻪﻧﺎﻧﺯ,ﯽըﻧﻭﻭ֢ ېﺭﺩﻧﮑﺳﺍ ﺩ,1413100,ﺕﺳﻭﺧ,921
599,4,ﻪﻧﺎﻧﺯ,ﻥﻭﺗﻏﻭﺭ ﻱﺭﮑﺳﻋ,1401019,ﺕﺳﻭﺧ,922
599,5,ﻪﻧﺎﻧﺯ,ﻥﻭﺗﻏﻭﺭ ﻱﺭﮑﺳﻋ,1401019,ﺕﺳﻭﺧ,923
599,1,ﻪﻧﺍﺩﺭﻣ,ﯽըﻧﻭﻭ֢ ﻥﺎﺟ ﻝﻭﺍ,1404137,ﺕﺳﻭﺧ,924
599,3,ﻪﻧﺍﺩﺭﻣ,ﯽըﻧﻭﻭ֢ ﻥﺎﺟ ﻝﻭﺍ,1404137,ﺕﺳﻭﺧ,925
599,5,ﻪﻧﺎﻧﺯ,ﯽըﻧﻭﻭ֢ ﻥﺎﺟ ﻝﻭﺍ,1404137,ﺕﺳﻭﺧ,926
599,1,ﻪﻧﺍﺩﺭﻣ,ﻩﺭﺟﻫ کډﺎﺑ ﺩ,1405070,ﺕﺳﻭﺧ,927
599,2,ﻪﻧﺍﺩﺭﻣ,ﻩﺭﺟﻫ کډﺎﺑ ﺩ,1405070,ﺕﺳﻭﺧ,928
599,3,ﻪﻧﺍﺩﺭﻣ,ﯽըﻧﻭﻭ֢ ﻥﻭ ﻲ ﺳ,1413098,ﺕﺳﻭﺧ,929
599,1,ﻪﻧﺎﻧﺯ,ﺕﺎﻣﻭﺟ ﺭﻭﮐ ﺩ ﻭﺗﺎﮐﺭﻣי ﺩ,1401023,ﺕﺳﻭﺧ,930
599,4,ﻪﻧﺍﺩﺭﻣ,ﺕﺎﻣﻭﺟ ﺭﻭﮐ ﺩ ﻭﺗﺎﮐﺭﻣי ﺩ,1401023,ﺕﺳﻭﺧ,931
599,7,ﻪﻧﺍﺩﺭﻣ,ﺕﺎﻣﻭﺟ ﺭﻭﮐ ﺩ ﻭﺗﺎﮐﺭﻣי ﺩ,1401023,ﺕﺳﻭﺧ,932
599,1,ﻪﻧﺍﺩﺭﻣ,ﺕﺎﻣﻭﺟ ﻲﻠﮐ ﻭﻳﺧﺍﺩ ﺩ,1404145,ﺕﺳﻭﺧ,933
599,2,ﻪﻧﺍﺩﺭﻣ,ﺕﺎﻣﻭﺟ ﻲﻠﮐ ﻭﻳﺧﺍﺩ ﺩ,1404145,ﺕﺳﻭﺧ,934
599,2,ﻪﻧﺎﻧﺯ,ﯽըﻧﻭﻭ֢ ﻪﻁﺳﻭﺗﻣ ﻭﻳﺭﻭﭘﻟﺩ ﺩ,1402093,ﺕﺳﻭﺧ,935
599,4,ﻪﻧﺎﻧﺯ,ﻪﺳﺭﺩﻣ ﻲי ﻩﺭﺩ ﺩ,1404143,ﺕﺳﻭﺧ,936
599,1,ﻪﻧﺍﺩﺭﻣ,ﺕﺳﺎﻳﺭ ﻭﻧﻳﺑﻭﻳﻌﻣ,1401020,ﺕﺳﻭﺧ,937
599,7,ﻪﻧﺎﻧﺯ,ﺕﺳﺎﻳﺭ ﻭﻧﻳﺑﻭﻳﻌﻣ,1401020,ﺕﺳﻭﺧ,938
599,4,ﻪﻧﺎﻧﺯ,ﻪﻣﺭﻳոﺭﺗ ﻝﻳﺧ ﻲﺑﺧ ﺭﻭﮐ ﻥﺎﺧ ﻩﺎﺷﺩﺎﺑ ﺭ ﮐﺍډ,1404135,ﺕﺳﻭﺧ,939
599,1,ﻪﻧﺍﺩﺭﻣ,ﻥﻭﺗﻏﻭﺭ ﻲﮑﻠﻣ ﻰﻧﺍﻭﺧﭘ,1401021,ﺕﺳﻭﺧ,940
599,4,ﻪﻧﺎﻧﺯ,ﮏ ﻟ ﻩﺭﺟﻫ ﻥﺎﺟﺭﻣ ﻝי ﺩ,1401043,ﺕﺳﻭﺧ,941
599,1,ﻪﻧﺍﺩﺭﻣ,טﻧոﺭﺗ ﻰﻠﮐ ﻝﻣ ﺭﻭﮐ ﻥﺎﺗﺳﻠי ﻲﺟﺎﺣ ﺩ,1410105,ﺕﺳﻭﺧ,942
599,1,ﻪﻧﺍﺩﺭﻣ,ﺕﺎﻣﻭﺟ ﺭﻳﻣﻧﺎﻬﺟ ﺩ,1406123,ﺕﺳﻭﺧ,943
599,2,ﻪﻧﺎﻧﺯ,ﺕﺎﻣﻭﺟ ﯥﻟﻭﺧ ېﻭژ ﻩﻭﻳﻟ ﺩ,1403175,ﺕﺳﻭﺧ,944
599,3,ﻪﻧﺎﻧﺯ,ﻪﺳﺭﺩﻣ ﯽﻠﮐ ﻝﻳﺧﻳﺩﻣ ﺩ,1401029,ﺕﺳﻭﺧ,945
599,1,ﻪﻧﺍﺩﺭﻣ,ﺕﺎﻣﻭﺟ ﻭﻳﺯﻠﻣ ﺩ,1401005,ﺕﺳﻭﺧ,946
599,3,ﻪﻧﺍﺩﺭﻣ,ﺕﺎﻣﻭﺟ ﻲﻠﮐ ﻭﺳךﻧﻣ ﺩ,1401025,ﺕﺳﻭﺧ,947
599,1,ﻪﻧﺍﺩﺭﻣ,ﺕﺎﻣﻭﺟ ﻱﺯﻧﻣ,1409057,ﺕﺳﻭﺧ,948
599,3,ﻪﻧﺍﺩﺭﻣ,ﺕﺎﻣﻭﺟ ﻱﺯﻧﻣ,1409057,ﺕﺳﻭﺧ,949
599,8,ﻪﻧﺍﺩﺭﻣ,ﺕﺎﻣﻭﺟ ﻱﺯﻧﻣ,1409057,ﺕﺳﻭﺧ,950
599,1,ﻪﻧﺍﺩﺭﻣ,ﺕﺎﻣﻭﺟ ﺩﺎﺑﺁ ﻱﺯﺎﻏ ﻝﺑﺭﺗﺳﻣ,1403174,ﺕﺳﻭﺧ,951
599,2,ﻪﻧﺍﺩﺭﻣ,ﺕﺎﻣﻭﺟ ﺩﺎﺑﺁ ﻱﺯﺎﻏ ﻝﺑﺭﺗﺳﻣ,1403174,ﺕﺳﻭﺧ,952
599,1,ﻪﻧﺍﺩﺭﻣ,ﻯﺍﺭﺳ ﻥﺍﻭﺭﺎﮐ ﺕﺎﻣﻭﺟ,1401041,ﺕﺳﻭﺧ,953
599,2,ﻪﻧﺍﺩﺭﻣ,ﺕﺎﻣﻭﺟ ﻊﻣﺎﺟ,1402177,ﺕﺳﻭﺧ,954
599,4,ﻪﻧﺎﻧﺯ,ﺕﺎﻣﻭﺟ ﯥﻳﺯﻳﺭﻧ ﺩ,1404141,ﺕﺳﻭﺧ,955
599,3,ﻪﻧﺎﻧﺯ,ﯽﮐ کﺯﻭﻋ ﻪﭘ ﺎﺿﻓ ﻩﺍﺩﺯﺁ,1405075,ﺕﺳﻭﺧ,956
599,2,ﻪﻧﺍﺩﺭﻣ,ﻥﺍﺩﻳﻣ ﺭﺍﻭﻫ էﻧﻣﺭﺗ ﯥﺳﺭﺩﻣ ﻭﺍ ﺏﺗﮑﻣﺩ ﻲﻠﮐ ﻰﮔﺭﻭﺑ ﺩ,1412159,ﺕﺳﻭﺧ,957
599,4,ﻪﻧﺎﻧﺯ,ﻝﻳﺧ ﻲﭼﻭﮐ ﻥﺍﺩﻳﻣ ﺭﺍﻭﻫ,1413104,ﺕﺳﻭﺧ,958
599,4,ﻪﻧﺎﻧﺯ,ﻩﺭﺟﻫ ﻝי ﺕﻣﺣﺭ,1401040,ﺕﺳﻭﺧ,959
599,2,ﻪﻧﺍﺩﺭﻣ,ﺯﺑﺭי ﻪﺳﺭﺩﻣ ﻲﻠﮐ ﺍﺭﺣﺻ ﺩ,1404146,ﺕﺳﻭﺧ,960
599,2,ﻪﻧﺍﺩﺭﻣ,ﻝﻣﺷ ﺕﺎﻣﻭﺟ ﻲﻠﮐ ﻥﺎﺟ ﻲﮐﺭﺳ ﺩ,1401007,ﺕﺳﻭﺧ,961
599,1,ﻪﻧﺍﺩﺭﻣ,ﻩﺭﺟﻫ ﻥﺎﺧ ﺕﺍﻭﺳ ﺩ,1404134,ﺕﺳﻭﺧ,962
599,1,ﻪﻧﺍﺩﺭﻣ,ﻩﺭﺟﻫ ﷲﺩﻳﺳ ﺩ,1401006,ﺕﺳﻭﺧ,963
599,3,ﻪﻧﺎﻧﺯ,ﻯﺭﮑ֢ ﺩﺟﺳﻣ,1408184,ﺕﺳﻭﺧ,964
599,3,ﻪﻧﺎﻧﺯ,ﺕﺎﻣﻭﺟ ﻊﻣﺎﺟ ﻭﻧﺎﺧﻳﺷ,1413186,ﺕﺳﻭﺧ,965
599,5,ﻪﻧﺍﺩﺭﻣ,ﻰըﻧﻭﻭ֢ ﻰﻠﮐ ﻩﺭﻳﭘﺳ,1411127,ﺕﺳﻭﺧ,966
599,7,ﻪﻧﺍﺩﺭﻣ,ﻰըﻧﻭﻭ֢ ﻰﻠﮐ ﻩﺭﻳﭘﺳ,1411127,ﺕﺳﻭﺧ,967
599,1,ﻪﻧﺍﺩﺭﻣ,ﻪؕﺎﻣ ټﻭﮐ ﺭﺗﺳ ﺕﺎﻣﻭﺟ,1410111,ﺕﺳﻭﺧ,968
599,6,ﻪﻧﺎﻧﺯ,ﻥﻭﺗﻣ ﺕﺎﻣﻭﺟ ﻲﻠﮐ ﻩﺯﺎﺗ ﺩ,1401013,ﺕﺳﻭﺧ,969
599,3,ﻪﻧﺎﻧﺯ,ﯽﮐ ﯽﻠﮐ ﻩﺭﺷﺭﻭﺗ ﻪﭘ ﻪﻣﻳﺧ,1410110,ﺕﺳﻭﺧ,970
599,1,ﻪﻧﺍﺩﺭﻣ,ﻪﺳﺭﺩﻣ ﯥﻟژﺭﻭ ﺩ,1404139,ﺕﺳﻭﺧ,971
599,2,ﻪﻧﺍﺩﺭﻣ,ﻪﺳﺭﺩﻣ ﯥﻟژﺭﻭ ﺩ,1404139,ﺕﺳﻭﺧ,972
599,5,ﻪﻧﺎﻧﺯ,ﻝﻳﺧﻧﺯ ﻪﺳﺭﺩﻣ,1413099,ﺕﺳﻭﺧ,973
600,3,ﻪﻧﺎﻧﺯ,ﺩﺟﺳﻣ,2408193,یﺩﻧﮑﻳﺍﺩ,974
599,2,ﻪﻧﺍﺩﺭﻣ,ﮏﺗﺷﺩ ﺩﺟﺳﻣ,2405090,یﺩﻧﮑﻳﺍﺩ,975
599,1,ﻪﻧﺍﺩﺭﻣ,ﺵﺎﺑ ﺭﺩﺧ ﺩﺟﺳﻣ,2404040,یﺩﻧﮑﻳﺍﺩ,976
599,3,ﻪﻧﺍﺩﺭﻣ,ﺞﻟﺎﺷ ﺩﺟﺳﻣ,2402024,یﺩﻧﮑﻳﺍﺩ,977
600,2,ﻪﻧﺍﺩﺭﻣ,ﻥﺎﭘﻭﭼﻳﺍﺩ ﺩﺟﺳﻣ,2607022,ﻝﺑﺍﺯ,978
600,2,ﻪﻧﺍﺩﺭﻣ,ﻥﺎﭘﻭﭼﻳﺍﺩ ﺏﺗﻛﻣ,2607023,ﻝﺑﺍﺯ,979
600,4,ﻪﻧﺍﺩﺭﻣ,ﻲﻟﺍﻭﺳﻟﻭ ﻙﻳﻧﻳﻠﻛ,2607024,ﻝﺑﺍﺯ,980
600,10,ﻪﻧﺎﻧﺯ,ﺩﺟﺳﻣ ﻲﻧﺍﻭﺭﻭﺷ,2605018,ﻝﺑﺍﺯ,981
600,8,ﻪﻧﺎﻧﺯ,ﺩﺟﺳﻣ ﻲﻧﺍﻭﺭﻭﺷ,2605018,ﻝﺑﺍﺯ,982
600,2,ﻪﻧﺎﻧﺯ,ﻩﺩﺭﻣﻫﺩ ﻪﻳﺭﻗ ﻪﺳﺭﺩﻣ,2205102,ﻝﭘﺭﺳ,983
599,2,ﻪﻧﺍﺩﺭﻣ,ﻥﺎﺑﺭﻗ ﻼﻣ ﯽﺟﺎﺣ ﺩﺟﺳﻣ,2203070,ﻝﭘﺭﺳ,984
599,3,ﻪﻧﺍﺩﺭﻣ,ﻥﺎﻏﺭﺟ ﻪﺳﻳﻟ,2203061,ﻝﭘﺭﺳ,985
599,6,ﻪﻧﺎﻧﺯ,ﻥﺎﻏﺭﺟ ﻪﺳﻳﻟ,2203061,ﻝﭘﺭﺳ,986
599,3,ﻪﻧﺎﻧﺯ,ﮏﮔﺎﻳﺳ ﻝﺍﻭﺧ ﺩﺟﺳﻣ,2207099,ﻝﭘﺭﺳ,987
599,4,ﻪﻧﺎﻧﺯ,ﺕﺭﺎﻳﺯ یﺎﭘ ﻊﻣﺎﺟ ﺩﺟﺳﻣ,2207094,ﻝﭘﺭﺳ,988
599,2,ﻪﻧﺍﺩﺭﻣ,ﻪﻟﻭﻐﻳﭘ ﻪﺳﺭﺩﻣ,2207095,ﻝﭘﺭﺳ,989
599,1,ﻪﻧﺍﺩﺭﻣ,یﺯﺍﺭﻭﺟ ﻉﻭﻠﻁ ﻪﺳﻳﻟ,2207091,ﻝﭘﺭﺳ,990
600,5,ﻪﻧﺎﻧﺯ,ﮓﻧﻣ ﯽﻧﻳﺑ ﺭﺑﻧﻣ,2007042,ﻥﺎﮕﻧﻣﺳ,991
600,4,ﻪﻧﺎﻧﺯ,ﺭﺎﺻﺣ ﻪﻟﻭﮔ ﻊﻣﺎﺟ ﺩﺟﺳﻣ,2006092,ﻥﺎﮕﻧﻣﺳ,992
600,2,ﻪﻧﺎﻧﺯ,ﻩﺩ ﺥﺭﺳ ﺭﺑﻧﻣ,2007043,ﻥﺎﮕﻧﻣﺳ,993
599,4,ﻪﻧﺎﻧﺯ,ﯽﺑﺎﺑﻟ ﻪﺳﺭﺩﻣ,2006061,ﻥﺎﮕﻧﻣﺳ,994
599,3,ﻪﻧﺎﻧﺯ,ﻕﻼﺑ یﻭﺍ ﺭﺑﻧﻣ,2007044,ﻥﺎﮕﻧﻣﺳ,995
599,2,ﻪﻧﺍﺩﺭﻣ,ﻩﺎﮕﭼﻳﭘ ﻪﺳﺭﺩﻣ,2005071,ﻥﺎﮕﻧﻣﺳ,996
599,3,ﻪﻧﺍﺩﺭﻣ,ﻥﻳﺩﻟﺍ ﻝﺎﻣﺟ ﺩﻳﺳ ﻪﺳﻳﻟ ﺏﺗﮑﻣ,2003079,ﻥﺎﮕﻧﻣﺳ,997
600,1,ﻪﻧﺍﺩﺭﻣ,ﻝﺎﭼ ﻪﻣﺎﻋ ﻪﻳﺭﻗ ﺩﺟﺳﻣ,1110266,ﯽﻧﺯﻏ,998
600,1,ﻪﻧﺎﻧﺯ,ﻥﻳﺳﺣﻟﺍﺩﺑﻋ ﻪﻧﺎﺧ ﻥﺎﻣﻬﻣ یﻭﻠﻬﭘ,1106109,ﯽﻧﺯﻏ,999
600,2,ﻪﻧﺎﻧﺯ,ﻥﻳﺳﺣﻟﺍﺩﺑﻋ ﻪﻧﺎﺧ ﻥﺎﻣﻬﻣ یﻭﻠﻬﭘ,1106109,ﯽﻧﺯﻏ,1000
600,3,ﻪﻧﺎﻧﺯ,ﻥﻳﺳﺣﻟﺍﺩﺑﻋ ﻪﻧﺎﺧ ﻥﺎﻣﻬﻣ یﻭﻠﻬﭘ,1106109,ﯽﻧﺯﻏ,1001
600,2,ﻪﻧﺎﻧﺯ,ﻕﻟﺎﺧﻟﺍ ﺩﺑﻋ ﺩﺟﺳﻣ,1111133,ﯽﻧﺯﻏ,1002
600,2,ﻪﻧﺍﺩﺭﻣ,ﻥﺎﺣﻳﺭ ﻭﺑﺍ  ﺏﺗﮑﻣ,1111185,ﯽﻧﺯﻏ,1003
600,1,ﻪﻧﺎﻧﺯ,ﻥﺎﻏ ﺩﻧﻠﺑ ﻪﻳﺭﻗ ﺩﺟﺳﻣ,1111193,ﯽﻧﺯﻏ,1004
600,3,ﻪﻧﺍﺩﺭﻣ,ﻥﺎﻏ ﺩﻧﻠﺑ ﻪﻳﺭﻗ ﺩﺟﺳﻣ,1111193,ﯽﻧﺯﻏ,1005
600,1,ﻪﻧﺍﺩﺭﻣ,یﺯﻣﺭ ﻩﺩ ﺩﺟﺳﻣ,1106108,ﯽﻧﺯﻏ,1006
600,2,ﻪﻧﺍﺩﺭﻣ,یﺯﻣﺭ ﻩﺩ ﺩﺟﺳﻣ,1106108,ﯽﻧﺯﻏ,1007
600,3,ﻪﻧﺍﺩﺭﻣ,یﺯﻣﺭ ﻩﺩ ﺩﺟﺳﻣ,1106108,ﯽﻧﺯﻏ,1008
600,2,ﻪﻧﺍﺩﺭﻣ,ﻪﺿﻭﺭ ﻩﺩ ﺩﺟﺳﻣ,1111187,ﯽﻧﺯﻏ,1009
600,4,ﻪﻧﺎﻧﺯ,ﻪﺿﻭﺭ ﻩﺩ ﺩﺟﺳﻣ,1111187,ﯽﻧﺯﻏ,1010
600,1,ﻪﻧﺍﺩﺭﻣ,ﻭﻟﺍﺩﺭﺯ ﻪﻧﻳﺳﺣ ﺩﺟﺳﻣ,1111178,ﯽﻧﺯﻏ,1011
600,3,ﻪﻧﺍﺩﺭﻣ,ﻥﻳﺭﺟﺎﻬﻣ ﻪﻳﺋﺍﺩﺗﺑﺍ ﺏﺗﮑﻣ,1114338,ﯽﻧﺯﻏ,1012
600,1,ﻪﻧﺍﺩﺭﻣ,ﺎﻧﺍﺩ ﺎﮐﺎﮐ ﺩﺟﺳﻣ,1110257,ﯽﻧﺯﻏ,1013
600,2,ﻪﻧﺎﻧﺯ,ﯽﻟﺩﻧﮐ ﻪﻁﺳﻭﺗﻣ ﺏﺗﮑﻣ,1116308,ﯽﻧﺯﻏ,1014
600,1,ﻪﻧﺍﺩﺭﻣ,ﺭﺩﻧﮐ ﻪﻧﺎﺧ ﻥﺎﻣﻬﻣ ﺭﺩﻧﮐ ﺩﺟﺳﻣ,1105066,ﯽﻧﺯﻏ,1015
600,2,ﻪﻧﺎﻧﺯ,ﯽﻠﻔﺳ ﯽךﻧﻠﻣ ﺩﺟﺳﻣ,1107232,ﯽﻧﺯﻏ,1016
600,1,ﻪﻧﺍﺩﺭﻣ,ﻝﺍﻭﺩﺍﺩﻳﻣ ﻪﻳﺭﻗ ﺩﺟﺳﻣ,1107231,ﯽﻧﺯﻏ,1017
600,3,ﻪﻧﺍﺩﺭﻣ,ﻝﺍﻭﺩﺍﺩﻳﻣ ﻪﻳﺭﻗ ﺩﺟﺳﻣ,1107231,ﯽﻧﺯﻏ,1018
600,1,ﻪﻧﺍﺩﺭﻣ,ﻪﺗﺧﻭﺳ ﻪﻧﺎﻳﻣ ﻪﻳﺭﻗ ﺩﺟﺳﻣ,1110255,ﯽﻧﺯﻏ,1019
600,3,ﻪﻧﺍﺩﺭﻣ,ﯽﻟډﻭי ﺩﻣﺣﻣ ﻼﻣ ﺏﺗﮑﻣ,1107252,ﯽﻧﺯﻏ,1020
600,2,ﻪﻧﺍﺩﺭﻣ,ﺭﻳיﺎﻧﭘ ﻪﻳﺭﻗ ﺩﺟﺳﻣ,1111135,ﯽﻧﺯﻏ,1021
600,4,ﻪﻧﺍﺩﺭﻣ,ﺭﻳיﺎﻧﭘ ﻪﻳﺭﻗ ﺩﺟﺳﻣ,1111135,ﯽﻧﺯﻏ,1022
600,1,ﻪﻧﺍﺩﺭﻣ,ﻪיﺩﻳﭘ ﯽﻣﻭﻣﻋ ﺩﺟﺳﻣ,1114353,ﯽﻧﺯﻏ,1023
600,2,ﻪﻧﺍﺩﺭﻣ,ﻍﺎﺑ ﻩﺭﻗ ﯽﻟﺍﻭﺳﻟﻭ یﺯﮐﺭﻣ ﮏﻳﻧﻳﻠﮐ,1111132,ﯽﻧﺯﻏ,1024
600,3,ﻪﻧﺍﺩﺭﻣ,ﻍﺎﺑ ﻩﺭﻗ ﯽﻟﺍﻭﺳﻟﻭ یﺯﮐﺭﻣ ﮏﻳﻧﻳﻠﮐ,1111132,ﯽﻧﺯﻏ,1025
600,4,ﻪﻧﺍﺩﺭﻣ,ﻍﺎﺑ ﻩﺭﻗ ﯽﻟﺍﻭﺳﻟﻭ یﺯﮐﺭﻣ ﮏﻳﻧﻳﻠﮐ,1111132,ﯽﻧﺯﻏ,1026
600,5,ﻪﻧﺍﺩﺭﻣ,ﻍﺎﺑ ﻩﺭﻗ ﯽﻟﺍﻭﺳﻟﻭ یﺯﮐﺭﻣ ﮏﻳﻧﻳﻠﮐ,1111132,ﯽﻧﺯﻏ,1027
600,3,ﻪﻧﺍﺩﺭﻣ,ﯽﻧﺎﻧ ﻪﻳﺭﻗ ﻥﺎﺟ ﺏﺣﺎﺻ یﺭﺎﻗ ﺏﺗﮑﻣ,1107224,ﯽﻧﺯﻏ,1028
600,4,ﻪﻧﺎﻧﺯ,ﯽﻧﺎﻧ ﻪﻳﺭﻗ ﻥﺎﺟ ﺏﺣﺎﺻ یﺭﺎﻗ ﺏﺗﮑﻣ,1107224,ﯽﻧﺯﻏ,1029
600,2,ﻪﻧﺎﻧﺯ,ﺭךﻧﺳ ﻪﻳﺭﻗ ﮏﻳﻧﻳﻠﮐ,1118291,ﯽﻧﺯﻏ,1030
600,3,ﻪﻧﺍﺩﺭﻣ,ﯽﮐﺭﺳ ﻪﻳﺭﻗ ﺩﺟﺳﻣ,1107253,ﯽﻧﺯﻏ,1031
600,4,ﻪﻧﺎﻧﺯ,ﯽﮐﺭﺳ ﻪﻳﺭﻗ ﺩﺟﺳﻣ,1107253,ﯽﻧﺯﻏ,1032
600,1,ﻪﻧﺍﺩﺭﻣ,ﺭﺎﮐ ﻝﺧﺷ ﻥﻳﺩﻟﺎﻣﺟ ﺩﻳﺳ ﻪﺳﻳﻟ,1110274,ﯽﻧﺯﻏ,1033
600,3,ﻪﻧﺎﻧﺯ,ﺭﺎﮐ ﻝﺧﺷ ﻥﻳﺩﻟﺎﻣﺟ ﺩﻳﺳ ﻪﺳﻳﻟ,1110274,ﯽﻧﺯﻏ,1034
600,2,ﻪﻧﺎﻧﺯ,ﯽﻟﺎﻔﺷ ﺩﺟﺳﻣ,1116304,ﯽﻧﺯﻏ,1035
600,3,ﻪﻧﺍﺩﺭﻣ,ﺭﺩﻳﺣ ﻡﻼﻏ ﺩﻳﻬﺷ ﻪﺳﻳﻟ,1110254,ﯽﻧﺯﻏ,1036
600,5,ﻪﻧﺎﻧﺯ,ﺭﺩﻳﺣ ﻡﻼﻏ ﺩﻳﻬﺷ ﻪﺳﻳﻟ,1110254,ﯽﻧﺯﻏ,1037
600,1,ﻪﻧﺎﻧﺯ,ﯽﻠﻔﺳ ﯽﺷﻣﺷ ﺩﺟﺳﻣ,1107242,ﯽﻧﺯﻏ,1038
600,3,ﻪﻧﺎﻧﺯ,ﯽﻠﻔﺳ ﯽﺷﻣﺷ ﺩﺟﺳﻣ,1107242,ﯽﻧﺯﻏ,1039
600,1,ﻪﻧﺍﺩﺭﻣ,ﯽﺷﻣﺷ ﻪﻳﺭﻗ ﺩﺟﺳﻣ,1107241,ﯽﻧﺯﻏ,1040
600,3,ﻪﻧﺍﺩﺭﻣ,ﯽﺷﻣﺷ ﻪﻳﺭﻗ ﺩﺟﺳﻣ,1107241,ﯽﻧﺯﻏ,1041
600,2,ﻪﻧﺍﺩﺭﻣ,ﻥﺎﺧ ﺭﻳﺷ ﺏﺗﮑﻣ,1111134,ﯽﻧﺯﻏ,1042
600,1,ﻪﻧﺍﺩﺭﻣ,ﻪﻠﻐﺷ ﻪﻣﺎﻋ ﺩﺟﺳﻣ,1114347,ﯽﻧﺯﻏ,1043
600,4,ﻪﻧﺎﻧﺯ,ﻥﻳﻣﺯ ﻩﺎﺳ ﻪﻳﺭﻗ ﺩﺟﺳﻣ,1110273,ﯽﻧﺯﻏ,1044
600,2,ﻪﻧﺍﺩﺭﻣ,ﻥﻳﭼ ﻕﺎﺗ ﮏﻳﻧﻳﻠﮐ,1111180,ﯽﻧﺯﻏ,1045
600,3,ﻪﻧﺍﺩﺭﻣ,ﻥﻳﭼ ﻕﺎﺗ ﮏﻳﻧﻳﻠﮐ,1111180,ﯽﻧﺯﻏ,1046
600,4,ﻪﻧﺍﺩﺭﻣ,ﻥﻳﭼ ﻕﺎﺗ ﮏﻳﻧﻳﻠﮐ,1111180,ﯽﻧﺯﻏ,1047
600,5,ﻪﻧﺍﺩﺭﻣ,ﻥﻳﭼ ﻕﺎﺗ ﮏﻳﻧﻳﻠﮐ,1111180,ﯽﻧﺯﻏ,1048
600,2,ﻪﻧﺍﺩﺭﻣ,ﻥﺎﺳﺧﻠﺑ ﻡﻭﻟﻭﺍ ﻪﻳﺭﻗ ﻪﻣﺎﻋ ﺩﺟﺳﻣ,1116312,ﯽﻧﺯﻏ,1049
600,2,ﻪﻧﺍﺩﺭﻣ,ﯽﻣﺭﻭﺗ ﻭﺗﺎﻳﻟﺍ ﻪﺳﻳﻟ,1114351,ﯽﻧﺯﻏ,1050
600,3,ﻪﻧﺎﻧﺯ,ﻭﻟﺍﺩﺭﺯ ﻪﻳﺭﻗ ﺩﺟﺳﻣ,1111179,ﯽﻧﺯﻏ,1051
599,1,ﻪﻧﺍﺩﺭﻣ,ﻪﺑﺎﺑ ﯽﻟﺎﻋ ﻪﺳﻳﻟ,1114324,ﯽﻧﺯﻏ,1052
599,2,ﻪﻧﺎﻧﺯ,ﯽיﺭﺩﺎﻬﺑ ﻪﻧﻬﮐ ﺩﺟﺳﻣ,1111161,ﯽﻧﺯﻏ,1053
599,2,ﻪﻧﺎﻧﺯ,ﺭﺎﻳﺗﺧﺑ ﻪﻳﺭﻗ ﻥﻳﻳﺎﭘ ﺩﺟﺳﻣ,1107226,ﯽﻧﺯﻏ,1054
599,3,ﻪﻧﺍﺩﺭﻣ,ﻭﺗﻣﺭﺟ ﺭﺟﺎﻫ ﯽﺑ ﯽﺑ ﻪﺳﻳﻟ,1106111,ﯽﻧﺯﻏ,1055
599,2,ﻪﻧﺍﺩﺭﻣ,ﻥﺎﻏ ﺩﻧﻠﺑ ﻪﻳﺭﻗ ﺩﺟﺳﻣ,1111193,ﯽﻧﺯﻏ,1056
599,2,ﻪﻧﺎﻧﺯ,ﻪﻟﺎﺗ ﺥﺍﺭﻓ ﺩﺟﺳﻣ,1110282,ﯽﻧﺯﻏ,1057
599,3,ﻪﻧﺍﺩﺭﻣ,ﻭﻟﺍﺩﺭﺯ ﻪﻧﻳﺳﺣ ﺩﺟﺳﻣ,1111178,ﯽﻧﺯﻏ,1058
599,1,ﻪﻧﺍﺩﺭﻣ,ﻪﭼﻳﻫ ﻪﻳﺭﻗ ﯽﻣﻭﻣﻋ ﺩﺟﺳﻣ,1114340,ﯽﻧﺯﻏ,1059
599,1,ﻪﻧﺍﺩﺭﻣ,ﻥﻳﺭﺟﺎﻬﻣ ﻪﻳﺋﺍﺩﺗﺑﺍ ﺏﺗﮑﻣ,1114338,ﯽﻧﺯﻏ,1060
599,2,ﻪﻧﺎﻧﺯ,ﻪﮐﺎﺟ  ﻪﻁﺳﻭﺗﻣ ﺏﺗﮑﻣ,1114350,ﯽﻧﺯﻏ,1061
599,1,ﻪﻧﺍﺩﺭﻣ,ﻭﺭﻳﺧ ﺩﺟﺳﻣ,1116306,ﯽﻧﺯﻏ,1062
599,3,ﻪﻧﺍﺩﺭﻣ,ﻪﻧﻳﺩﺍﺭﻣ ﯽﻟﺎﻋ ﻪﺳﻳﻟ,1116310,ﯽﻧﺯﻏ,1063
599,1,ﻪﻧﺍﺩﺭﻣ,ﺩﻳﺑ ﻪﻧﺎﻳﻣ ﻪﻳﺭﻗ ﺩﺟﺳﻣ,1110281,ﯽﻧﺯﻏ,1064
599,2,ﻪﻧﺎﻧﺯ,ﻝﻭﻗ ﻥﺎﻳﻣ ﻪﻳﺭﻗ ﺩﺟﺳﻣ,1110270,ﯽﻧﺯﻏ,1065
599,2,ﻪﻧﺍﺩﺭﻣ,ﻭﺗﻧﺎﻐﻳﻏ ﺩﻣﺣﺍﺭﻳﻣ ﺩﺟﺳﻣ,1116301,ﯽﻧﺯﻏ,1066
599,1,ﻪﻧﺍﺩﺭﻣ,ﯽﻟډﻭי ﺩﻣﺣﻣ ﻼﻣ ﺏﺗﮑﻣ,1107252,ﯽﻧﺯﻏ,1067
599,2,ﻪﻧﺎﻧﺯ,ﯽﺷﭘ ﻩﻭﺎﻧ ﺩﺟﺳﻣ,1116407,ﯽﻧﺯﻏ,1068
599,2,ﻪﻧﺎﻧﺯ,ﻪיﺩﻳﭘ ﯽﻣﻭﻣﻋ ﺩﺟﺳﻣ,1114353,ﯽﻧﺯﻏ,1069
599,10,ﻪﻧﺎﻧﺯ,ﻩﺩﺎﻬﺷ ﻪﻌﻠﻗ ﻪﺳﻳﻟ,1101035,ﯽﻧﺯﻏ,1070
599,1,ﻪﻧﺍﺩﺭﻣ,ﮏﻧﮑﻣ ﻩﺩﺭﻭ ﻩﺭﺎﻗ ﻪﻳﺭﻗ ﺩﺟﺳﻣ,1116318,ﯽﻧﺯﻏ,1071
599,1,ﻪﻧﺍﺩﺭﻣ,ﯽﻧﺎﻧ ﻪﻳﺭﻗ ﻥﺎﺟ ﺏﺣﺎﺻ یﺭﺎﻗ ﺏﺗﮑﻣ,1107224,ﯽﻧﺯﻏ,1072
599,2,ﻪﻧﺍﺩﺭﻣ,ﯽﻧﺎﻧ ﻪﻳﺭﻗ ﻥﺎﺟ ﺏﺣﺎﺻ یﺭﺎﻗ ﺏﺗﮑﻣ,1107224,ﯽﻧﺯﻏ,1073
599,2,ﻪﻧﺎﻧﺯ,ﻝﻭډﻭﮔ ﯽﻧﺎﺗﻓﺩ ﻡﻟﺎﻋ ﺩﻳﺳ ﺩﺟﺳﻣ,1111195,ﯽﻧﺯﻏ,1074
599,1,ﻪﻧﺍﺩﺭﻣ,ﺭﺩﻳﺣ ﻡﻼﻏ ﺩﻳﻬﺷ ﻪﺳﻳﻟ,1110254,ﯽﻧﺯﻏ,1075
599,4,ﻪﻧﺍﺩﺭﻣ,ﺭﺩﻳﺣ ﻡﻼﻏ ﺩﻳﻬﺷ ﻪﺳﻳﻟ,1110254,ﯽﻧﺯﻏ,1076
599,1,ﻪﻧﺍﺩﺭﻣ,ﯽﻠﻋ ﺩﺍﺭﻣ ﺩﻳﻬﺷ ﻪﺳﻳﻟ,1110258,ﯽﻧﺯﻏ,1077
599,2,ﻪﻧﺍﺩﺭﻣ,ﯽﻔﻳﺭﺷ ﯽﻟﺎﻋ ﻪﺳﻳﻟ,1114334,ﯽﻧﺯﻏ,1078
599,3,ﻪﻧﺍﺩﺭﻣ,ﯽﻔﻳﺭﺷ ﯽﻟﺎﻋ ﻪﺳﻳﻟ,1114334,ﯽﻧﺯﻏ,1079
599,1,ﻪﻧﺍﺩﺭﻣ,ﻥﻳﻣﺯ ﻩﺎﺳ ﻪﻳﺭﻗ ﺩﺟﺳﻣ,1110273,ﯽﻧﺯﻏ,1080
599,1,ﻪﻧﺍﺩﺭﻣ,ﻍﺍﻭ ﻪﻳﺭﻗ ﻪﺳﻳﻟ,1110264,ﯽﻧﺯﻏ,1081
599,2,ﻪﻧﺍﺩﺭﻣ,ﻍﺍﺩﺭﻳﺷ ﺭﺻﻌﻳﻟﻭ ﺩﺟﺳﻣ,1116298,ﯽﻧﺯﻏ,1082
599,3,ﻪﻧﺍﺩﺭﻣ,ﻍﺍﺩﺭﻳﺷ ﺭﺻﻌﻳﻟﻭ ﺩﺟﺳﻣ,1116298,ﯽﻧﺯﻏ,1083
600,1,ﻪﻧﺍﺩﺭﻣ,ﻥﺎﻘﺷ ﺎﻋ ﺏﺗﮑﻣ,2308211,ﺭﻭﻏ,1084
600,3,ﻪﻧﺎﻧﺯ,ﻥﺎﻘﺷ ﺎﻋ ﺏﺗﮑﻣ,2308211,ﺭﻭﻏ,1085
600,1,ﻪﻧﺍﺩﺭﻣ,ﺩﻣﺣﻻﺍﺩﺑﻋ ﻥﻳﻣﺯ,2301017,ﺭﻭﻏ,1086
600,2,ﻪﻧﺍﺩﺭﻣ,ﺩﻣﺣﻻﺍﺩﺑﻋ ﻥﻳﻣﺯ,2301017,ﺭﻭﻏ,1087
600,1,ﻪﻧﺍﺩﺭﻣ,ﻥﻣﺣﺭﻟﺍﺩﺑﻋ ﻝﺯﻧﻣ  ﺭﺍﻭﺟ,2301022,ﺭﻭﻏ,1088
600,2,ﻪﻧﺍﺩﺭﻣ,ﻥﻣﺣﺭﻟﺍﺩﺑﻋ ﻝﺯﻧﻣ  ﺭﺍﻭﺟ,2301022,ﺭﻭﻏ,1089
600,3,ﻪﻧﺎﻧﺯ,ﻥﻣﺣﺭﻟﺍﺩﺑﻋ ﻝﺯﻧﻣ  ﺭﺍﻭﺟ,2301022,ﺭﻭﻏ,1090
600,4,ﻪﻧﺍﺩﺭﻣ,ﻥﻣﺣﺭﻟﺍﺩﺑﻋ ﻝﺯﻧﻣ  ﺭﺍﻭﺟ,2301022,ﺭﻭﻏ,1091
600,3,ﻪﻧﺎﻧﺯ,ﻪﻗﺭﻻ ﷲﺩﺑﻋ ﻝﺯﻧﻣ ﺏﻘﻋ,2308212,ﺭﻭﻏ,1092
600,1,ﻪﻧﺍﺩﺭﻣ,ﯽﺗﻋﺍﺭﺯ ﻥﻳﻣﺯ,2306076,ﺭﻭﻏ,1093
600,3,ﻪﻧﺎﻧﺯ,ﯽﺗﻋﺍﺭﺯ ﻥﻳﻣﺯ,2306076,ﺭﻭﻏ,1094
600,3,ﻪﻧﺎﻧﺯ,یﺭﺧﺁ ﻪﻁﺳﻭﺗﻣ ﺏﺗﮑﻣ,2310204,ﺭﻭﻏ,1095
600,4,ﻪﻧﺎﻧﺯ,یﺭﺧﺁ ﻪﻁﺳﻭﺗﻣ ﺏﺗﮑﻣ,2310204,ﺭﻭﻏ,1096
600,3,ﻪﻧﺍﺩﺭﻣ,ﺭﺩﻧﻟﺍ ﺏﺗﮑﻣ,2301003,ﺭﻭﻏ,1097
600,1,ﻪﻧﺍﺩﺭﻣ,ﺭﺍﺯﺎﺑ ﯽﻠﻋ ﻪﻳﺭﻗ ﺩﺟﺳﻣ,2303055,ﺭﻭﻏ,1098
600,1,ﻪﻧﺍﺩﺭﻣ,ﻝﻭﺳﺭ ﺏﺎﺑﺭﺍ ﻝﺯﻧﻣ ﮏﻳﺩﺯﻧ,2309195,ﺭﻭﻏ,1099
600,2,ﻪﻧﺍﺩﺭﻣ,ﻝﻭﺳﺭ ﺏﺎﺑﺭﺍ ﻝﺯﻧﻣ ﮏﻳﺩﺯﻧ,2309195,ﺭﻭﻏ,1100
600,3,ﻪﻧﺎﻧﺯ,ﻝﻭﺳﺭ ﺏﺎﺑﺭﺍ ﻝﺯﻧﻣ ﮏﻳﺩﺯﻧ,2309195,ﺭﻭﻏ,1101
600,1,ﻪﻧﺍﺩﺭﻣ,ﯽﺧﺳ ﺏﺎﺑﺭﺍ ﻝﺯﻧﻣ ﺭﺍﻭﺟ,2302105,ﺭﻭﻏ,1102
600,3,ﻪﻧﺎﻧﺯ,ﯽﺧﺳ ﺏﺎﺑﺭﺍ ﻝﺯﻧﻣ ﺭﺍﻭﺟ,2302105,ﺭﻭﻏ,1103
600,2,ﻪﻧﺍﺩﺭﻣ,ﺯﺑ ﯽﭘﺳﺍ ﺏﺗﮑﻣ,2305117,ﺭﻭﻏ,1104
600,2,ﻪﻧﺍﺩﺭﻣ,ﮓﻧﺳﺎﻳﭘﺳﺍ یﺍﺩﺗﺑﺍ ﺏﺗﮑﻣ,2310202,ﺭﻭﻏ,1105
600,3,ﻪﻧﺎﻧﺯ,ﮓﻧﺳﺎﻳﭘﺳﺍ یﺍﺩﺗﺑﺍ ﺏﺗﮑﻣ,2310202,ﺭﻭﻏ,1106
600,4,ﻪﻧﺍﺩﺭﻣ,ﭻﻳﻭﺷ ﻩﺎﮔ ﺩﺎﺑ,2301020,ﺭﻭﻏ,1107
600,1,ﻪﻧﺍﺩﺭﻣ,ﷲ ﺏﻳﺑﺣ ﻍﺎﺑ,2304071,ﺭﻭﻏ,1108
600,1,ﻪﻧﺍﺩﺭﻣ,ﯽﻠﻔﺳ یﺭﺎﻬﺑ ﺩﺟﺳﻣ,2301027,ﺭﻭﻏ,1109
600,4,ﻪﻧﺍﺩﺭﻣ,ﻪﻧﺎﺧ ﻩﺭﺑ ﮏﻳﻧﻳﻠﮐ,2301016,ﺭﻭﻏ,1110
600,2,ﻪﻧﺍﺩﺭﻣ,ﻭﺯﺭﺑ ﻪﻳﺋﺍﺩﺗﺑﺍ ﺏﺗﮑﻣ,2306086,ﺭﻭﻏ,1111
600,3,ﻪﻧﺎﻧﺯ,ﻭﺯﺭﺑ ﻪﻳﺋﺍﺩﺗﺑﺍ ﺏﺗﮑﻣ,2306086,ﺭﻭﻏ,1112
600,3,ﻪﻧﺍﺩﺭﻣ,ﯽﺑﻳﻗ ﺭﺍﺯﺎﺑ,2301006,ﺭﻭﻏ,1113
600,1,ﻪﻧﺍﺩﺭﻣ,ﯽﮔ ﻪﻠﮐﺭﺍﺯﺎﺑ ﻪﻣﻳﺧ,2305114,ﺭﻭﻏ,1114
600,3,ﻪﻧﺎﻧﺯ,ﯽﮔ ﻪﻠﮐﺭﺍﺯﺎﺑ ﻪﻣﻳﺧ,2305114,ﺭﻭﻏ,1115
600,4,ﻪﻧﺎﻧﺯ,ﯽﮔ ﻪﻠﮐﺭﺍﺯﺎﺑ ﻪﻣﻳﺧ,2305114,ﺭﻭﻏ,1116
600,1,ﻪﻧﺍﺩﺭﻣ,ﺭﺍﺯﺎﺑ ﻪﻣﻳﺧ,2303237,ﺭﻭﻏ,1117
600,2,ﻪﻧﺎﻧﺯ,ﺭﺍﺯﺎﺑ ﻪﻣﻳﺧ,2303237,ﺭﻭﻏ,1118
600,3,ﻪﻧﺎﻧﺯ,ﮏﻟﻭﺗ ﻩﺍﺭﺭﺎﻬﭼ ﺏﺗﮑﻣ,2309179,ﺭﻭﻏ,1119
600,4,ﻪﻧﺎﻧﺯ,ﮏﻟﻭﺗ ﻩﺍﺭﺭﺎﻬﭼ ﺏﺗﮑﻣ,2309179,ﺭﻭﻏ,1120
600,1,ﻪﻧﺍﺩﺭﻣ,ﻥﺍﺩﻠﮔ ﻥﻫﺩ ﺩﺟﺳﻣ,2309181,ﺭﻭﻏ,1121
600,1,ﻪﻧﺍﺩﺭﻣ,ﺭﺎﺻﺣ ﻥﻫﺩ ﺏﺗﮑﻣ,2306078,ﺭﻭﻏ,1122
600,2,ﻪﻧﺎﻧﺯ,ﺭﺎﺻﺣ ﻥﻫﺩ ﺏﺗﮑﻣ,2306078,ﺭﻭﻏ,1123
600,3,ﻪﻧﺎﻧﺯ,ﺭﺎﺻﺣ ﻥﻫﺩ ﺏﺗﮑﻣ,2306078,ﺭﻭﻏ,1124
600,1,ﻪﻧﺍﺩﺭﻣ,ﻩﺭﺎﻧﻣ ﻪﻧﻫﺩ یﺍﺩﺗﺑﺍ ﺏﺗﮑﻣ,2306097,ﺭﻭﻏ,1125
600,1,ﻪﻧﺍﺩﺭﻣ,ﮏﻟﺍﻭﻳﺩ ﻪﻧﻫﺩ ﺏﺗﮑﻣ,2305129,ﺭﻭﻏ,1126
600,3,ﻪﻧﺎﻧﺯ,ﮏﻟﺍﻭﻳﺩ ﻪﻧﻫﺩ ﺏﺗﮑﻣ,2305129,ﺭﻭﻏ,1127
600,6,ﻪﻧﺎﻧﺯ,ﯽﺑﺍﻭﺩ ﻪﻧﻫﺩ,2301019,ﺭﻭﻏ,1128
600,2,ﻪﻧﺎﻧﺯ,ﻩﺩﺭﻣ ﻩﺩ ﺭﺍﺯﺎﺑ,2303056,ﺭﻭﻏ,1129
600,1,ﻪﻧﺍﺩﺭﻣ,یﺩﻭﺭﻭﺩ ﺭﺍﺯﺎﺑ,2309184,ﺭﻭﻏ,1130
600,2,ﻪﻧﺍﺩﺭﻣ,یﺩﻭﺭﻭﺩ ﺭﺍﺯﺎﺑ,2309184,ﺭﻭﻏ,1131
600,1,ﻪﻧﺍﺩﺭﻣ,ﺭﻭﺧ ﻼﻓ ﻊﻣﺎﺟ ﺩﺟﺳﻣ,2304067,ﺭﻭﻏ,1132
600,3,ﻪﻧﺎﻧﺯ,ﺭﻭﺧ ﻼﻓ ﻊﻣﺎﺟ ﺩﺟﺳﻣ,2304067,ﺭﻭﻏ,1133
600,1,ﻪﻧﺍﺩﺭﻣ,ﺩﻣﺣﺍ ﻝﺿﻓ ﻍﺎﺑ,2302104,ﺭﻭﻏ,1134
600,1,ﻪﻧﺍﺩﺭﻣ,ﺏﺎﻳﺳﺁ ﻪﻠﮔ ﺭﺍﺯﺎﺑ,2302101,ﺭﻭﻏ,1135
600,2,ﻪﻧﺍﺩﺭﻣ,ﺏﺎﻳﺳﺁ ﻪﻠﮔ ﺭﺍﺯﺎﺑ,2302101,ﺭﻭﻏ,1136
600,2,ﻪﻧﺍﺩﺭﻣ,ﷲﺫﺎﻌﻣ ﺏﺎﺑﺭﺍ ﮏﺑ ﺎﻣﺭﮔ,2302103,ﺭﻭﻏ,1137
600,2,ﻪﻧﺍﺩﺭﻣ,کﺯﮔ ﺏﺗﮑﻣ,2309194,ﺭﻭﻏ,1138
600,3,ﻪﻧﺎﻧﺯ,کﺯﮔ ﺏﺗﮑﻣ,2309194,ﺭﻭﻏ,1139
600,3,ﻪﻧﺍﺩﺭﻣ,ﻥﺎﻣﻼﻏ ﺏﺗﮑﻣ,2301035,ﺭﻭﻏ,1140
600,1,ﻪﻧﺍﺩﺭﻣ,ﺙﺎﻧﺍ ﺏﺗﮑﻣ,2306079,ﺭﻭﻏ,1141
600,2,ﻪﻧﺎﻧﺯ,ﺙﺎﻧﺍ ﺏﺗﮑﻣ,2306079,ﺭﻭﻏ,1142
600,4,ﻪﻧﺎﻧﺯ,ﺢﻟ ﺎﺻ ﺽﻭﺣ,2301031,ﺭﻭﻏ,1143
600,1,ﻪﻧﺍﺩﺭﻣ,ﻡﺎﺟ ﻪﻳﺋﺍﺩﺗﺑﺍ ﺏﺗﮑﻣ,2306085,ﺭﻭﻏ,1144
600,2,ﻪﻧﺎﻧﺯ,ﻩﺭﻳﺟ ﺏﺗﮑﻣ,2303058,ﺭﻭﻏ,1145
600,3,ﻪﻧﺎﻧﺯ,ﻩﺭﻳﺟ ﺏﺗﮑﻣ,2303058,ﺭﻭﻏ,1146
600,1,ﻪﻧﺍﺩﺭﻣ,ﻭﺭ ﻩﺩ ﻩﺎﮐ ﻪﻳﺋﺍﺩﺗﺑﺍ ﺏﺗﮑﻣ,2309183,ﺭﻭﻏ,1147
600,2,ﻪﻧﺍﺩﺭﻣ,ﻭﺭ ﻩﺩ ﻩﺎﮐ ﻪﻳﺋﺍﺩﺗﺑﺍ ﺏﺗﮑﻣ,2309183,ﺭﻭﻏ,1148
600,6,ﻪﻧﺎﻧﺯ,ﺎﻳﻠﻋ ﯽﺳﺎﮐ ﺏﺗﮑﻣ,2301009,ﺭﻭﻏ,1149
600,2,ﻪﻧﺎﻧﺯ,ﺞﻧﻣﮐ ﺏﺗﮑﻣ,2306074,ﺭﻭﻏ,1150
600,3,ﻪﻧﺎﻧﺯ,ﺞﻧﻣﮐ ﺏﺗﮑﻣ,2306074,ﺭﻭﻏ,1151
600,1,ﻪﻧﺍﺩﺭﻣ,ﺞﻧﻣﮐ ﺏﺗﮑﻣ,2306091,ﺭﻭﻏ,1152
600,1,ﻪﻧﺍﺩﺭﻣ,ﮏﻔﺧ ﻊﻣﺎﺟ ﺩﺟﺳﻣ,2304060,ﺭﻭﻏ,1153
600,2,ﻪﻧﺍﺩﺭﻣ,ﮏﻔﺧ ﻊﻣﺎﺟ ﺩﺟﺳﻣ,2304060,ﺭﻭﻏ,1154
600,3,ﻪﻧﺍﺩﺭﻣ,ﮏﻔﺧ ﻊﻣﺎﺟ ﺩﺟﺳﻣ,2304060,ﺭﻭﻏ,1155
600,4,ﻪﻧﺎﻧﺯ,ﮏﻔﺧ ﻊﻣﺎﺟ ﺩﺟﺳﻣ,2304060,ﺭﻭﻏ,1156
600,1,ﻪﻧﺍﺩﺭﻣ,ﻥﻳﻣﺧ ﻪﻁﺳﻭﺗﻣ ﺏﺗﮑﻣ,2309189,ﺭﻭﻏ,1157
600,2,ﻪﻧﺍﺩﺭﻣ,ﻥﻳﻣﺧ ﻪﻁﺳﻭﺗﻣ ﺏﺗﮑﻣ,2309189,ﺭﻭﻏ,1158
600,1,ﻪﻧﺍﺩﺭﻣ,ﮓﻧﺳ ﻩﺭﺧ ﺩﺟﺳﻣ,2306080,ﺭﻭﻏ,1159
600,2,ﻪﻧﺍﺩﺭﻣ,ﮓﻧﺳ ﻩﺭﺧ ﺩﺟﺳﻣ,2306080,ﺭﻭﻏ,1160
600,3,ﻪﻧﺎﻧﺯ,ﮓﻧﺳ ﻩﺭﺧ ﺩﺟﺳﻣ,2306080,ﺭﻭﻏ,1161
600,1,ﻪﻧﺍﺩﺭﻣ,ﺩﻳﻔﺳ ﻪﻣﻳﺧ ﺩﺟﺳﻣ,2301042,ﺭﻭﻏ,1162
600,1,ﻪﻧﺍﺩﺭﻣ,ﻪﻳﻧﻭﺧ ﻪﻳﺭﻗ ﺩﺟﺳﻣ,2304061,ﺭﻭﻏ,1163
600,2,ﻪﻧﺍﺩﺭﻣ,ﻪﻳﻧﻭﺧ ﻪﻳﺭﻗ ﺩﺟﺳﻣ,2304061,ﺭﻭﻏ,1164
600,1,ﻪﻧﺍﺩﺭﻣ,ﺭﺎﺻﺣ یﺎﭘ ﻡﺧ ﺏﺗﮑﻣ,2308216,ﺭﻭﻏ,1165
600,2,ﻪﻧﺎﻧﺯ,ﺭﺎﺻﺣ یﺎﭘ ﻡﺧ ﺏﺗﮑﻣ,2308216,ﺭﻭﻏ,1166
600,1,ﻪﻧﺍﺩﺭﻣ,ﻪﺑﺁ ﮏﺷﺧ ﺭﺍﺯﺎﺑ ﻪﻣﻳﺧ,2305126,ﺭﻭﻏ,1167
600,2,ﻪﻧﺎﻧﺯ,ﻪﺑﺁ ﮏﺷﺧ ﺭﺍﺯﺎﺑ ﻪﻣﻳﺧ,2305126,ﺭﻭﻏ,1168
600,1,ﻪﻧﺍﺩﺭﻣ,ﺭﺎﻏ ﻪﺟ ﺍﻭﺧ یﺍﺩﺗﺑﺍ ﺏﺗﮑﻣ,2301007,ﺭﻭﻏ,1169
600,2,ﻪﻧﺍﺩﺭﻣ,ﺭﺎﻏ ﻪﺟ ﺍﻭﺧ یﺍﺩﺗﺑﺍ ﺏﺗﮑﻣ,2301007,ﺭﻭﻏ,1170
600,3,ﻪﻧﺍﺩﺭﻣ,ﺭﺎﻏ ﻪﺟ ﺍﻭﺧ یﺍﺩﺗﺑﺍ ﺏﺗﮑﻣ,2301007,ﺭﻭﻏ,1171
600,1,ﻪﻧﺍﺩﺭﻣ,ﯽﭘﺭﻭﮐ ﺏﺗﮑﻣ,2304070,ﺭﻭﻏ,1172
600,1,ﻪﻧﺎﻧﺯ,ﻩﺎﺗﻭﮐ ﺩﺟﺳﻣ,2309188,ﺭﻭﻏ,1173
600,3,ﻪﻧﺍﺩﺭﻣ,ﻩﺎﺗﻭﮐ ﺩﺟﺳﻣ,2309188,ﺭﻭﻏ,1174
600,6,ﻪﻧﺎﻧﺯ,ﺩﻣﺣﻣ ﻝﻌﻟ ﻝﺯﻧﻣ ﺏﻘﻋ,2301012,ﺭﻭﻏ,1175
600,1,ﻪﻧﺍﺩﺭﻣ,ﺭﺍﺯﻣ ﻪﮐﻭﻟ ﺩﺟﺳﻣ,2303057,ﺭﻭﻏ,1176
600,2,ﻪﻧﺍﺩﺭﻣ,ﺭﺍﺯﻣ ﻪﮐﻭﻟ ﺩﺟﺳﻣ,2303057,ﺭﻭﻏ,1177
600,3,ﻪﻧﺎﻧﺯ,ﺭﺍﺯﻣ ﻪﮐﻭﻟ ﺩﺟﺳﻣ,2303057,ﺭﻭﻏ,1178
600,1,ﻪﻧﺍﺩﺭﻣ,ﻪﻏﺭﻣ ﻪﻳﺋﺍﺩﺗﺑﺍ ﺏﺗﮑﻣ,2306087,ﺭﻭﻏ,1179
600,2,ﻪﻧﺎﻧﺯ,ﻪﻏﺭﻣ ﻪﻳﺋﺍﺩﺗﺑﺍ ﺏﺗﮑﻣ,2306087,ﺭﻭﻏ,1180
600,1,ﻪﻧﺍﺩﺭﻣ,ﻥﻳﺳﻣ ﻊﻣﺎﺟ ﺩﺟﺳﻣ,2304069,ﺭﻭﻏ,1181
600,2,ﻪﻧﺍﺩﺭﻣ,ﻥﻳﺳﻣ ﻊﻣﺎﺟ ﺩﺟﺳﻣ,2304069,ﺭﻭﻏ,1182
600,2,ﻪﻧﺍﺩﺭﻣ,ﻡﻳﻫﺍﺭﺑﺍ ﺩﻣﺣﻣ ﻝﺯﻧﻣ ﺭﺍﻭﺟ,2304059,ﺭﻭﻏ,1183
600,4,ﻪﻧﺎﻧﺯ,ﻡﻳﻫﺍﺭﺑﺍ ﺩﻣﺣﻣ ﻝﺯﻧﻣ ﺭﺍﻭﺟ,2304059,ﺭﻭﻏ,1184
600,2,ﻪﻧﺍﺩﺭﻣ,ﷲ ﺏﻳﺟﻧ ﻝﺯﻧﻣ ﺏﻘﻋ,2304066,ﺭﻭﻏ,1185
600,1,ﻪﻧﺍﺩﺭﻣ,ﻩﻭﺗﺳﺍ ﻪﻳﺋﺍﺩﺗﺑﺍ ﺏﺗﮑﻣ,2306088,ﺭﻭﻏ,1186
600,2,ﻪﻧﺎﻧﺯ,ﻩﻭﺗﺳﺍ ﻪﻳﺋﺍﺩﺗﺑﺍ ﺏﺗﮑﻣ,2306088,ﺭﻭﻏ,1187
600,2,ﻪﻧﺍﺩﺭﻣ,ﯽﮔﺭﻭﮔ ﻝﻼﭘ ﻪﻳﺭﻗ ﺩﺟﺳﻣ,2301030,ﺭﻭﻏ,1188
600,1,ﻪﻧﺍﺩﺭﻣ,ﺭﻭﻧ ﻪﺗﺷﭘ ﺏﺗﮑﻣ,2303047,ﺭﻭﻏ,1189
600,4,ﻪﻧﺎﻧﺯ,ﺭﻭﻧ ﻪﺗﺷﭘ ﺏﺗﮑﻣ,2303047,ﺭﻭﻏ,1190
600,2,ﻪﻧﺍﺩﺭﻣ,ﺭﻫﻭﮔ ﻪﻌﻠﻗ ﻪﺳﻳﻟ,2304064,ﺭﻭﻏ,1191
600,3,ﻪﻧﺍﺩﺭﻣ,ﺭﻫﻭﮔ ﻪﻌﻠﻗ ﻪﺳﻳﻟ,2304064,ﺭﻭﻏ,1192
600,1,ﻪﻧﺍﺩﺭﻣ,ﮏﮔ ﺎﻳﺳﺁ ﺭﺳ ﻪﻌﻠﻗ ﺩﺟﺳﻣ,2307166,ﺭﻭﻏ,1193
600,2,ﻪﻧﺎﻧﺯ,ﮏﮔ ﺎﻳﺳﺁ ﺭﺳ ﻪﻌﻠﻗ ﺩﺟﺳﻣ,2307166,ﺭﻭﻏ,1194
600,1,ﻪﻧﺍﺩﺭﻣ,ﺩﺭﺯ ﮓﻧﺳ ﺏﺗﮑﻣ,2307158,ﺭﻭﻏ,1195
600,1,ﻪﻧﺍﺩﺭﻣ,ﻥﺎﮕﻧﺳ ﺏﺗﮑﻣ,2305111,ﺭﻭﻏ,1196
600,2,ﻪﻧﺍﺩﺭﻣ,ﻥﺎﮕﻧﺳ ﺏﺗﮑﻣ,2305111,ﺭﻭﻏ,1197
600,3,ﻪﻧﺎﻧﺯ,ﻥﺎﮕﻧﺳ ﺏﺗﮑﻣ,2305111,ﺭﻭﻏ,1198
600,1,ﻪﻧﺍﺩﺭﻣ,یﺯﮔ ﻝﻬﭼﺭﺳ ﺩﺟﺳﻣ,2302110,ﺭﻭﻏ,1199
600,2,ﻪﻧﺍﺩﺭﻣ,یﺯﮔ ﻝﻬﭼﺭﺳ ﺩﺟﺳﻣ,2302110,ﺭﻭﻏ,1200
600,3,ﻪﻧﺎﻧﺯ,یﺯﮔ ﻝﻬﭼﺭﺳ ﺩﺟﺳﻣ,2302110,ﺭﻭﻏ,1201
600,1,ﻪﻧﺍﺩﺭﻣ,ﻥﺍﺩﻳﻬﺷ ﻊﻣﺎﺟ ﺩﺟﺳﻣ,2302099,ﺭﻭﻏ,1202
600,2,ﻪﻧﺎﻧﺯ,ﻥﺍﺩﻳﻬﺷ ﻊﻣﺎﺟ ﺩﺟﺳﻣ,2302099,ﺭﻭﻏ,1203
600,1,ﻪﻧﺍﺩﺭﻣ,ﻥﻼﻣ ﺥﺎﺷ ﺩﺟﺳﻣ,2301239,ﺭﻭﻏ,1204
600,2,ﻪﻧﺍﺩﺭﻣ,ﻥﻼﻣ ﺥﺎﺷ ﺩﺟﺳﻣ,2301239,ﺭﻭﻏ,1205
600,1,ﻪﻧﺍﺩﺭﻣ,ﻕﺭﻣﺷ ﻪﻳﺭﻗ ﺩﺟﺳﻣ,2304062,ﺭﻭﻏ,1206
600,2,ﻪﻧﺍﺩﺭﻣ,ﻕﺭﻣﺷ ﻪﻳﺭﻗ ﺩﺟﺳﻣ,2304062,ﺭﻭﻏ,1207
600,3,ﻪﻧﺎﻧﺯ,ﻕﺭﻣﺷ ﻪﻳﺭﻗ ﺩﺟﺳﻣ,2304062,ﺭﻭﻏ,1208
600,2,ﻪﻧﺍﺩﺭﻣ,ﺏﻭﭼ ﺎﻳﺳ ﺭﺍﺯﺎﺑ,2302106,ﺭﻭﻏ,1209
600,2,ﻪﻧﺍﺩﺭﻣ,ﻥﻼﺷﺍ ﺏﺎﮕﺗ ﻪﻁﺳﻭﺗﻣ ﺏﺗﮑﻣ,2309186,ﺭﻭﻏ,1210
600,1,ﻪﻧﺍﺩﺭﻣ,ﮏﻟﻭﺗ ﺏﺗﮑﻣ,2309178,ﺭﻭﻏ,1211
600,2,ﻪﻧﺍﺩﺭﻣ,ﮓﻧﺳ ﮏﻳ ﺏﺗﮑﻣ,2306089,ﺭﻭﻏ,1212
600,2,ﻪﻧﺍﺩﺭﻣ,ﺯﻭﺭﻭﻧ ﯽﻫﺯ ﺏﺗﮑﻣ,2308229,ﺭﻭﻏ,1213
600,2,ﻪﻧﺎﻧﺯ,ﯽﻧﺭﺯ ﻪﻁﺳﻭﺗﻣ ﺏﺗﮑﻣ,2308227,ﺭﻭﻏ,1214
600,4,ﻪﻧﺍﺩﺭﻣ,ﯽﻠﺗﺭﺯ ﺏﺗﮑﻣ,2301005,ﺭﻭﻏ,1215
600,1,ﻪﻧﺍﺩﺭﻣ,ﯽﮕﻧﺗﺭﻳﺯ ﺩﺟﺳﻣ,2310205,ﺭﻭﻏ,1216
600,2,ﻪﻧﺎﻧﺯ,ﯽﮕﻧﺗﺭﻳﺯ ﺩﺟﺳﻣ,2310205,ﺭﻭﻏ,1217
600,1,ﻪﻧﺍﺩﺭﻣ,ﻝﺍﺯ ﻪﻳﺭﻗ ﯽﮕﻧﺗﺭﻳﺯ,2310206,ﺭﻭﻏ,1218
599,3,ﻪﻧﺍﺩﺭﻣ,ﺩﻣﺣﻻﺍﺩﺑﻋ ﻥﻳﻣﺯ,2301017,ﺭﻭﻏ,1219
599,1,ﻪﻧﺍﺩﺭﻣ,ﺭﺎﺻﺣ یﺎﭘ ﻟﻠﻪﺩﺑﻋ ﻝﺯﻧﻣ ﺏﻘﻋ,2308213,ﺭﻭﻏ,1220
599,2,ﻪﻧﺍﺩﺭﻣ,ﯽﺗﻋﺍﺭﺯ ﻥﻳﻣﺯ,2306076,ﺭﻭﻏ,1221
599,5,ﻪﻧﺎﻧﺯ,ﻥﺍﺭﮕﻧﻫﺁ ﺏﺗﮑﻣ,2301014,ﺭﻭﻏ,1222
599,5,ﻪﻧﺎﻧﺯ,ﺭﺩﻧﻟﺍ ﺏﺗﮑﻣ,2301003,ﺭﻭﻏ,1223
599,2,ﻪﻧﺍﺩﺭﻣ,ﺭﺍﺯﺎﺑ ﯽﻠﻋ ﻪﻳﺭﻗ ﺩﺟﺳﻣ,2303055,ﺭﻭﻏ,1224
599,3,ﻪﻧﺎﻧﺯ,ﮏﻠﻣ ﺏﺎﺑﺭﺍ ﻝﺯﻧﻣ ﺕﺳﺍﺭ ﺕﻣﺳ,2309190,ﺭﻭﻏ,1225
599,4,ﻪﻧﺎﻧﺯ,ﮏﻠﻣ ﺏﺎﺑﺭﺍ ﻝﺯﻧﻣ ﺕﺳﺍﺭ ﺕﻣﺳ,2309190,ﺭﻭﻏ,1226
599,1,ﻪﻧﺍﺩﺭﻣ,ﮓﻧﺳﺎﻳﭘﺳﺍ یﺍﺩﺗﺑﺍ ﺏﺗﮑﻣ,2310202,ﺭﻭﻏ,1227
599,2,ﻪﻧﺍﺩﺭﻣ,ﻪﻧﺎﺧ ﻩﺭﺑ ﮏﻳﻧﻳﻠﮐ,2301016,ﺭﻭﻏ,1228
599,2,ﻪﻧﺍﺩﺭﻣ,ﻪﻧﺎﺧ ﻩﺭﺑ ﻥﺍﺩﻳﻣ ﻪﺳﻳﻟ,2301021,ﺭﻭﻏ,1229
599,2,ﻪﻧﺍﺩﺭﻣ,ﯽﮔ ﻪﻠﮐﺭﺍﺯﺎﺑ ﻪﻣﻳﺧ,2305114,ﺭﻭﻏ,1230
599,1,ﻪﻧﺍﺩﺭﻣ,ﻥﺍﺩﻳﺑ ﺏﺗﮑﻣ,2306090,ﺭﻭﻏ,1231
599,2,ﻪﻧﺎﻧﺯ,ﻥﺍﺩﻳﺑ ﺏﺗﮑﻣ,2306090,ﺭﻭﻏ,1232
599,2,ﻪﻧﺍﺩﺭﻣ,ﺏﺎﻳﺳﺁ ﺭﺎﭼ ﺏﺗﮑﻣ,2307171,ﺭﻭﻏ,1233
599,2,ﻪﻧﺎﻧﺯ,ﮏﻟﻭﺗ ﻩﺍﺭﺭﺎﻬﭼ ﺏﺗﮑﻣ,2309179,ﺭﻭﻏ,1234
599,1,ﻪﻧﺍﺩﺭﻣ,ﺞﮐ ﻪﻣﺷﭼ ﺩﺟﺳﻣ,2301041,ﺭﻭﻏ,1235
599,3,ﻪﻧﺎﻧﺯ,ﺞﮐ ﻪﻣﺷﭼ ﺩﺟﺳﻣ,2301041,ﺭﻭﻏ,1236
599,1,ﻪﻧﺍﺩﺭﻣ,ﯽﮔ ﻪﻠﮐ ﻥﻫﺩ ﺩﺟﺳﻣ,2305133,ﺭﻭﻏ,1237
599,1,ﻪﻧﺍﺩﺭﻣ,ﯽﻳﺎﺗﻭﺩ ﻥﻫﺩ ﺏﺗﮑﻣ,2310200,ﺭﻭﻏ,1238
599,2,ﻪﻧﺎﻧﺯ,ﻩﺭﺎﻧﻣ ﻪﻧﻫﺩ یﺍﺩﺗﺑﺍ ﺏﺗﮑﻣ,2306097,ﺭﻭﻏ,1239
599,1,ﻪﻧﺍﺩﺭﻣ,ﯽﺑﺍﻭﺩ ﻪﻧﻫﺩ,2301019,ﺭﻭﻏ,1240
599,1,ﻪﻧﺎﻧﺯ,ﯽﻳﺍﺩ ﻪﻁﺳﻭﺗﻣ ﺏﺗﮑﻣ,2309187,ﺭﻭﻏ,1241
599,2,ﻪﻧﺍﺩﺭﻣ,ﺩﻣﺣﺍ ﻝﺿﻓ ﻍﺎﺑ,2302104,ﺭﻭﻏ,1242
599,3,ﻪﻧﺎﻧﺯ,ﷲﺫﺎﻌﻣ ﺏﺎﺑﺭﺍ ﮏﺑ ﺎﻣﺭﮔ,2302103,ﺭﻭﻏ,1243
599,1,ﻪﻧﺍﺩﺭﻣ,ﮏﻧﺎﻐﻳﻏ ﺏﺗﮑﻣ,2307172,ﺭﻭﻏ,1244
599,3,ﻪﻧﺎﻧﺯ,ﺭﺍﺯﻣ ﻪﮕﻠﺟ ﻪﻳﺋﺍﺩﺗﺑﺍ ﺏﺗﮑﻣ,2306084,ﺭﻭﻏ,1245
599,1,ﻪﻧﺍﺩﺭﻣ,ﻩﺭﻳﺟ ﺏﺗﮑﻣ,2303058,ﺭﻭﻏ,1246
599,3,ﻪﻧﺎﻧﺯ,ﻭﺭ ﻩﺩ ﻩﺎﮐ ﻪﻳﺋﺍﺩﺗﺑﺍ ﺏﺗﮑﻣ,2309183,ﺭﻭﻏ,1247
599,2,ﻪﻧﺍﺩﺭﻣ,ﺎﻳﻠﻋ ﯽﺳﺎﮐ ﺏﺗﮑﻣ,2301009,ﺭﻭﻏ,1248
599,3,ﻪﻧﺎﻧﺯ,ﻥﻳﻣﺧ ﻪﻁﺳﻭﺗﻣ ﺏﺗﮑﻣ,2309189,ﺭﻭﻏ,1249
599,2,ﻪﻧﺍﺩﺭﻣ,ﺩﻳﻔﺳ ﻪﻣﻳﺧ ﺩﺟﺳﻣ,2301042,ﺭﻭﻏ,1250
599,3,ﻪﻧﺎﻧﺯ,ﻪﻳﻧﻭﺧ ﻪﻳﺭﻗ ﺩﺟﺳﻣ,2304061,ﺭﻭﻏ,1251
599,1,ﻪﻧﺍﺩﺭﻣ,ﻕﻻﻭﺑ ﻡﺧ ﺏﺗﮑﻣ,2305115,ﺭﻭﻏ,1252
599,2,ﻪﻧﺍﺩﺭﻣ,ﻕﻻﻭﺑ ﻡﺧ ﺏﺗﮑﻣ,2305115,ﺭﻭﻏ,1253
599,3,ﻪﻧﺎﻧﺯ,ﮏﺷﺧﻟ ﺭﺍﺯﺎﺑ,2301033,ﺭﻭﻏ,1254
599,3,ﻪﻧﺍﺩﺭﻣ,ﺩﻣﺣﻣ ﻝﻌﻟ ﻝﺯﻧﻣ ﺏﻘﻋ,2301012,ﺭﻭﻏ,1255
599,2,ﻪﻧﺍﺩﺭﻣ,ﻪﻧﺎﺧ ﻩﺭﺑ ﻥﺍﺩﻳﻣ,2301235,ﺭﻭﻏ,1256
599,3,ﻪﻧﺎﻧﺯ,یﺩﺟﺳﻣ ﻪﻳﺋﺍﺩﺗﺑﺍ ﺏﺗﮑﻣ,2310207,ﺭﻭﻏ,1257
599,1,ﻪﻧﺍﺩﺭﻣ,ﻡﻳﻫﺍﺭﺑﺍ ﺩﻣﺣﻣ ﻝﺯﻧﻣ ﺭﺍﻭﺟ,2304059,ﺭﻭﻏ,1258
599,3,ﻪﻧﺎﻧﺯ,ﻡﻳﻫﺍﺭﺑﺍ ﺩﻣﺣﻣ ﻝﺯﻧﻣ ﺭﺍﻭﺟ,2304059,ﺭﻭﻏ,1259
599,4,ﻪﻧﺎﻧﺯ,ﮓﻧﺳ ﻭﻠﻬﭘ ﻥﺎﺧ ﺭﺩﺎﻧ ﻪﻌﻠﻗ,2301024,ﺭﻭﻏ,1260
599,1,ﻪﻧﺍﺩﺭﻣ,ﻪﺗ ﻡﺭﻧ ﺩﺟﺳﻣ,2303053,ﺭﻭﻏ,1261
599,1,ﻪﻧﺍﺩﺭﻣ,ﻪﻌﻠﻗ ﺱﭘ ﻪﺳﻳﻟ,2308209,ﺭﻭﻏ,1262
599,2,ﻪﻧﺍﺩﺭﻣ,ﻪﻌﻠﻗ ﺱﭘ ﻪﺳﻳﻟ,2308209,ﺭﻭﻏ,1263
599,2,ﻪﻧﺍﺩﺭﻣ,ﺭﻭﻧ ﻪﺗﺷﭘ ﺏﺗﮑﻣ,2303047,ﺭﻭﻏ,1264
599,1,ﻪﻧﺍﺩﺭﻣ,ﺭﻫﻭﮔ ﻪﻌﻠﻗ ﻪﺳﻳﻟ,2304064,ﺭﻭﻏ,1265
599,4,ﻪﻧﺎﻧﺯ,ﺭﻫﻭﮔ ﻪﻌﻠﻗ ﻪﺳﻳﻟ,2304064,ﺭﻭﻏ,1266
599,1,ﻪﻧﺍﺩﺭﻣ,ﻝﮕﻧﺟ ﻪﻌﻠﻗ  ﺩﺟﺳﻣ,2307139,ﺭﻭﻏ,1267
599,2,ﻪﻧﺍﺩﺭﻣ,ﻩﺭﻭﺷ ﮓﻧﺳ ﺩﺟﺳﻣ,2303051,ﺭﻭﻏ,1268
599,1,ﻪﻧﺍﺩﺭﻣ,ﺩﻳﻔﺳ ﻪﻧﺧﺭ یﺎﻣﻧﺳ ﺩﺟﺳﻣ,2301034,ﺭﻭﻏ,1269
599,2,ﻪﻧﺎﻧﺯ,ﺩﻳﻔﺳ ﻪﻧﺧﺭ یﺎﻣﻧﺳ ﺩﺟﺳﻣ,2301034,ﺭﻭﻏ,1270
599,1,ﻪﻧﺍﺩﺭﻣ,ﻪﻣﺷﭼ ﺭﺳ ﺏﺗﮑﻣ,2306075,ﺭﻭﻏ,1271
599,3,ﻪﻧﺎﻧﺯ,ﮏﺧﻠﺗ ﻝﻗﺭﺳ ﺏﺗﮑﻣ,2307149,ﺭﻭﻏ,1272
599,3,ﻪﻧﺎﻧﺯ,ﯽﻠﻔﺳ ﻪﺗﺧﻭﺳ ﺩﺟﺳﻣ,2301025,ﺭﻭﻏ,1273
599,2,ﻪﻧﺍﺩﺭﻣ,ﻪﻣﺭﺗ ﻪﺗﺧﺗ ﺭﺍﺯﺎﺑ ﻪﻣﻳﺧ,2305113,ﺭﻭﻏ,1274
599,1,ﻪﻧﺍﺩﺭﻣ,ﻥﺎﻣﺭﮐ ﻭﺗﻟﺎﺗ ﺏﺗﮑﻣ,2307175,ﺭﻭﻏ,1275
599,1,ﻪﻧﺍﺩﺭﻣ,ﺩﻭﺭ ﻩﺍﺭﻓ ﺕﺷﺩ ﻥﻳﻣﺯ,2302098,ﺭﻭﻏ,1276
599,2,ﻪﻧﺍﺩﺭﻣ,ﯽﻠﺗﺭﺯ ﺏﺗﮑﻣ,2301005,ﺭﻭﻏ,1277
600,2,ﻪﻧﺍﺩﺭﻣ,ﻕﻳﻠﺳ ﯽﺗﻳﺍ ﺏﺗﮑﻣ,2907094,ﺏﺎﻳﺭﺎﻓ,1278
600,4,ﻪﻧﺎﻧﺯ,ﻕﻳﻠﺳ ﯽﺗﻳﺍ ﺏﺗﮑﻣ,2907094,ﺏﺎﻳﺭﺎﻓ,1279
600,1,ﻪﻧﺍﺩﺭﻣ,ﺎﺑﺎﺑ ﺩﻧﺧﺁ یﺍﺩﺗﺑﺍ ﺏﺗﮑﻣ,2904075,ﺏﺎﻳﺭﺎﻓ,1280
600,1,ﻪﻧﺎﻧﺯ,(ﺩﻳﻬﺷ ﻩﺯﻳﺯﻋ) ﻪﺳ ﺭﺑﻣﻧ ﻥﺍﻭﺳﻧ ﻪﺳﻳﻟ,2901012,ﺏﺎﻳﺭﺎﻓ,1281
600,5,ﻪﻧﺎﻧﺯ,(ﺩﻳﻬﺷ ﻩﺯﻳﺯﻋ) ﻪﺳ ﺭﺑﻣﻧ ﻥﺍﻭﺳﻧ ﻪﺳﻳﻟ,2901012,ﺏﺎﻳﺭﺎﻓ,1282
600,1,ﻪﻧﺍﺩﺭﻣ,ﻍﺍﺭﭼﻠﺑ ﺯﮐﺭﻣ ﻪﺳﺭﺩﻣ,2905138,ﺏﺎﻳﺭﺎﻓ,1283
600,1,ﻪﻧﺍﺩﺭﻣ,ﺭﻏ ﺭﺑ ﺩﺟﺳﻣ,2910113,ﺏﺎﻳﺭﺎﻓ,1284
600,1,ﻪﻧﺍﺩﺭﻣ,ﻥﺎﺟ ﻭﺗﺑ ﺩﺟﺳﻣ,2902042,ﺏﺎﻳﺭﺎﻓ,1285
600,1,ﻪﻧﺍﺩﺭﻣ,ﻪﭼﻭﺑ ﺏﺗﮑﻣ,2902032,ﺏﺎﻳﺭﺎﻓ,1286
600,1,ﻪﻧﺍﺩﺭﻣ,ﻪﭼﺑ ﮏﻟﻭﺑ ﯽﮕﺗﺳﺑﻣﻫ یﺍﺭﻭﺷ ﺭﻳﻣﻌﺗ,2903057,ﺏﺎﻳﺭﺎﻓ,1287
600,2,ﻪﻧﺍﺩﺭﻣ,ﺭﻭﻏ ﺩﻧﻠﺑ ﺩﺟﺳﻣ,2907083,ﺏﺎﻳﺭﺎﻓ,1288
600,2,ﻪﻧﺍﺩﺭﻣ,ﮏﺗﺎﻐﭼ ﻊﻣﺎﺟ ﺩﺟﺳﻣ,2904065,ﺏﺎﻳﺭﺎﻓ,1289
600,1,ﻪﻧﺍﺩﺭﻣ,ﯽﮕﻳﺑﺯﻭﻳ  ﻪﻧﮑﭼ ﺏﺗﮑﻣ,2907106,ﺏﺎﻳﺭﺎﻓ,1290
600,3,ﻪﻧﺎﻧﺯ,ﯽﮕﻳﺑﺯﻭﻳ  ﻪﻧﮑﭼ ﺏﺗﮑﻣ,2907106,ﺏﺎﻳﺭﺎﻓ,1291
600,1,ﻪﻧﺍﺩﺭﻣ,ﻕﺎﻣﻘﭼ ﺩﺟﺳﻣ,2902036,ﺏﺎﻳﺭﺎﻓ,1292
600,2,ﻪﻧﺍﺩﺭﻣ,ﻭﺗﮑﭼﻳﭼ یﺍﺩﺗﺑﺍ ﺏﺗﮑﻣ,2907082,ﺏﺎﻳﺭﺎﻓ,1293
600,1,ﻪﻧﺍﺩﺭﻣ,ﺕﻓﺎﺑ ﻡﻳﻠﮔ ﮏﻬﭼ ﺩﺟﺳﻣ,2902029,ﺏﺎﻳﺭﺎﻓ,1294
600,2,ﻪﻧﺎﻧﺯ,ﺕﻓﺎﺑ ﻡﻳﻠﮔ ﮏﻬﭼ ﺩﺟﺳﻣ,2902029,ﺏﺎﻳﺭﺎﻓ,1295
600,3,ﻪﻧﺎﻧﺯ,ﺕﻓﺎﺑ ﻡﻳﻠﮔ ﮏﻬﭼ ﺩﺟﺳﻣ,2902029,ﺏﺎﻳﺭﺎﻓ,1296
600,4,ﻪﻧﺎﻧﺯ,ﺥﺎﺷ ﻩﺭﺩ ﻥﺍﻭﺳﻧ ﺏﺗﮑﻣ,2908129,ﺏﺎﻳﺭﺎﻓ,1297
600,3,ﻪﻧﺍﺩﺭﻣ,ﮓﻧﺯ ﻩﺭﺩ ﻪﺳﺭﺩﻣ,2908127,ﺏﺎﻳﺭﺎﻓ,1298
600,4,ﻪﻧﺎﻧﺯ,ﮓﻧﺯ ﻩﺭﺩ ﻪﺳﺭﺩﻣ,2908127,ﺏﺎﻳﺭﺎﻓ,1299
600,5,ﻪﻧﺎﻧﺯ,ﮓﻧﺯ ﻩﺭﺩ ﻪﺳﺭﺩﻣ,2908127,ﺏﺎﻳﺭﺎﻓ,1300
600,1,ﻪﻧﺍﺩﺭﻣ,ﻪﻌﻠﻗ ﮓﻧﻭﺩ ﻥﺍﻭﺳﻧ ﻪﺳﻳﻟ,2908128,ﺏﺎﻳﺭﺎﻓ,1301
600,4,ﻪﻧﺎﻧﺯ,ﻪﻌﻠﻗ ﮓﻧﻭﺩ ﻥﺍﻭﺳﻧ ﻪﺳﻳﻟ,2908128,ﺏﺎﻳﺭﺎﻓ,1302
600,5,ﻪﻧﺎﻧﺯ,ﻪﻌﻠﻗ ﮓﻧﻭﺩ ﻥﺍﻭﺳﻧ ﻪﺳﻳﻟ,2908128,ﺏﺎﻳﺭﺎﻓ,1303
600,2,ﻪﻧﺎﻧﺯ,ﻪﭘﺗ ﺭﺎﻏ ﺭﺍﺯﺎﺑ ﻭ ﺏﺗﮑﻣ,2902022,ﺏﺎﻳﺭﺎﻓ,1304
600,2,ﻪﻧﺍﺩﺭﻣ,ﻥﺎﻳﺑﻟﻭﻏ ﻊﻣﺎﺟ ﺩﺟﺳﻣ,2908123,ﺏﺎﻳﺭﺎﻓ,1305
600,1,ﻪﻧﺍﺩﺭﻣ,ﻥﺎﻳﺑﻟﻭﻏ ﻥﺍﻭﺳﻧ ﻪﻁﺳﻭﺗﻣ ﺏﺗﮑﻣ,2908125,ﺏﺎﻳﺭﺎﻓ,1306
600,2,ﻪﻧﺍﺩﺭﻣ,ﻥﺎﻳﺑﻟﻭﻏ ﻥﺍﻭﺳﻧ ﻪﻁﺳﻭﺗﻣ ﺏﺗﮑﻣ,2908125,ﺏﺎﻳﺭﺎﻓ,1307
600,5,ﻪﻧﺎﻧﺯ,ﻥﺎﻳﺑﻟﻭﻏ ﻥﺍﻭﺳﻧ ﻪﻁﺳﻭﺗﻣ ﺏﺗﮑﻣ,2908125,ﺏﺎﻳﺭﺎﻓ,1308
600,2,ﻪﻧﺍﺩﺭﻣ,ﻩﺭﻭﻏ ﺩﺟﺳﻣ,2907107,ﺏﺎﻳﺭﺎﻓ,1309
600,3,ﻪﻧﺎﻧﺯ,ﻩﺭﻭﻏ ﺩﺟﺳﻣ,2907107,ﺏﺎﻳﺭﺎﻓ,1310
600,1,ﻪﻧﺍﺩﺭﻣ,ﻻﺎﺑ ﺭﻭﺧ ﺍﻭﻠﺣ ﺩﺟﺳﻣ,2902048,ﺏﺎﻳﺭﺎﻓ,1311
600,5,ﻪﻧﺍﺩﺭﻣ,ﻥﻳﺩﻟﺍ ﺙﻭﻏ ﻝﻳﻧﺭﺟ ﻪﻁﺳﻭﺗﻣ ﺏﺗﮑﻣ,2901010,ﺏﺎﻳﺭﺎﻓ,1312
600,4,ﻪﻧﺎﻧﺯ,ﻕﻼﺑ ﻕﺁ کﺭﻣﮐ ﺩﺟﺳﻣ,2905136,ﺏﺎﻳﺭﺎﻓ,1313
600,1,ﻪﻧﺍﺩﺭﻣ,ﯽﻳﺎﺑ ﺵﻭﺧ یﺍﺩﺗﺑﺍ ﺏﺗﮑﻣ,2904076,ﺏﺎﻳﺭﺎﻓ,1314
600,3,ﻪﻧﺎﻧﺯ,ﯽﻫﻭﮐ ﺏﺗﮑﻣ,2907111,ﺏﺎﻳﺭﺎﻓ,1315
600,4,ﻪﻧﺍﺩﺭﻣ,ﯽﻫﻭﮐ ﺏﺗﮑﻣ,2907111,ﺏﺎﻳﺭﺎﻓ,1316
600,3,ﻪﻧﺎﻧﺯ,ﺵﻻﻭﻟ ﻪﻁﺳﻭﺗﻣ ﺏﺗﮑﻣ,2910120,ﺏﺎﻳﺭﺎﻓ,1317
600,3,ﻪﻧﺍﺩﺭﻣ,ﻪﻧﻣﻳﻣ ﺕﻋﺍﺭﺯ ﯽﮑﻠﺳﻣ ﻪﺳﻳﻟ,2901014,ﺏﺎﻳﺭﺎﻓ,1318
600,2,ﻪﻧﺎﻧﺯ,ﯽﺳﻭﻣﺎﻧ ﻪﺟﺍﻭﺧ ،ﺕﺧﺭﺩ ﮓﻧﻳﻣ,2902019,ﺏﺎﻳﺭﺎﻓ,1319
600,1,ﻪﻧﺍﺩﺭﻣ,ﻡﺳﺎﻗ ﺭﻳﻣ ﻪﺳﺭﺩﻣ,2902028,ﺏﺎﻳﺭﺎﻓ,1320
600,2,ﻪﻧﺎﻧﺯ,ﯽﻧﺎﻗﻭﻣ ﻊﻣﺎﺟ ﺩﺟﺳﻣ,2902045,ﺏﺎﻳﺭﺎﻓ,1321
600,1,ﻪﻧﺍﺩﺭﻣ,ﺩﺟﺳﻣ,2910214,ﺏﺎﻳﺭﺎﻓ,1322
600,1,ﻪﻧﺍﺩﺭﻣ,ﺩﺟﺳﻣ,2910215,ﺏﺎﻳﺭﺎﻓ,1323
600,2,ﻪﻧﺍﺩﺭﻣ,ﺩﺟﺳﻣ,2910215,ﺏﺎﻳﺭﺎﻓ,1324
600,3,ﻪﻧﺎﻧﺯ,ﺩﺟﺳﻣ,2910215,ﺏﺎﻳﺭﺎﻓ,1325
600,3,ﻪﻧﺎﻧﺯ,ﯽﻳﺍﺭﻗ ﻪﻁﺳﻭﺗﻣ ﺏﺗﮑﻣ,2904073,ﺏﺎﻳﺭﺎﻓ,1326
600,2,ﻪﻧﺎﻧﺯ,ﻝﻭﻘﻏﺭﻗ ﺩﺟﺳﻣ,2906157,ﺏﺎﻳﺭﺎﻓ,1327
600,3,ﻪﻧﺎﻧﺯ,ﻕﻼﺷﻗ ﻝﺯﻗ ﺭﻭﮐﺫ ﺏﺗﮑﻣ,2903211,ﺏﺎﻳﺭﺎﻓ,1328
600,5,ﻪﻧﺎﻧﺯ,ﯽﭼﺭﻭﻗ ﻪﻁﺳﻭﺗﻣ ﺏﺗﮑﻣ,2905140,ﺏﺎﻳﺭﺎﻓ,1329
600,4,ﻪﻧﺎﻧﺯ,ﺏﺭﻋ ﻪﺟﺍﻭﺧ ﻍﺭﻭﻗ ﺩﺟﺳﻣ,2905143,ﺏﺎﻳﺭﺎﻓ,1330
600,5,ﻪﻧﺎﻧﺯ,ﻪﻌﻠﻗ یﺍﺭﺣﺻ ﺭﻭﮐﺫ ﻪﻁﺳﻭﺗﻣ,2903059,ﺏﺎﻳﺭﺎﻓ,1331
600,1,ﻪﻧﺍﺩﺭﻣ,ﯽﻧﺎﮔﻭﭘ ﮏﻳﻠﻣﺳ ﯽﮕﺗﺳﺑﻣﻫ یﺍﺭﻭﺷ ﺭﻳﻣﻌﺗ,2903061,ﺏﺎﻳﺭﺎﻓ,1332
600,3,ﻪﻧﺎﻧﺯ,ﯽﻧﺎﮔﻭﭘ ﮏﻳﻠﻣﺳ ﯽﮕﺗﺳﺑﻣﻫ یﺍﺭﻭﺷ ﺭﻳﻣﻌﺗ,2903061,ﺏﺎﻳﺭﺎﻓ,1333
600,2,ﻪﻧﺎﻧﺯ,ﺭﻭﺛ ﻊﻣﺎﺟ ﺩﺟﺳﻣ,2907092,ﺏﺎﻳﺭﺎﻓ,1334
600,2,ﻪﻧﺍﺩﺭﻣ,ﯽﻘﻧ ﺩﺎﻳﺻ ﺩﺟﺳﻣ,2907109,ﺏﺎﻳﺭﺎﻓ,1335
600,4,ﻪﻧﺎﻧﺯ,ﻥﺎﺷ ﺏﺎﮕﺗ ﻪﺳﺭﺩﻣ,2908133,ﺏﺎﻳﺭﺎﻓ,1336
600,2,ﻪﻧﺍﺩﺭﻣ,ﺱﻣﻠﻐﺗﺭﻭﮐﺫ ﺏﺗﮑﻣ,2905142,ﺏﺎﻳﺭﺎﻓ,1337
600,4,ﻪﻧﺎﻧﺯ,ﻩﺭﺎﺧﺗ ﻊﻣﺎﺟ ﺩﺟﺳﻣ,2908126,ﺏﺎﻳﺭﺎﻓ,1338
600,1,ﻪﻧﺍﺩﺭﻣ,ﻡﺳ ﺭﺍﺯﻫ ﯽﻠﮑﺗ ﺩﺟﺳﻣ,2902044,ﺏﺎﻳﺭﺎﻓ,1339
600,2,ﻪﻧﺎﻧﺯ,ﻡﺳ ﺭﺍﺯﻫ ﯽﻠﮑﺗ ﺩﺟﺳﻣ,2902044,ﺏﺎﻳﺭﺎﻓ,1340
600,4,ﻪﻧﺍﺩﺭﻣ,ﻪﻌﻠﻗ ﺵﺎﺗ ﺭﻭﮐﺫ ﺏﺗﮑﻣ,2905139,ﺏﺎﻳﺭﺎﻓ,1341
600,3,ﻪﻧﺎﻧﺯ,ﻥﺎﺟ ﯽﻟﻭ ﺩﺟﺳﻣ,2902034,ﺏﺎﻳﺭﺎﻓ,1342
600,3,ﻪﻧﺎﻧﺯ,ﻍﺎﺑ ﻪﮑﻳ ﺏﺗﮑﻣ,2907089,ﺏﺎﻳﺭﺎﻓ,1343
600,1,ﻪﻧﺍﺩﺭﻣ,ﻪﻳﻧﺎﻐﻓﺍ ﻪﺗﺳﭘ ﻪﮑﻳ ﺩﺟﺳﻣ,2907203,ﺏﺎﻳﺭﺎﻓ,1344
600,2,ﻪﻧﺎﻧﺯ,ﻪﻳﻧﺎﻐﻓﺍ ﻪﺗﺳﭘ ﻪﮑﻳ ﺩﺟﺳﻣ,2907203,ﺏﺎﻳﺭﺎﻓ,1345
599,1,ﻪﻧﺍﺩﺭﻣ,ﻕﻳﻠﺳ ﯽﺗﻳﺍ ﺏﺗﮑﻣ,2907094,ﺏﺎﻳﺭﺎﻓ,1346
599,2,ﻪﻧﺍﺩﺭﻣ,ﺎﺑﺎﺑ ﺩﻧﺧﺁ یﺍﺩﺗﺑﺍ ﺏﺗﮑﻣ,2904075,ﺏﺎﻳﺭﺎﻓ,1347
599,2,ﻪﻧﺎﻧﺯ,ﯽﺷﺎﺑ ﻥﺍﻭﺎﮐ ﺏﺭﻋ ﺩﺟﺳﻣ,2902202,ﺏﺎﻳﺭﺎﻓ,1348
599,3,ﻪﻧﺍﺩﺭﻣ,ﻪﻧﺎﺧﺑﺭﻋ یﻭﺑﺭﺟﺗ ﯽﻟﺎﻋ ﻪﺳﻳﻟ,2901001,ﺏﺎﻳﺭﺎﻓ,1349
599,3,ﻪﻧﺎﻧﺯ,ﯽﻧﺎﮔﻭﭘ ﻻﺎﺑ ﺽﺍﺭﻭﺍ ﺩﺟﺳﻣ,2902040,ﺏﺎﻳﺭﺎﻓ,1350
599,2,ﻪﻧﺎﻧﺯ,ﻪﮔ ﺩﺎﺑ ﺩﺟﺳﻣ,2908206,ﺏﺎﻳﺭﺎﻓ,1351
599,3,ﻪﻧﺎﻧﺯ,ﻪﮔ ﺩﺎﺑ ﺩﺟﺳﻣ,2908206,ﺏﺎﻳﺭﺎﻓ,1352
599,3,ﻪﻧﺎﻧﺯ,ﻕﺎﻗﺩﺎﺑ ﺏﺗﮑﻣ,2902017,ﺏﺎﻳﺭﺎﻓ,1353
599,4,ﻪﻧﺎﻧﺯ,ﻕﺎﻗﺩﺎﺑ ﺏﺗﮑﻣ,2902017,ﺏﺎﻳﺭﺎﻓ,1354
599,1,ﻪﻧﺍﺩﺭﻣ,ﻪﮐﺭﻳﺑ ﻊﻣﺎﺟ ﺩﺟﺳﻣ,2907090,ﺏﺎﻳﺭﺎﻓ,1355
599,3,ﻪﻧﺎﻧﺯ,ﻪﭼﺑ ﮏﻟﻭﺑ ﯽﮕﺗﺳﺑﻣﻫ یﺍﺭﻭﺷ ﺭﻳﻣﻌﺗ,2903057,ﺏﺎﻳﺭﺎﻓ,1356
599,1,ﻪﻧﺍﺩﺭﻣ,یﺭﻭﺑ ﺭﻭﮐﺫ ﻪﻁﺳﻭﺗﻣ ﺏﺗﮑﻣ,2907100,ﺏﺎﻳﺭﺎﻓ,1357
599,3,ﻪﻧﺎﻧﺯ,یﺭﻭﺑ ﺭﻭﮐﺫ ﻪﻁﺳﻭﺗﻣ ﺏﺗﮑﻣ,2907100,ﺏﺎﻳﺭﺎﻓ,1358
599,1,ﻪﻧﺎﻧﺯ,ﺥﺎﺷ ﻩﺭﺩ ﻥﺍﻭﺳﻧ ﺏﺗﮑﻣ,2908129,ﺏﺎﻳﺭﺎﻓ,1359
599,3,ﻪﻧﺎﻧﺯ,ﻭﻧ ﻩﺩ ﺭﻭﮐﺫ ﻪﺳﻳﻟ ﺭﻳﻣﻌﺗ,2903058,ﺏﺎﻳﺭﺎﻓ,1360
599,4,ﻪﻧﺎﻧﺯ,ﻭﻧ ﻩﺩ ﺭﻭﮐﺫ ﻪﺳﻳﻟ ﺭﻳﻣﻌﺗ,2903058,ﺏﺎﻳﺭﺎﻓ,1361
599,3,ﻪﻧﺍﺩﺭﻣ,یﺭﺍﺫﻏ ﻥﺍﻭﺳﻧ ﻪﺳﻳﻟ,2903054,ﺏﺎﻳﺭﺎﻓ,1362
599,6,ﻪﻧﺎﻧﺯ,یﺭﺍﺫﻏ ﻥﺍﻭﺳﻧ ﻪﺳﻳﻟ,2903054,ﺏﺎﻳﺭﺎﻓ,1363
599,5,ﻪﻧﺎﻧﺯ,ﻥﺎﻳﺑﻟﻭﻏ ﻊﻣﺎﺟ ﺩﺟﺳﻣ,2908123,ﺏﺎﻳﺭﺎﻓ,1364
599,3,ﻪﻧﺎﻧﺯ,ﺩﻣﺣﺍ ﺩﻳﻌﺳ ﯽﺟﺎﺣ ﻊﻣﺎﺟ ﺩﺟﺳﻣ,2904067,ﺏﺎﻳﺭﺎﻓ,1365
599,5,ﻪﻧﺎﻧﺯ,یﺯﮕﻠﻬﭼ ﻪﻌﻠﻗ ﻩﺭﺍﺯﻫ ﺭﻭﮐﺫ ﻪﻳﺋﺍﺩﺗﺑﺍ ﺏﺗﮑﻣ,2907081,ﺏﺎﻳﺭﺎﻓ,1366
599,2,ﻪﻧﺍﺩﺭﻣ,ﺩﻼﺟﻧﺍ ﻪﺳﻳﻟ,2902030,ﺏﺎﻳﺭﺎﻓ,1367
599,1,ﻪﻧﺍﺩﺭﻣ,ﻪﻌﻠﻗ ﺭﺟ ﻪﺳﻳﻟ,2908132,ﺏﺎﻳﺭﺎﻓ,1368
599,1,ﻪﻧﺍﺩﺭﻣ,ﻕﻼﺑ ﻕﺁ کﺭﻣﮐ ﺩﺟﺳﻣ,2905136,ﺏﺎﻳﺭﺎﻓ,1369
599,2,ﻪﻧﺍﺩﺭﻣ,ﺕﻣﻳﺍﺩﺧ ﻪﻳﺭﻗ ﻥﻳﺑﺎﻣ ﺩﺟﺳﻣ,2904070,ﺏﺎﻳﺭﺎﻓ,1370
599,3,ﻪﻧﺍﺩﺭﻣ,ﻪﭼﻏﺎﺑ ﻪﺟﺍﻭﺧ ﻪﻁﺳﻭﺗﻣ ﺏﺗﮑﻣ,2904074,ﺏﺎﻳﺭﺎﻓ,1371
599,1,ﻪﻧﺍﺩﺭﻣ,ﻥﺎﻳﻟﻭﮐ ﻥﺍﻭﺳﻧ ﺏﺗﮑﻣ,2905141,ﺏﺎﻳﺭﺎﻓ,1372
599,3,ﻪﻧﺎﻧﺯ,ﯽﺑﺎﻏﺭﻣ ﻪﻁﺳﻭﺗﻣ ﺏﺗﮑﻣ,2908135,ﺏﺎﻳﺭﺎﻓ,1373
599,1,ﻪﻧﺍﺩﺭﻣ,ﯽﺳﻭﻣﺎﻧ ﻪﺟﺍﻭﺧ ،ﺕﺧﺭﺩ ﮓﻧﻳﻣ,2902019,ﺏﺎﻳﺭﺎﻓ,1374
599,3,ﻪﻧﺎﻧﺯ,ﺩﺟﺳﻣ,2910214,ﺏﺎﻳﺭﺎﻓ,1375
599,1,ﻪﻧﺍﺩﺭﻣ,ﺯﻭﺳﻠﺧﭘ ﻥﺍﻭﺳﻧ ﺏﺗﮑﻣ,2908213,ﺏﺎﻳﺭﺎﻓ,1376
599,2,ﻪﻧﺍﺩﺭﻣ,ﮏﻏﻭﺩﻗ ﺏﺗﮑﻣ,2910121,ﺏﺎﻳﺭﺎﻓ,1377
599,2,ﻪﻧﺍﺩﺭﻣ,ﯽﻳﺍﺭﻗ ﻪﻁﺳﻭﺗﻣ ﺏﺗﮑﻣ,2904073,ﺏﺎﻳﺭﺎﻓ,1378
599,7,ﻪﻧﺎﻧﺯ,ﻪﻌﻠﻗ یﺍﺭﺣﺻ ﺭﻭﮐﺫ ﻪﻁﺳﻭﺗﻣ,2903059,ﺏﺎﻳﺭﺎﻓ,1379
599,4,ﻪﻧﺎﻧﺯ,ﯽﻧﺎﮔﻭﭘ ﮏﻳﻠﻣﺳ ﯽﮕﺗﺳﺑﻣﻫ یﺍﺭﻭﺷ ﺭﻳﻣﻌﺗ,2903061,ﺏﺎﻳﺭﺎﻓ,1380
599,1,ﻪﻧﺍﺩﺭﻣ,ﯽﻘﻧ ﺩﺎﻳﺻ ﺩﺟﺳﻣ,2907109,ﺏﺎﻳﺭﺎﻓ,1381
599,3,ﻪﻧﺎﻧﺯ,ﯽﻘﻧ ﺩﺎﻳﺻ ﺩﺟﺳﻣ,2907109,ﺏﺎﻳﺭﺎﻓ,1382
599,1,ﻪﻧﺎﻧﺯ,ﻩﺭﺎﺗﺳ ﻪﺳﻳﻟ,2901006,ﺏﺎﻳﺭﺎﻓ,1383
599,3,ﻪﻧﺍﺩﺭﻣ,ﻪﻌﻠﻗ ﯽﻓﻭﺻ ﺭﻭﮐﺫ ﺏﺗﮑﻣ,2907101,ﺏﺎﻳﺭﺎﻓ,1384
599,2,ﻪﻧﺎﻧﺯ,کﺭﻭﺩﻧﺗ ﺩﺟﺳﻣ,2910115,ﺏﺎﻳﺭﺎﻓ,1385
599,2,ﻪﻧﺎﻧﺯ,ﻪﻌﻠﻗ ﺵﺎﺗ ﺭﻭﮐﺫ ﺏﺗﮑﻣ,2905139,ﺏﺎﻳﺭﺎﻓ,1386
599,3,ﻪﻧﺍﺩﺭﻣ,ﻪﻌﻠﻗ ﺵﺎﺗ ﺭﻭﮐﺫ ﺏﺗﮑﻣ,2905139,ﺏﺎﻳﺭﺎﻓ,1387
599,1,ﻪﻧﺍﺩﺭﻣ,ﮏﻳﻟ کﺭﻳﺗ ﺩﺟﺳﻣ,2902038,ﺏﺎﻳﺭﺎﻓ,1388
599,3,ﻪﻧﺎﻧﺯ,ﻪﻌﻠﻗ ﯽﮕﻧﻳ ﻊﻣﺎﺟ ﺩﺟﺳﻣ,2903210,ﺏﺎﻳﺭﺎﻓ,1389
600,2,ﻪﻧﺍﺩﺭﻣ,ﻱړﺩ ﻡﺎﺑ ﺩﺟﺳﻣ,115486,ﻝﺑﺎﮐ,1390
600,4,ﻪﻧﺎﻧﺯ,ﻱړﺩ ﻡﺎﺑ ﺩﺟﺳﻣ,115486,ﻝﺑﺎﮐ,1391
600,1,ﻪﻧﺍﺩﺭﻣ,ﻩﺭﺎﺻﺣ ﻩﺭﺩ ﻊﻣﺎﺟ ﺩﺟﺳﻣ,115476,ﻝﺑﺎﮐ,1392
600,2,ﻪﻧﺍﺩﺭﻣ,ﻩﺭﺎﺻﺣ ﻩﺭﺩ ﻊﻣﺎﺟ ﺩﺟﺳﻣ,115476,ﻝﺑﺎﮐ,1393
600,3,ﻪﻧﺍﺩﺭﻣ,ﻩﺭﺎﺻﺣ ﻩﺭﺩ ﻊﻣﺎﺟ ﺩﺟﺳﻣ,115476,ﻝﺑﺎﮐ,1394
600,1,ﻪﻧﺍﺩﺭﻣ,ﯽﻟﻭ ﻝﮔ ﯽﺟﺎﺣ ﺩﺟﺳﻣ,101332,ﻝﺑﺎﮐ,1395
600,7,ﻪﻧﺎﻧﺯ,ﻝי ﺕﻧﺟ ﺭﻭﺗﺎﻧﺳ ﯽﺟﺎﺣ ﺏﺗﮑﻣ,101448,ﻝﺑﺎﮐ,1396
600,8,ﻪﻧﺍﺩﺭﻣ,ﻝי ﺕﻧﺟ ﺭﻭﺗﺎﻧﺳ ﯽﺟﺎﺣ ﺏﺗﮑﻣ,101448,ﻝﺑﺎﮐ,1397
600,1,ﻪﻧﺍﺩﺭﻣ,ﻩﺯﻣﺣ ﺩﺟﺳﻣ,101535,ﻝﺑﺎﮐ,1398
600,2,ﻪﻧﺍﺩﺭﻣ,ﻩﺯﻣﺣ ﺩﺟﺳﻣ,101535,ﻝﺑﺎﮐ,1399
600,2,ﻪﻧﺍﺩﺭﻣ,ﻻﺎﺑ ﻝﻳﺧﺗﻭﻫ ﻪﺳﻳﻟ,115477,ﻝﺑﺎﮐ,1400
600,5,ﻪﻧﺎﻧﺯ,ﻻﺎﺑ ﻝﻳﺧﺗﻭﻫ ﻪﺳﻳﻟ,115477,ﻝﺑﺎﮐ,1401
600,1,ﻪﻧﺍﺩﺭﻣ,ﻥﻼﮐ ﻪﻌﻠﻗ ﺏﺗﮑﻣ,115482,ﻝﺑﺎﮐ,1402
600,5,ﻪﻧﺎﻧﺯ,کﺭﻬﺷ ﻪﻳﺋﺍﺩﺗﺑﺍ ﺏﺗﮑﻣ,115484,ﻝﺑﺎﮐ,1403
600,5,ﻪﻧﺎﻧﺯ,ﻥﺎﺧ ﺩﻳﻌﺳ ﻝﮔ ﻑﻳﺭﺷ ﺩﺟﺳﻣ,101509,ﻝﺑﺎﮐ,1404
600,7,ﻪﻧﺎﻧﺯ,ﻥﺎﺧ ﺩﻳﻌﺳ ﻝﮔ ﻑﻳﺭﺷ ﺩﺟﺳﻣ,101509,ﻝﺑﺎﮐ,1405
600,1,ﻪﻧﺍﺩﺭﻣ,ﺭﻏ ﻥﻳﭘﺳ ﻪﻁﺳﻭﺗﻣ ﺏﺗﮑﻣ,101511,ﻝﺑﺎﮐ,1406
600,6,ﻪﻧﺎﻧﺯ,ﺭﻏ ﻥﻳﭘﺳ ﻪﻁﺳﻭﺗﻣ ﺏﺗﮑﻣ,101511,ﻝﺑﺎﮐ,1407
600,1,ﻪﻧﺍﺩﺭﻣ,یﺩﻧﻭﮐ ﺭﻳﭘﺳ ﺏﺗﮑﻣ,115518,ﻝﺑﺎﮐ,1408
600,4,ﻪﻧﺎﻧﺯ,ﻲﺑﻭﺭﺳ ﮏﻳﻧﻳﻠﮐ,115483,ﻝﺑﺎﮐ,1409
600,2,ﻪﻧﺍﺩﺭﻣ,ﺹﺎﺧ ﻥﻳﺯﻳﺗ ﻪﻳﺋﺍﺩﺗﺑﺍ ﺏﺗﮑﻣ,115480,ﻝﺑﺎﮐ,1410
600,3,ﻪﻧﺎﻧﺯ,ﻥﺎﺧ ﻲﻟﻭ ﻝﺯﻧﻣ ﺭﺍﻭﺟ,109440,ﻝﺑﺎﮐ,1411
600,3,ﻪﻧﺎﻧﺯ,ﻝﻳﺧﺎﻳﺭﻭﺍ ﻝﺩﺭﺎﻳ ﺩﺟﺳﻣ,115479,ﻝﺑﺎﮐ,1412
599,3,ﻪﻧﺎﻧﺯ,ﻥﺎﺟ ﺩﻣﺣﺍ ﺩﺟﺳﻣ,101514,ﻝﺑﺎﮐ,1413
599,5,ﻪﻧﺎﻧﺯ,ﻥﺎﺟ ﺩﻣﺣﺍ ﺩﺟﺳﻣ,101514,ﻝﺑﺎﮐ,1414
599,3,ﻪﻧﺍﺩﺭﻣ,ﯽﻟﻭ ﻝﮔ ﯽﺟﺎﺣ ﺩﺟﺳﻣ,101332,ﻝﺑﺎﮐ,1415
599,2,ﻪﻧﺍﺩﺭﻣ,ﻝי ﺕﻧﺟ ﺭﻭﺗﺎﻧﺳ ﯽﺟﺎﺣ ﺏﺗﮑﻣ,101448,ﻝﺑﺎﮐ,1416
599,6,ﻪﻧﺎﻧﺯ,ﻝי ﺕﻧﺟ ﺭﻭﺗﺎﻧﺳ ﯽﺟﺎﺣ ﺏﺗﮑﻣ,101448,ﻝﺑﺎﮐ,1417
599,6,ﻪﻧﺎﻧﺯ,ﻻﺎﺑ ﻝﻳﺧﺗﻭﻫ ﻪﺳﻳﻟ,115477,ﻝﺑﺎﮐ,1418
599,3,ﻪﻧﺍﺩﺭﻣ,ﻪﻳﻭﺩﻬﻣ ﻪﺳﺭﺩﻣ,101264,ﻝﺑﺎﮐ,1419
599,7,ﻪﻧﺎﻧﺯ,ﺕﻓﺭﻌﻣ ﻪﺳﻳﻟ,101263,ﻝﺑﺎﮐ,1420
599,1,ﻪﻧﺍﺩﺭﻣ,ﻭﻠﻐﻧ ﻪﻁﺳﻭﺗﻣ ﺏﺗﮑﻣ,115481,ﻝﺑﺎﮐ,1421
599,3,ﻪﻧﺎﻧﺯ,ﻝﻭﺳﺭ ﻩﺎﺷ ﻝﺯﻧﻣ ﺭﺍﻭﺟ,109442,ﻝﺑﺎﮐ,1422
599,4,ﻪﻧﺎﻧﺯ,ﻥﺎﺧ ﺩﻳﻌﺳ ﻝﮔ ﻑﻳﺭﺷ ﺩﺟﺳﻣ,101509,ﻝﺑﺎﮐ,1423
599,4,ﻪﻧﺎﻧﺯ,ﻭﻫﺎﺑ ﻝﻭﻗ ﻑﻳﺭﺷ ﺩﺟﺳﻣ,101510,ﻝﺑﺎﮐ,1424
599,3,ﻪﻧﺍﺩﺭﻣ,ﺭﻏ ﻥﻳﭘﺳ ﻪﻁﺳﻭﺗﻣ ﺏﺗﮑﻣ,101511,ﻝﺑﺎﮐ,1425
599,3,ﻪﻧﺎﻧﺯ,ﺹﺎﺧ ﻥﻳﺯﻳﺗ ﻪﻳﺋﺍﺩﺗﺑﺍ ﺏﺗﮑﻣ,115480,ﻝﺑﺎﮐ,1426
599,3,ﻪﻧﺎﻧﺯ,ﺹﺎﺧ ﻪﮐﻭ ﺏﺗﮑﻣ,115552,ﻝﺑﺎﮐ,1427
600,1,ﻪﻧﺍﺩﺭﻣ,ﺩﻳﻬﺷ ﺭﺎﻔﻐﻟﺍﺩﺑﻋ ﻪﺳﻳﻟ,205056,ﺎﺳﻳﭘﺎﮐ,1428
600,4,ﻪﻧﺎﻧﺯ,ﻩﻭﺎﻳﮔ ﺏﺗﮑﻣ,205043,ﺎﺳﻳﭘﺎﮐ,1429
600,2,ﻪﻧﺎﻧﺯ,ﺩﻳﻬﺷ ﻥﻣﺣﺭﻟﺍﺩﺑﻋ ﺍﺯﺭﻳﻣ ﺏﺗﮑﻣ,205046,ﺎﺳﻳﭘﺎﮐ,1430
600,1,ﻪﻧﺍﺩﺭﻣ,ﺭﺎﻬﺑﻠﮔ ﯽﺟﺎﺳﻧ ﻥﺍﻭﺳﻧ ﻪﺳﻳﻟ,204029,ﺎﺳﻳﭘﺎﮐ,1431
600,2,ﻪﻧﺎﻧﺯ,ﺭﺑﮐﺍ ﺩﻳﺳ ﻝﺯﻧﻣ ﮏﻳﺩﺯﻧ,205066,ﺎﺳﻳﭘﺎﮐ,1432
599,1,ﻪﻧﺍﺩﺭﻣ,ﺩﻳﻬﺷ ﯽﻗﺎﺑﻟﺍﺩﺑﻋ ﻪﺳﻳﻟ,203074,ﺎﺳﻳﭘﺎﮐ,1433
599,3,ﻪﻧﺎﻧﺯ,ﻪﺗﭘ ﻩﺭﺩ ﻥﺎﻣﺍ ﻍﺎﺑ,205051,ﺎﺳﻳﭘﺎﮐ,1434
599,3,ﻪﻧﺎﻧﺯ,ﯽﻳﺍﺯ ﻥﻳﺳﺎﻳ ﺏﺗﮑﻣ,205053,ﺎﺳﻳﭘﺎﮐ,1435
599,2,ﻪﻧﺎﻧﺯ,ﺩﻳﻬﺷ ﻕﺣﻟﺍﺎﻳﺿ ﻪﺳﻳﻟ,205049,ﺎﺳﻳﭘﺎﮐ,1436
600,4,ﻪﻧﺎﻧﺯ,ﻪﻣﺭﺗﻭﮐ ﻩﺭﻗ ﻪﺳﻳﻟ,1905085,ﺯﺩﻧﮐ,1437
600,1,ﻪﻧﺍﺩﺭﻣ,ﯽﻧﺎﻣﻐﻟ ﺏﺗﮑﻣ,1904165,ﺯﺩﻧﮐ,1438
600,2,ﻪﻧﺍﺩﺭﻣ,یﺯ ﯽﺳﻭﻣ ﺏﺗﮑﻣ,1904149,ﺯﺩﻧﮐ,1439
599,2,ﻪﻧﺍﺩﺭﻣ,ﺭﺍﺯﺎﺑ ﻪﻌﻣﺟ  ﺩﺟﺳﻣ,1902125,ﺯﺩﻧﮐ,1440
599,3,ﻪﻧﺎﻧﺯ,ﺭﺍﺯﺎﺑ ﻪﻌﻣﺟ  ﺩﺟﺳﻣ,1902125,ﺯﺩﻧﮐ,1441
599,2,ﻪﻧﺎﻧﺯ,ﯽﻧﺎﻣﻐﻟ ﺏﺗﮑﻣ,1904165,ﺯﺩﻧﮐ,1442
600,3,ﻪﻧﺍﺩﺭﻣ,ﻲﻠﻛ ﻱﻭﻟ ﻱﺯ ﺭﺗﺧﺍ,2711225,ﺭﺎﻫﺩﻧﮐ,1443
600,5,ﻪﻧﺎﻧﺯ,ﻲﻠﻛ ﻱﻭﻟ ﻱﺯ ﺭﺗﺧﺍ,2711225,ﺭﺎﻫﺩﻧﮐ,1444
600,1,ﻪﻧﺍﺩﺭﻣ,ﺩﺟﺳﻣ ﻲﻠﻛ ﺩ ېﺩﻭﭼ ﺩ,2715270,ﺭﺎﻫﺩﻧﮐ,1445
600,2,ﻪﻧﺍﺩﺭﻣ,ﺩﺟﺳﻣ ﻲﻠﻛ ﺩ ېﺩﻭﭼ ﺩ,2715270,ﺭﺎﻫﺩﻧﮐ,1446
600,1,ﻪﻧﺍﺩﺭﻣ,ﺯﻛﺭﻣ ﻲﻟﺍﻭﺳﻟﻭ ﺩ,2715254,ﺭﺎﻫﺩﻧﮐ,1447
600,2,ﻪﻧﺍﺩﺭﻣ,ﺯﻛﺭﻣ ﻲﻟﺍﻭﺳﻟﻭ ﺩ,2715254,ﺭﺎﻫﺩﻧﮐ,1448
600,1,ﻪﻧﺍﺩﺭﻣ,ﻪﻣﺭﻳոﺭﺗ ﺭﻭﻛ ﺩﻣﺣﻣ ﺽﻳﻓ ﺩ,2714200,ﺭﺎﻫﺩﻧﮐ,1449
600,3,ﻪﻧﺍﺩﺭﻣ,ﻪﻣﺭﻳո ﺭﺗ ﺭﻭﻛ ﻻﻻﺎﻏﺍ ﻲﺟﺎﺣ ﺩ,2712264,ﺭﺎﻫﺩﻧﮐ,1450
600,2,ﻪﻧﺍﺩﺭﻣ,ﻪﻣﺭﻳոﺭﺗ ﺭﻭﻛ ﺏﺎﻳﺎﻓ ﻲﺟﺎﺣ ﺩ,2706090,ﺭﺎﻫﺩﻧﮐ,1451
600,2,ﻪﻧﺎﻧﺯ,ﺩﺟﺳﻣ ﺎﻛﺍ ﺏﻳﺑﺣ ﻲﺟﺎﺣ ﺩ,2703087,ﺭﺎﻫﺩﻧﮐ,1452
600,4,ﻪﻧﺎﻧﺯ,یﺩږﻧ ﻪﺗ ﺭﻭﻛ ﻥﺎﻧﻣ ﻲﺟﺎﺣ ﺩ,2715255,ﺭﺎﻫﺩﻧﮐ,1453
600,5,ﻪﻧﺎﻧﺯ,یﺩږﻧ ﻪﺗ ﺭﻭﻛ ﻥﺎﻧﻣ ﻲﺟﺎﺣ ﺩ,2715255,ﺭﺎﻫﺩﻧﮐ,1454
600,2,ﻪﻧﺍﺩﺭﻣ,ﻪﻣﺭﻳոﺭﺗ ﺭﻭﻛ ﻝﺎﻣﺟ ﺍﺯﺭﻳﻣ ﻲﺟﺎﺣ ﺩ,2712267,ﺭﺎﻫﺩﻧﮐ,1455
600,1,ﻪﻧﺍﺩﺭﻣ,ﺭﻭﺟﻛ ﺩﺟﺳﻣ,2706097,ﺭﺎﻫﺩﻧﮐ,1456
600,2,ﻪﻧﺍﺩﺭﻣ,ﺭﻭﺟﻛ ﺩﺟﺳﻣ,2706097,ﺭﺎﻫﺩﻧﮐ,1457
600,1,ﻪﻧﺍﺩﺭﻣ,ﺩﺟﺳﻣ ﻲﻠﻛ ﺩ ﻭؕﺎﻳיﻭﺧ ﺩ,2715271,ﺭﺎﻫﺩﻧﮐ,1458
600,2,ﻪﻧﺍﺩﺭﻣ,ﺩﺟﺳﻣ ﻲﻠﻛ ﺩ ﻭؕﺎﻳיﻭﺧ ﺩ,2715271,ﺭﺎﻫﺩﻧﮐ,1459
600,1,ﻪﻧﺍﺩﺭﻣ,טﻧոﺭﺗ ﺭﻭﻛ ﻡﻼﺳ ﻙﻠﻣ ﺩ,2706092,ﺭﺎﻫﺩﻧﮐ,1460
600,2,ﻪﻧﺍﺩﺭﻣ,טﻧոﺭﺗ ﺭﻭﻛ ﻡﻼﺳ ﻙﻠﻣ ﺩ,2706092,ﺭﺎﻫﺩﻧﮐ,1461
600,3,ﻪﻧﺎﻧﺯ,טﻧոﺭﺗ ﺭﻭﻛ ﻡﻼﺳ ﻙﻠﻣ ﺩ,2706092,ﺭﺎﻫﺩﻧﮐ,1462
600,4,ﻪﻧﺎﻧﺯ,טﻧոﺭﺗ ﺭﻭﻛ ﻡﻼﺳ ﻙﻠﻣ ﺩ,2706092,ﺭﺎﻫﺩﻧﮐ,1463
600,1,ﻪﻧﺍﺩﺭﻣ,ﺏﺗﻛﻣ ﻭﺗﺑﻭﺍ ﺩ,2715257,ﺭﺎﻫﺩﻧﮐ,1464
600,1,ﻪﻧﺍﺩﺭﻣ,טﻧոﺭﺗ ﺭﻭﻛ ﷲ ﻊﻔﺳ ﺩ,2706091,ﺭﺎﻫﺩﻧﮐ,1465
600,3,ﻪﻧﺎﻧﺯ,ﻡﻳﻠﺣ ﺩﻳﺳ ﺏﺗﻛﻣ,2706094,ﺭﺎﻫﺩﻧﮐ,1466
600,10,ﻪﻧﺎﻧﺯ,ﻲըﻧﻭﻭ֢ ﷲ ﻡﻳﻅﻋ ﺩﻳﻬﺷ,2701042,ﺭﺎﻫﺩﻧﮐ,1467
600,1,ﻪﻧﺍﺩﺭﻣ,ﻲﻠﻛ ﻥﺎﺳﻳﺗ ﺏﺗﻛﻣ,2708252,ﺭﺎﻫﺩﻧﮐ,1468
600,4,ﻪﻧﺎﻧﺯ,ﻲﺳ ﻲﺑ ﻲ,2715256,ﺭﺎﻫﺩﻧﮐ,1469
600,2,ﻪﻧﺍﺩﺭﻣ,ﺏﺗﻛﻣ ﻲﻠﻛ ﻥﺳﻳ ﺩ,2708253,ﺭﺎﻫﺩﻧﮐ,1470
600,1,ﻪﻧﺍﺩﺭﻣ,ﺏﺗﮑﻣ سﻠﮐ ﺩ,2718230,ﺭﺎﻫﺩﻧﮐ,1471
600,2,ﻪﻧﺎﻧﺯ,ﺏﺗﮑﻣ سﻠﮐ ﺩ,2718230,ﺭﺎﻫﺩﻧﮐ,1472
600,4,ﻪﻧﺍﺩﺭﻣ,ﻪﻣﺭﻳոﺭﺗ ﺭﻭﻛ ﻥﺎﺧ ﺩﻣﺣﻣ ﻲﻟﻭ ﺩ,2714199,ﺭﺎﻫﺩﻧﮐ,1473
600,1,ﻪﻧﺍﺩﺭﻣ,ﻥﺎﻳﻭ ﻙﻳﻧﻳﻠﻛ,2706089,ﺭﺎﻫﺩﻧﮐ,1474
600,2,ﻪﻧﺍﺩﺭﻣ,ﻥﺎﻳﻭ ﻙﻳﻧﻳﻠﻛ,2706089,ﺭﺎﻫﺩﻧﮐ,1475
600,3,ﻪﻧﺍﺩﺭﻣ,ﻥﺎﻳﻭ ﻙﻳﻧﻳﻠﻛ,2706089,ﺭﺎﻫﺩﻧﮐ,1476
600,4,ﻪﻧﺎﻧﺯ,ﻥﺎﻳﻭ ﻙﻳﻧﻳﻠﻛ,2706089,ﺭﺎﻫﺩﻧﮐ,1477
600,5,ﻪﻧﺎﻧﺯ,ﻥﺎﻳﻭ ﻙﻳﻧﻳﻠﻛ,2706089,ﺭﺎﻫﺩﻧﮐ,1478
600,2,ﻪﻧﺍﺩﺭﻣ,ﻪﻟﺎﺗﺭﺯ ﺏﺗﻛﻣ,2706098,ﺭﺎﻫﺩﻧﮐ,1479
600,3,ﻪﻧﺎﻧﺯ,ﻪﻟﺎﺗﺭﺯ ﺏﺗﻛﻣ,2706098,ﺭﺎﻫﺩﻧﮐ,1480
599,7,ﻪﻧﺎﻧﺯ,ﻪיﺭﺟ ﻲﻠﻋﺍ ﺩﺟﺳﻣ,2715258,ﺭﺎﻫﺩﻧﮐ,1481
599,2,ﻪﻧﺍﺩﺭﻣ,ﻲﻠﻛ ﻱﻭﻟ ﻱﺯ ﺭﺗﺧﺍ,2711225,ﺭﺎﻫﺩﻧﮐ,1482
599,2,ﻪﻧﺍﺩﺭﻣ,ﻪﻣﺭﻳո ﺭﺗ ﺭﻭﻛ ﻻﻻﺎﻏﺍ ﻲﺟﺎﺣ ﺩ,2712264,ﺭﺎﻫﺩﻧﮐ,1483
599,3,ﻪﻧﺍﺩﺭﻣ,یﺩږﻧ ﻪﺗ ﺭﻭﻛ ﻥﺎﻧﻣ ﻲﺟﺎﺣ ﺩ,2715255,ﺭﺎﻫﺩﻧﮐ,1484
599,2,ﻪﻧﺍﺩﺭﻣ,ﺏﺗﻛﻣ ﻭﺗﺑﻭﺍ ﺩ,2715257,ﺭﺎﻫﺩﻧﮐ,1485
599,2,ﻪﻧﺍﺩﺭﻣ,טﻧոﺭﺗ ﺭﻭﻛ ﷲ ﻊﻔﺳ ﺩ,2706091,ﺭﺎﻫﺩﻧﮐ,1486
600,2,ﻪﻧﺍﺩﺭﻣ,ﺕﻭﮐ یﺭﺑ ﻪﺳﻳﻟ,1515105,ﺎﻫﺭﻧﮐ,1487
600,4,ﻪﻧﺎﻧﺯ,ﺕﻭﮐ یﺭﺑ ﻪﺳﻳﻟ,1515105,ﺎﻫﺭﻧﮐ,1488
600,5,ﻪﻧﺎﻧﺯ,ﺕﻭﮐ یﺭﺑ ﻪﺳﻳﻟ,1515105,ﺎﻫﺭﻧﮐ,1489
600,4,ﻪﻧﺎﻧﺯ,ﯽﻟﺍﻭﺳﻟﻭ ﺭﻳﻣﻌﺗ,1506064,ﺎﻫﺭﻧﮐ,1490
600,4,ﻪﻧﺎﻧﺯ,ﷲ ﺽﻳﻓ ﺏﺗﮑﻣ,1509092,ﺎﻫﺭﻧﮐ,1491
600,2,ﻪﻧﺍﺩﺭﻣ,ﻪﻳﺭﻗ ﻪﺳﺭﺩﻣ,1507026,ﺎﻫﺭﻧﮐ,1492
600,2,ﻪﻧﺍﺩﺭﻣ,ﻪﻳﺭﻗ ﺩﺟﺳﻣ,1507019,ﺎﻫﺭﻧﮐ,1493
600,3,ﻪﻧﺎﻧﺯ,ﻪﻳﺭﻗ ﻪﺳﺭﺩﻣ,1507030,ﺎﻫﺭﻧﮐ,1494
600,1,ﻪﻧﺍﺩﺭﻣ,ﻪﻳﺭﻗ ﺩﺟﺳﻣ,1507028,ﺎﻫﺭﻧﮐ,1495
600,3,ﻪﻧﺎﻧﺯ,ﻪﻁﺳﻭﺗﻣ ﺏﺗﮑﻣ,1510102,ﺎﻫﺭﻧﮐ,1496
600,5,ﻪﻧﺍﺩﺭﻣ,ﻪﻟﺎﻫﺭﮐ ﻪﻳﺭﻗ ﻪﻁﺳﻭﺗﻣ,1501004,ﺎﻫﺭﻧﮐ,1497
600,1,ﻪﻧﺍﺩﺭﻣ,ﻪﻳﺭﻗ ﺩﺟﺳﻣ,1507022,ﺎﻫﺭﻧﮐ,1498
600,3,ﻪﻧﺎﻧﺯ,ﯽﮑﺗﻭﮐ ﻪﻳﺭﻗ ﺩﺟﺳﻣ,1504035,ﺎﻫﺭﻧﮐ,1499
600,4,ﻪﻧﺎﻧﺯ,ﯽﮑﺗﻭﮐ ﻪﻳﺭﻗ ﺩﺟﺳﻣ,1504035,ﺎﻫﺭﻧﮐ,1500
600,5,ﻪﻧﺎﻧﺯ,ﻪﻳﺭﻗ ﺩﺟﺳﻣ,1510103,ﺎﻫﺭﻧﮐ,1501
600,3,ﻪﻧﺍﺩﺭﻣ,ﺩﺟﺳﻣ ﯽﻠﮐ ﻡﺎךﻧﺍﺩﺭﻟ,1512050,ﺎﻫﺭﻧﮐ,1502
600,4,ﻪﻧﺎﻧﺯ,ﻪﻳﺋﺍﺩﺗﺑﺍ ﺏﺗﮑﻣ,1506065,ﺎﻫﺭﻧﮐ,1503
600,1,ﻪﻧﺍﺩﺭﻣ,ﺩﺟﺳﻣ,1510121,ﺎﻫﺭﻧﮐ,1504
600,6,ﻪﻧﺎﻧﺯ,ﺩﺎﺑﺁﻭﻧ ﻪﻳﺭﻗ ﻪﺳﺭﺩﻣ,1501005,ﺎﻫﺭﻧﮐ,1505
600,5,ﻪﻧﺎﻧﺯ,ﻪﻳﺋﺍﺩﺗﺑﺍ ﺏﺗﮑﻣ,1501010,ﺎﻫﺭﻧﮐ,1506
600,4,ﻪﻧﺍﺩﺭﻣ,ﻪﻳﺋﺍﺩﺗﺑﺍ ﺏﺗﮑﻣ,1506063,ﺎﻫﺭﻧﮐ,1507
600,5,ﻪﻧﺎﻧﺯ,ﻪﻳﺋﺍﺩﺗﺑﺍ ﺏﺗﮑﻣ,1506063,ﺎﻫﺭﻧﮐ,1508
600,1,ﻪﻧﺍﺩﺭﻣ,ﻪﻳﺋﺍﺩﺗﺑﺍ ﺏﺗﮑﻣ,1515104,ﺎﻫﺭﻧﮐ,1509
600,5,ﻪﻧﺎﻧﺯ,ﻪﻳﺋﺍﺩﺗﺑﺍ ﺏﺗﮑﻣ,1515104,ﺎﻫﺭﻧﮐ,1510
600,4,ﻪﻧﺍﺩﺭﻣ,ﻪﻳﺋﺍﺩﺗﺑﺍ ﺏﺗﮑﻣ,1513070,ﺎﻫﺭﻧﮐ,1511
600,2,ﻪﻧﺍﺩﺭﻣ,ﻪﻳﺭﻗ ﻪﺳﺭﺩﻣ,1507029,ﺎﻫﺭﻧﮐ,1512
600,4,ﻪﻧﺎﻧﺯ,ﻪﻳﺭﻗﺩﺟﺳﻣ,1502048,ﺎﻫﺭﻧﮐ,1513
599,1,ﻪﻧﺍﺩﺭﻣ,טﻧﺭﻧ ﺭﺑ ﻪﺳﻳﻟ,1504037,ﺎﻫﺭﻧﮐ,1514
599,1,ﻪﻧﺍﺩﺭﻣ,ﺕﻭﮐ یﺭﺑ ﻪﺳﻳﻟ,1515105,ﺎﻫﺭﻧﮐ,1515
599,5,ﻪﻧﺎﻧﺯ,ﯽﻟﺍﻭﺳﻟﻭ ﺭﻳﻣﻌﺗ,1506064,ﺎﻫﺭﻧﮐ,1516
599,2,ﻪﻧﺍﺩﺭﻣ,ﻪﻳﺭﻗ ﺩﺟﺳﻣ,1510099,ﺎﻫﺭﻧﮐ,1517
599,3,ﻪﻧﺎﻧﺯ,ﻪﻳﺭﻗ ﻪﺳﺭﺩﻣ,1507026,ﺎﻫﺭﻧﮐ,1518
599,3,ﻪﻧﺎﻧﺯ,ﻪﻳﺭﻗ ﺩﺟﺳﻣ,1507028,ﺎﻫﺭﻧﮐ,1519
599,4,ﻪﻧﺎﻧﺯ,ړﻧﮐ ﺹﺎﺧ ﻪﺳﻳﻟ,1510096,ﺎﻫﺭﻧﮐ,1520
599,4,ﻪﻧﺎﻧﺯ,ﻪﻁﺳﻭﺗﻣ ﺏﺗﮑﻣ,1510102,ﺎﻫﺭﻧﮐ,1521
599,2,ﻪﻧﺍﺩﺭﻣ,ﻪﻳﺭﻗ ﺩﺟﺳﻣ,1507022,ﺎﻫﺭﻧﮐ,1522
599,5,ﻪﻧﺎﻧﺯ,ﻪﻳﺋﺍﺩﺗﺑﺍ ﺏﺗﮑﻣ,1506065,ﺎﻫﺭﻧﮐ,1523
599,4,ﻪﻧﺎﻧﺯ,ﮏﻳﻧﻳﻠﮐ,1515107,ﺎﻫﺭﻧﮐ,1524
599,4,ﻪﻧﺎﻧﺯ,یﺭﺎﻧ ﻪﺳﻳﻟ,1515106,ﺎﻫﺭﻧﮐ,1525
599,3,ﻪﻧﺎﻧﺯ,ﻪﻳﺋﺍﺩﺗﺑﺍ ﺏﺗﮑﻣ,1504033,ﺎﻫﺭﻧﮐ,1526
599,1,ﻪﻧﺍﺩﺭﻣ,ﯽﭼﻣﻗ ﻪﺳﻳﻟ,1503013,ﺎﻫﺭﻧﮐ,1527
599,1,ﻪﻧﺍﺩﺭﻣ,ﻪﻳﺋﺍﺩﺗﺑﺍ ﺏﺗﮑﻣ,1506067,ﺎﻫﺭﻧﮐ,1528
599,3,ﻪﻧﺎﻧﺯ,ﻪﻳﺭﻗﺩﺟﺳﻣ,1502048,ﺎﻫﺭﻧﮐ,1529
599,4,ﻪﻧﺎﻧﺯ,ﻪﻳﺭﻗ ﺩﺟﺳﻣ,1509094,ﺎﻫﺭﻧﮐ,1530
600,5,ﻪﻧﺎﻧﺯ,ﯽըﻧﻭﻭ֢ ﻭﻳ ﻣﻠﭼ ﺩ,701013,ﻥﺎﻣﻐﻟ,1531
600,3,ﻪﻧﺍﺩﺭﻣ,ﯽըﻧﻭﻭ֢ﻭﻧﻭﺟﻧﺩﻭﺍ ﻪﺳﭔﻟ ﺩﻣﺣﻣﺭﭔﺷﺭﻳﻧﺟﻧﺍﺩ,704062,ﻥﺎﻣﻐﻟ,1532
600,3,ﻪﻧﺎﻧﺯ,ﺕﺎﻣﻭﺟ ﻭﻧﺎﻳﭼﻭﮐ ﺩ ﻭﻳﺯﺩﻣﺣﺍ ﺩ ﻱﺭﭔﺑﻣי ﺩ,702051,ﻥﺎﻣﻐﻟ,1533
600,1,ﻪﻧﺍﺩﺭﻣ,ﯽըﻧﻭﻭ֢ﻭﺍ ﺕﺎﻣﻭﺟ ﻲﻠﮐﺩ ﻥﻳﻣי ﺩ,701005,ﻥﺎﻣﻐﻟ,1534
600,2,ﻪﻧﺍﺩﺭﻣ,ﺕﺎﻣﻭﺟ ېﺩﻧﮐ ﺩ,704055,ﻥﺎﻣﻐﻟ,1535
600,1,ﻪﻧﺍﺩﺭﻣ,ﻥﻭﺗﻏﻭﺭ ﯥﻣﺎﻋ ﺕﺣﺻ ﺩ,701004,ﻥﺎﻣﻐﻟ,1536
600,7,ﻪﻧﺍﺩﺭﻣ,ﻥﻭﺗﻏﻭﺭ ﯥﻣﺎﻋ ﺕﺣﺻ ﺩ,701004,ﻥﺎﻣﻐﻟ,1537
600,14,ﻪﻧﺍﺩﺭﻣ,ﻪﺳﭔﻟ ﻥﺎ֢ﻭﺭ,701001,ﻥﺎﻣﻐﻟ,1538
599,4,ﻪﻧﺎﻧﺯ,ﯽըﻧﻭﻭ֢ ﺕﺭﺎﻳﺯ ﻩﺩ ﺩ,701026,ﻥﺎﻣﻐﻟ,1539
599,4,ﻪﻧﺎﻧﺯ,ﺕﺎﻣﻭﺟ ﻲﻠﮐ ﺩ ﻭﻠﭔﺧﻧﺎﻣﺭﻓ ﺩ,702042,ﻥﺎﻣﻐﻟ,1540
599,2,ﻪﻧﺍﺩﺭﻣ,ﺕﺎﻣﻭﺟ ﻼﮐ ﺎﭼﺎﭘ ﺩ,702037,ﻥﺎﻣﻐﻟ,1541
600,1,ﻪﻧﺍﺩﺭﻣ,ﺭﺑﺑ ﺏﺗﮑﻣ,507081,ﺭﮔﻭﻟ,1542
600,5,ﻪﻧﺎﻧﺯ,ﺭﺑﺑ ﺏﺗﮑﻣ,507081,ﺭﮔﻭﻟ,1543
600,5,ﻪﻧﺍﺩﺭﻣ,ﻰؕﻭﭼ ﺏﺗﮑﻣ,501014,ﺭﮔﻭﻟ,1544
600,10,ﻪﻧﺎﻧﺯ,ﺍﺭﺗﻭﭼ ﺏﺗﮑﻣ,507075,ﺭﮔﻭﻟ,1545
600,5,ﻪﻧﺎﻧﺯ,کﺭﺎﺻﺣ ﻪﻁﺳﻭﺗﻣ ﺏﺗﮑﻣ,501007,ﺭﮔﻭﻟ,1546
600,9,ﻪﻧﺎﻧﺯ,کﺭﺎﺻﺣ ﻪﻁﺳﻭﺗﻣ ﺏﺗﮑﻣ,501007,ﺭﮔﻭﻟ,1547
600,2,ﻪﻧﺍﺩﺭﻣ,ﻥﻳﺭﺟﺎﻬﻣ کﺭﻬﺷ ﮏﻳﻧﻳﻠﮐ,501019,ﺭﮔﻭﻟ,1548
600,3,ﻪﻧﺍﺩﺭﻣ,ﻥﻳﺭﺟﺎﻬﻣ کﺭﻬﺷ ﮏﻳﻧﻳﻠﮐ,501019,ﺭﮔﻭﻟ,1549
599,4,ﻪﻧﺎﻧﺯ,ﺭﺑﺑ ﺏﺗﮑﻣ,507081,ﺭﮔﻭﻟ,1550
599,1,ﻪﻧﺍﺩﺭﻣ,ﯽﺧﺭﭼ ﺏﻭﻘﻌﻳ ﺎﻧﻻﻭﻣ ﺏﺗﮑﻣ,503043,ﺭﮔﻭﻟ,1551
599,3,ﻪﻧﺎﻧﺯ,ﻝﻳﺧ ﻝﻐﻣ ﺙﺎﻧﺍ ﺏﺗﮑﻣ,505063,ﺭﮔﻭﻟ,1552
599,5,ﻪﻧﺎﻧﺯ,ﻝﻳﺧ ﻝﻐﻣ ﺙﺎﻧﺍ ﺏﺗﮑﻣ,505063,ﺭﮔﻭﻟ,1553
599,5,ﻪﻧﺍﺩﺭﻣ,ﻥﺎﺧ ﯽﺳﻭﻣ ﺏﺗﮑﻣ,507078,ﺭﮔﻭﻟ,1554
599,2,ﻪﻧﺍﺩﺭﻣ,ﻪﻌﻠﻗ ﻝי ﻥﻳﺷ,504048,ﺭﮔﻭﻟ,1555
600,3,ﻪﻧﺎﻧﺯ,(ﻪﭼﻏﺎﺑ) ﻩﺭﻳﺩ ﻪﻣﺎﻋ,604116,ﺭﺎﻫﺭﮕﻧﻧ,1556
600,2,ﻪﻧﺎﻧﺯ,ﺕﺎﻣﻭﺟ ﻥﻳﭘﺳ ﯽﻠﮐ ﻥﺎﻣﺍﺩ,617462,ﺭﺎﻫﺭﮕﻧﻧ,1557
600,3,ﻪﻧﺎﻧﺯ,ﮏﻳﻧﻳﻠﮐ ﻝﻳﺧﺭﻣﺍ,603088,ﺭﺎﻫﺭﮕﻧﻧ,1558
600,2,ﻪﻧﺍﺩﺭﻣ,ټﻭﮐ ﻪﺑﻣﺑ ﺕﺎﻣﻭﺟ,612223,ﺭﺎﻫﺭﮕﻧﻧ,1559
600,1,ﻪﻧﺍﺩﺭﻣ,ﺏﺗﮑﻣ ﻭډﻧﺎﺑ,604122,ﺭﺎﻫﺭﮕﻧﻧ,1560
600,1,ﻪﻧﺍﺩﺭﻣ,ﺏﺗﮑﻣ ﻪﺳﻳﻟ ﺭﺎﻬﺑ ﺭﺑ,608285,ﺭﺎﻫﺭﮕﻧﻧ,1561
600,2,ﻪﻧﺍﺩﺭﻣ,ﺏﺗﮑﻣ ﻪﺳﻳﻟ ﺭﺎﻬﺑ ﺭﺑ,608285,ﺭﺎﻫﺭﮕﻧﻧ,1562
600,3,ﻪﻧﺎﻧﺯ,ﺏﺗﮑﻣ ﻪﺳﻳﻟ ﺭﺎﻬﺑ ﺭﺑ,608285,ﺭﺎﻫﺭﮕﻧﻧ,1563
600,1,ﻪﻧﺍﺩﺭﻣ,ﻥﺍﺩﻳﻣ ﺭﺎﻬﺑﺭﺑ,608286,ﺭﺎﻫﺭﮕﻧﻧ,1564
600,2,ﻪﻧﺍﺩﺭﻣ,ﻥﺍﺩﻳﻣ ﺭﺎﻬﺑﺭﺑ,608286,ﺭﺎﻫﺭﮕﻧﻧ,1565
600,1,ﻪﻧﺍﺩﺭﻣ,ﺩﺟﺳﻣ ﯽﻠﮐﺭﺑ,612217,ﺭﺎﻫﺭﮕﻧﻧ,1566
600,1,ﻪﻧﺎﻧﺯ,ﻪﺳﺭﺩﻣ ﺕﺭﺎﻳﺯ ﻭﮐﻭړי,615383,ﺭﺎﻫﺭﮕﻧﻧ,1567
600,1,ﻪﻧﺍﺩﺭﻣ,ﺏﺗﮑﻣ ګﺍډ ﻡﻼﻏ,604126,ﺭﺎﻫﺭﮕﻧﻧ,1568
600,2,ﻪﻧﺍﺩﺭﻣ,ﺏﺗﮑﻣ ګﺍډ ﻡﻼﻏ,604126,ﺭﺎﻫﺭﮕﻧﻧ,1569
600,3,ﻪﻧﺎﻧﺯ,ﺏﺗﮑﻣ ګﺍډ ﻡﻼﻏ,604126,ﺭﺎﻫﺭﮕﻧﻧ,1570
600,2,ﻪﻧﺎﻧﺯ,ﮏﻳﻧﻳﻠﮐ ﮏﻳﺭﻭי,606197,ﺭﺎﻫﺭﮕﻧﻧ,1571
600,4,ﻪﻧﺍﺩﺭﻣ,ﺕﺎﻣﻭﺟ ﮏﻳﺭﻭי,606196,ﺭﺎﻫﺭﮕﻧﻧ,1572
600,3,ﻪﻧﺎﻧﺯ,ﻩﺭﻳﺩ ﻩﺎﺷ ﺭﻭﺭﺳ ﻭﺍ ﻥﺳﺣ,612224,ﺭﺎﻫﺭﮕﻧﻧ,1573
600,3,ﻪﻧﺎﻧﺯ,ﯽըﻧﻭﻭ֢ ﯽﻧըﻧﻣ ﯽﻠﮐﺭըﻧﺍ,622521,ﺭﺎﻫﺭﮕﻧﻧ,1574
600,1,ﻪﻧﺍﺩﺭﻣ,ﻪﺳﻳﻟ ﺭﻭﮐﺫ ﻱﺩﺎﻬﺟ,608276,ﺭﺎﻫﺭﮕﻧﻧ,1575
600,2,ﻪﻧﺍﺩﺭﻣ,ﻪﺳﻳﻟ ﺭﻭﮐﺫ ﻱﺩﺎﻬﺟ,608276,ﺭﺎﻫﺭﮕﻧﻧ,1576
600,2,ﻪﻧﺎﻧﺯ,ﻪﺳﻳﻟ ﺙﺎﻧﺍ ﻱﺩﺎﻬﺟ,608277,ﺭﺎﻫﺭﮕﻧﻧ,1577
600,2,ﻪﻧﺍﺩﺭﻣ,ﺕﺎﻣﻭﺟ ﻲﻣﺎﺟ ﺯﻳﺭﺎﮐ,604106,ﺭﺎﻫﺭﮕﻧﻧ,1578
600,2,ﻪﻧﺎﻧﺯ,ﺏﺗﮑﻣ ﻪﻣﻠﻟ,604105,ﺭﺎﻫﺭﮕﻧﻧ,1579
600,2,ﻪﻧﺎﻧﺯ,ﺕﺎﻣﻭﺟ ﮏ  ﻪﻣﻟ,612222,ﺭﺎﻫﺭﮕﻧﻧ,1580
600,2,ﻪﻧﺍﺩﺭﻣ,ﻪﺳﻳﻟ ﻲﺧﻭﻟ,608288,ﺭﺎﻫﺭﮕﻧﻧ,1581
600,3,ﻪﻧﺍﺩﺭﻣ,ﻪﺳﻳﻟ ﻭؕﺎﻣ,604110,ﺭﺎﻫﺭﮕﻧﻧ,1582
600,1,ﻪﻧﺎﻧﺯ,ﺭﻭﮐ ﻲﻧﻏ ﻡﻠﻌﻣ ﺭﺍﻭﺟ,614497,ﺭﺎﻫﺭﮕﻧﻧ,1583
600,3,ﻪﻧﺍﺩﺭﻣ,ﮏﻳﻧﻳﻠﮐ ﻝﻳﺧﺎﻣﺎﻣ,619244,ﺭﺎﻫﺭﮕﻧﻧ,1584
600,1,ﻪﻧﺍﺩﺭﻣ,ﺕﺎﻣﻭﺟ ﻊﻣﺎﺟ,604111,ﺭﺎﻫﺭﮕﻧﻧ,1585
600,1,ﻪﻧﺍﺩﺭﻣ,ﺕﺎﻣﻭﺟ ﺏﺣﺎﺻ ﻼﻣ,604120,ﺭﺎﻫﺭﮕﻧﻧ,1586
600,2,ﻪﻧﺍﺩﺭﻣ,ﺕﺎﻣﻭﺟ ﺏﺣﺎﺻ ﻼﻣ,604120,ﺭﺎﻫﺭﮕﻧﻧ,1587
600,1,ﻪﻧﺍﺩﺭﻣ,ﻥﺍﺩﻳﻣ کﺭﺩﻭﺍ,612236,ﺭﺎﻫﺭﮕﻧﻧ,1588
600,2,ﻪﻧﺍﺩﺭﻣ,ﻥﺍﺩﻳﻣ ﯽﻟﺎﺧ ﻭﮐﻭړﮐ,615382,ﺭﺎﻫﺭﮕﻧﻧ,1589
600,1,ﻪﻧﺎﻧﺯ,ﻪﻣﻳﺧ,614499,ﺭﺎﻫﺭﮕﻧﻧ,1590
600,2,ﻪﻧﺎﻧﺯ,ﻪﻣﻳﺧ,614499,ﺭﺎﻫﺭﮕﻧﻧ,1591
600,3,ﻪﻧﺎﻧﺯ,ﺏﺗﮑﻣ ﻪﻏﺍﺭ,621262,ﺭﺎﻫﺭﮕﻧﻧ,1592
600,1,ﻪﻧﺍﺩﺭﻣ,ﺕﺎﻣﻭﺟ کﻼﮐﺭﺳ,612228,ﺭﺎﻫﺭﮕﻧﻧ,1593
600,2,ﻪﻧﺎﻧﺯ,ﺕﺎﻣﻭﺟ کﻼﮐﺭﺳ,612228,ﺭﺎﻫﺭﮕﻧﻧ,1594
600,1,ﻪﻧﺍﺩﺭﻣ,ﺏﺗﮑﻣ ﻪﻁﺳﻭﺗﻣ,604108,ﺭﺎﻫﺭﮕﻧﻧ,1595
600,2,ﻪﻧﺍﺩﺭﻣ,ﺏﺗﮑﻣ ﻪﻁﺳﻭﺗﻣ,604108,ﺭﺎﻫﺭﮕﻧﻧ,1596
600,2,ﻪﻧﺍﺩﺭﻣ,ﻩﺭﻳﺩ ﻲךﺷ,622416,ﺭﺎﻫﺭﮕﻧﻧ,1597
600,2,ﻪﻧﺍﺩﺭﻣ,ﻥﺍﺩﻳﻣ ﻻﻻﺎﺷ,614496,ﺭﺎﻫﺭﮕﻧﻧ,1598
600,2,ﻪﻧﺎﻧﺯ,ﺕﺎﻣﻭﺟ ﺭךﻟﻭﺷ,622419,ﺭﺎﻫﺭﮕﻧﻧ,1599
600,1,ﻪﻧﺍﺩﺭﻣ,ﯽըﻧﻭﻭ֢ﺭךﻟﻭﺷ,622418,ﺭﺎﻫﺭﮕﻧﻧ,1600
600,2,ﻪﻧﺍﺩﺭﻣ,ﯽըﻧﻭﻭ֢ﺭךﻟﻭﺷ,622418,ﺭﺎﻫﺭﮕﻧﻧ,1601
600,3,ﻪﻧﺍﺩﺭﻣ,ﯽըﻧﻭﻭ֢ﺭךﻟﻭﺷ,622418,ﺭﺎﻫﺭﮕﻧﻧ,1602
600,1,ﻪﻧﺍﺩﺭﻣ,ﺕﺎﻣﻭﺟ ﻲﺑﻭﺳ,622415,ﺭﺎﻫﺭﮕﻧﻧ,1603
600,2,ﻪﻧﺍﺩﺭﻣ,ﺕﺎﻣﻭﺟ ﻲﺑﻭﺳ,622415,ﺭﺎﻫﺭﮕﻧﻧ,1604
600,3,ﻪﻧﺎﻧﺯ,ﺕﺎﻣﻭﺟ ﻲﺑﻭﺳ,622415,ﺭﺎﻫﺭﮕﻧﻧ,1605
600,1,ﻪﻧﺍﺩﺭﻣ,سﺑﻭոո ﺏﺗﮑﻣ,622417,ﺭﺎﻫﺭﮕﻧﻧ,1606
600,1,ﻪﻧﺍﺩﺭﻣ,ﯽըﻧﻭﻭ֢ ﯽﻧըﻧﻣ ﻪ י ﻩﺭﺳ,622412,ﺭﺎﻫﺭﮕﻧﻧ,1607
600,4,ﻪﻧﺎﻧﺯ,ﯽըﻧﻭﻭ֢ ﯽﻧըﻧﻣ ﻪ י ﻩﺭﺳ,622412,ﺭﺎﻫﺭﮕﻧﻧ,1608
600,1,ﻪﻧﺍﺩﺭﻣ,ﺏﺗﮑﻣ ﻲﻠﻳ ﺭﺗ,604112,ﺭﺎﻫﺭﮕﻧﻧ,1609
600,2,ﻪﻧﺍﺩﺭﻣ,ﺏﺗﮑﻣ ﻲﻠﻳ ﺭﺗ,604112,ﺭﺎﻫﺭﮕﻧﻧ,1610
600,3,ﻪﻧﺎﻧﺯ,ﺏﺗﮑﻣ ﻲﻠﻳ ﺭﺗ,604112,ﺭﺎﻫﺭﮕﻧﻧ,1611
600,2,ﻪﻧﺎﻧﺯ,ﺏﺗﮑﻣ ﻥﺍﺭﺗﻭ,612232,ﺭﺎﻫﺭﮕﻧﻧ,1612
600,1,ﻪﻧﺎﻧﺯ,ﺕﺎﻣﻭﺟ ﻲﻠﮐﻭﻏﺯ,604109,ﺭﺎﻫﺭﮕﻧﻧ,1613
600,2,ﻪﻧﺎﻧﺯ,ﺕﺎﻣﻭﺟ ﻲﻠﮐﻭﻏﺯ,604109,ﺭﺎﻫﺭﮕﻧﻧ,1614
600,1,ﻪﻧﺍﺩﺭﻣ,ﺩﺟﺳﻣ ﻲﻠﮐ ﺕﺭﺎﻳﺯ,622413,ﺭﺎﻫﺭﮕﻧﻧ,1615
600,2,ﻪﻧﺍﺩﺭﻣ,ﺩﺟﺳﻣ ﻲﻠﮐ ﺕﺭﺎﻳﺯ,622413,ﺭﺎﻫﺭﮕﻧﻧ,1616
600,3,ﻪﻧﺍﺩﺭﻣ,ﺩﺟﺳﻣ ﻲﻠﮐ ﺕﺭﺎﻳﺯ,622413,ﺭﺎﻫﺭﮕﻧﻧ,1617
600,5,ﻪﻧﺎﻧﺯ,ﺩﺟﺳﻣ ﻲﻠﮐ ﺕﺭﺎﻳﺯ,622413,ﺭﺎﻫﺭﮕﻧﻧ,1618
599,1,ﻪﻧﺍﺩﺭﻣ,ﺕﺎﻣﻭﺟ ﻥﻣﻳﺭﺍ,612233,ﺭﺎﻫﺭﮕﻧﻧ,1619
599,1,ﻪﻧﺍﺩﺭﻣ,ټﻭﮐ ﻪﺑﻣﺑ ﺕﺎﻣﻭﺟ,612223,ﺭﺎﻫﺭﮕﻧﻧ,1620
599,3,ﻪﻧﺎﻧﺯ,ټﻭﮐ ﻪﺑﻣﺑ ﺕﺎﻣﻭﺟ,612223,ﺭﺎﻫﺭﮕﻧﻧ,1621
599,1,ﻪﻧﺍﺩﺭﻣ,ﺏﺗﮑﻣ ټﻭﮐﺭﺑ,612226,ﺭﺎﻫﺭﮕﻧﻧ,1622
599,2,ﻪﻧﺍﺩﺭﻣ,ﺏﺗﮑﻣ ﻭﻧﻭﺟﻧﺍ س  ﻩﺭי,609442,ﺭﺎﻫﺭﮕﻧﻧ,1623
599,2,ﻪﻧﺍﺩﺭﻣ,ﯽըﻧﻭﻭ֢ ﯽﻧըﻧﻣ ﻭﻧﻭﺟﻧﺍ ﺩ,612216,ﺭﺎﻫﺭﮕﻧﻧ,1624
599,1,ﻪﻧﺍﺩﺭﻣ,ﯽըﻧﻭﻭ֢ ﯽﻧըﻧﻣ ﯽﻠﮐﺭըﻧﺍ,622521,ﺭﺎﻫﺭﮕﻧﻧ,1625
599,2,ﻪﻧﺍﺩﺭﻣ,ﯽըﻧﻭﻭ֢ ﯽﻧըﻧﻣ ﯽﻠﮐﺭըﻧﺍ,622521,ﺭﺎﻫﺭﮕﻧﻧ,1626
599,1,ﻪﻧﺍﺩﺭﻣ,ﺏﺗﮑﻣ ﻪﻣﻠﻟ,604105,ﺭﺎﻫﺭﮕﻧﻧ,1627
599,1,ﻪﻧﺍﺩﺭﻣ,ﺕﺎﻣﻭﺟ ﮏ  ﻪﻣﻟ,612222,ﺭﺎﻫﺭﮕﻧﻧ,1628
599,1,ﻪﻧﺍﺩﺭﻣ,ﺕﺎﻣﻭﺟ ﻲﻠﮐ ﻱﻭﻟ,606186,ﺭﺎﻫﺭﮕﻧﻧ,1629
599,3,ﻪﻧﺍﺩﺭﻣ,ﻥﺍﺩﻳﻣ ﯽﻟﺎﺧ ﻭﮐﻭړﮐ,615382,ﺭﺎﻫﺭﮕﻧﻧ,1630
599,3,ﻪﻧﺎﻧﺯ,ﮏﻳﻧﻠﮐ ﻱﺍﺭﺳﺭךﻧﺳ,605158,ﺭﺎﻫﺭﮕﻧﻧ,1631
599,1,ﻪﻧﺍﺩﺭﻣ,ﻥﺍﺩﻳﻣ ﻝﻭﻣﻳﺷ,612229,ﺭﺎﻫﺭﮕﻧﻧ,1632
599,1,ﻪﻧﺍﺩﺭﻣ,کﺍﺩ ﻭډﻧﮐﺭﻭﺳ,622414,ﺭﺎﻫﺭﮕﻧﻧ,1633
599,2,ﻪﻧﺍﺩﺭﻣ,سﺑﻭոո ﺏﺗﮑﻣ,622417,ﺭﺎﻫﺭﮕﻧﻧ,1634
599,3,ﻪﻧﺎﻧﺯ,سﺑﻭոո ﺏﺗﮑﻣ,622417,ﺭﺎﻫﺭﮕﻧﻧ,1635
599,2,ﻪﻧﺍﺩﺭﻣ,ﺕﺎﻣﻭﺟ ﻥﺗﻭﺳ,612235,ﺭﺎﻫﺭﮕﻧﻧ,1636
599,3,ﻪﻧﺍﺩﺭﻣ,ﺕﺎﻣﻭﺟ ﻥﺗﻭﺳ,612235,ﺭﺎﻫﺭﮕﻧﻧ,1637
599,2,ﻪﻧﺎﻧﺯ,ﺕﺎﻣﻭﺟ ړﻭﺧ ﻥﻳﭘﺳ,609461,ﺭﺎﻫﺭﮕﻧﻧ,1638
599,1,ﻪﻧﺍﺩﺭﻣ,ﻪﺳﻳﻟ ﻭﺗ ﻭﺗ,619238,ﺭﺎﻫﺭﮕﻧﻧ,1639
599,2,ﻪﻧﺍﺩﺭﻣ,ﻥﺍﺩﻳﻣ ﻝךﻳﺍﻭ,612230,ﺭﺎﻫﺭﮕﻧﻧ,1640
600,1,ﻪﻧﺍﺩﺭﻣ,ﯽﺳﻓﺍ ﻪﻳﺭﻗ ﮏﻠﻣ ﻪﻧﺎﺧ ﮏﻳﺩﺯﻧ,1608071,ﻥﺎﺗﺳﺭﻭﻧ,1641
600,2,ﻪﻧﺍﺩﺭﻣ,ﯽﺳﻓﺍ ﻪﻳﺭﻗ ﮏﻠﻣ ﻪﻧﺎﺧ ﮏﻳﺩﺯﻧ,1608071,ﻥﺎﺗﺳﺭﻭﻧ,1642
600,1,ﻪﻧﺍﺩﺭﻣ,ﯽﺗﺎﻧﺍ ﻪﻳﺭﻗ ﺩﺟﺳﻣ,1608068,ﻥﺎﺗﺳﺭﻭﻧ,1643
600,2,ﻪﻧﺍﺩﺭﻣ,ﯽﺗﺎﻧﺍ ﻪﻳﺭﻗ ﺩﺟﺳﻣ,1608068,ﻥﺎﺗﺳﺭﻭﻧ,1644
600,3,ﻪﻧﺍﺩﺭﻣ,ﯽﺗﺎﻧﺍ ﻪﻳﺭﻗ ﺩﺟﺳﻣ,1608068,ﻥﺎﺗﺳﺭﻭﻧ,1645
600,4,ﻪﻧﺎﻧﺯ,ﯽﺗﺎﻧﺍ ﻪﻳﺭﻗ ﺩﺟﺳﻣ,1608068,ﻥﺎﺗﺳﺭﻭﻧ,1646
600,5,ﻪﻧﺎﻧﺯ,ﯽﺗﺎﻧﺍ ﻪﻳﺭﻗ ﺩﺟﺳﻣ,1608068,ﻥﺎﺗﺳﺭﻭﻧ,1647
600,3,ﻪﻧﺍﺩﺭﻣ,ﻭؕﭼﺭﺍ ﻪﻳﺭﻗ ﺩﺟﺳﻣ ﻊﻣﺎﺟ,1603040,ﻥﺎﺗﺳﺭﻭﻧ,1648
600,2,ﻪﻧﺍﺩﺭﻣ,ﺏﺭﻏ ﻝﺎﺗﻣ گﺭﺑ ﻪﻳﺭﻗ ﺏﺗﮑﻣ,1608066,ﻥﺎﺗﺳﺭﻭﻧ,1649
600,6,ﻪﻧﺎﻧﺯ,ﺏﺭﻏ ﻝﺎﺗﻣ گﺭﺑ ﻪﻳﺭﻗ ﺏﺗﮑﻣ,1608066,ﻥﺎﺗﺳﺭﻭﻧ,1650
600,7,ﻪﻧﺎﻧﺯ,ﺏﺭﻏ ﻝﺎﺗﻣ گﺭﺑ ﻪﻳﺭﻗ ﺏﺗﮑﻣ,1608066,ﻥﺎﺗﺳﺭﻭﻧ,1651
600,1,ﻪﻧﺍﺩﺭﻣ,ﯽﻟﻭﺑ ﺩﺟﺳﻣ,1603075,ﻥﺎﺗﺳﺭﻭﻧ,1652
600,2,ﻪﻧﺎﻧﺯ,ﯽﻟﻭﺑ ﺩﺟﺳﻣ,1603075,ﻥﺎﺗﺳﺭﻭﻧ,1653
600,3,ﻪﻧﺍﺩﺭﻣ,ﯽﻟﻭﺑ ﺩﺟﺳﻣ,1603075,ﻥﺎﺗﺳﺭﻭﻧ,1654
600,1,ﻪﻧﺍﺩﺭﻣ,ﺏﺁﻭﺩ ﯽﻟﺎﻋ ﻪﺳﻳﻟ,1605020,ﻥﺎﺗﺳﺭﻭﻧ,1655
600,3,ﻪﻧﺎﻧﺯ,ﺏﺁﻭﺩ ﯽﻟﺎﻋ ﻪﺳﻳﻟ,1605020,ﻥﺎﺗﺳﺭﻭﻧ,1656
600,1,ﻪﻧﺍﺩﺭﻣ,ﻝﺎﺷ کﻭﻠﺟﻧי,1608070,ﻥﺎﺗﺳﺭﻭﻧ,1657
600,2,ﻪﻧﺍﺩﺭﻣ,ﻝﺎﺷ کﻭﻠﺟﻧי,1608070,ﻥﺎﺗﺳﺭﻭﻧ,1658
600,1,ﻪﻧﺍﺩﺭﻣ,ﻝךﻣﺎﮐ ﻊﻣﺎﺟ ﺩﺟﺳﻣ,1603043,ﻥﺎﺗﺳﺭﻭﻧ,1659
600,3,ﻪﻧﺎﻧﺯ,ﻝךﻣﺎﮐ ﻊﻣﺎﺟ ﺩﺟﺳﻣ,1603043,ﻥﺎﺗﺳﺭﻭﻧ,1660
600,3,ﻪﻧﺎﻧﺯ,ﺵﻳﺩﻣﺎﮐ ﻪﻳﺭﻗ ﺏﺗﮑﻣ,1606073,ﻥﺎﺗﺳﺭﻭﻧ,1661
600,3,ﻪﻧﺍﺩﺭﻣ,ﺩﺎﺑﺁ ﺯﻭﻣﺎﮐ ﺏﺗﮑﻣ,1606074,ﻥﺎﺗﺳﺭﻭﻧ,1662
600,1,ﻪﻧﺍﺩﺭﻣ,ﯽﻠﻔﺳ ﺍﻭﺗﻧﺎﮐ ﻪﻳﺭﻗ ﻊﻣﺎﺟ ﺩﺟﺳﻣ,1601003,ﻥﺎﺗﺳﺭﻭﻧ,1663
600,2,ﻪﻧﺍﺩﺭﻣ,ﯽﻠﻔﺳ ﺍﻭﺗﻧﺎﮐ ﻪﻳﺭﻗ ﻊﻣﺎﺟ ﺩﺟﺳﻣ,1601003,ﻥﺎﺗﺳﺭﻭﻧ,1664
600,3,ﻪﻧﺎﻧﺯ,ﯽﻠﻔﺳ ﺍﻭﺗﻧﺎﮐ ﻪﻳﺭﻗ ﻊﻣﺎﺟ ﺩﺟﺳﻣ,1601003,ﻥﺎﺗﺳﺭﻭﻧ,1665
600,3,ﻪﻧﺎﻧﺯ,ﯽﮑﺗﺷﮐ ﺭﻭﮐﺫ ﻪﻳﺋﺍﺩﺗﺑﺍ ﺏﺗﮑﻣ,1601005,ﻥﺎﺗﺳﺭﻭﻧ,1666
600,2,ﻪﻧﺍﺩﺭﻣ,ﻥﺗﻠﮐ ﺏﺗﮑﻣ,1604018,ﻥﺎﺗﺳﺭﻭﻧ,1667
600,1,ﻪﻧﺍﺩﺭﻣ,ﻝי ﺭﻭﮐ ﻪﻁﺳﻭﺗﻣ ﺏﺗﮑﻣ,1605025,ﻥﺎﺗﺳﺭﻭﻧ,1668
600,2,ﻪﻧﺎﻧﺯ,ﻝי ﺭﻭﮐ ﻪﻁﺳﻭﺗﻣ ﺏﺗﮑﻣ,1605025,ﻥﺎﺗﺳﺭﻭﻧ,1669
600,1,ﻪﻧﺍﺩﺭﻣ,ﺭﺩﺭﻭﮐ ﻪﻳﺭﻗ ﺏﺗﮑﻣ,1603041,ﻥﺎﺗﺳﺭﻭﻧ,1670
600,4,ﻪﻧﺍﺩﺭﻣ,ﺭﺩﺭﻭﮐ ﻪﻳﺭﻗ ﺏﺗﮑﻣ,1603041,ﻥﺎﺗﺳﺭﻭﻧ,1671
600,5,ﻪﻧﺎﻧﺯ,ﺭﺩﺭﻭﮐ ﻪﻳﺭﻗ ﺏﺗﮑﻣ,1603041,ﻥﺎﺗﺳﺭﻭﻧ,1672
600,6,ﻪﻧﺎﻧﺯ,ﺭﺩﺭﻭﮐ ﻪﻳﺭﻗ ﺏﺗﮑﻣ,1603041,ﻥﺎﺗﺳﺭﻭﻧ,1673
600,1,ﻪﻧﺍﺩﺭﻣ,ﺕﺷﻭﮐ ﻪﻳﺋﺍﺩﺗﺑﺍ ﺏﺗﮑﻣ,1601009,ﻥﺎﺗﺳﺭﻭﻧ,1674
600,1,ﻪﻧﺍﺩﺭﻣ,کﻭﺷﻣﻭ ﮏﻠﻣ,1604017,ﻥﺎﺗﺳﺭﻭﻧ,1675
600,2,ﻪﻧﺍﺩﺭﻣ,کﻭﺷﻣﻭ ﮏﻠﻣ,1604017,ﻥﺎﺗﺳﺭﻭﻧ,1676
600,1,ﻪﻧﺍﺩﺭﻣ,ﻡﻭﻣ ﻪﻳﺭﻗ ﻊﻣﺎﺟ ﺩﺟﺳﻣ,1601010,ﻥﺎﺗﺳﺭﻭﻧ,1677
600,2,ﻪﻧﺍﺩﺭﻣ,ﻡﻭﻣ ﻪﻳﺭﻗ ﻊﻣﺎﺟ ﺩﺟﺳﻣ,1601010,ﻥﺎﺗﺳﺭﻭﻧ,1678
600,3,ﻪﻧﺎﻧﺯ,ﻡﻭﻣ ﻪﻳﺭﻗ ﻊﻣﺎﺟ ﺩﺟﺳﻣ,1601010,ﻥﺎﺗﺳﺭﻭﻧ,1679
600,1,ﻪﻧﺍﺩﺭﻣ,ﻡﺍﺭי ﯽﺷﻧ ﺏﺗﮑﻣ,1602032,ﻥﺎﺗﺳﺭﻭﻧ,1680
600,4,ﻪﻧﺎﻧﺯ,ﻡﺍﺭי ﯽﺷﻧ ﺏﺗﮑﻣ,1602032,ﻥﺎﺗﺳﺭﻭﻧ,1681
600,5,ﻪﻧﺍﺩﺭﻣ,ﻡﺍﺭי ﯽﺷﻧ ﺏﺗﮑﻣ,1602032,ﻥﺎﺗﺳﺭﻭﻧ,1682
600,3,ﻪﻧﺎﻧﺯ,ﻥﺎﺗﺳﺭﭘﭘ ﻪﻳﺭﻗ ﻊﻣﺎﺟ ﺩﺟﺳﻣ,1606055,ﻥﺎﺗﺳﺭﻭﻧ,1683
600,4,ﻪﻧﺍﺩﺭﻣ,ﻥﺎﺗﺳﺭﭘﭘ ﻪﻳﺭﻗ ﻊﻣﺎﺟ ﺩﺟﺳﻣ,1606055,ﻥﺎﺗﺳﺭﻭﻧ,1684
600,1,ﻪﻧﺍﺩﺭﻣ,ﻡﺍﺭﮕﻳﺳﭘ ﻪﻳﺭﻗ ﻊﻣﺎﺟ ﺩﺟﺳﻣ,1608069,ﻥﺎﺗﺳﺭﻭﻧ,1685
600,2,ﻪﻧﺎﻧﺯ,ﻡﺍﺭﮕﻳﺳﭘ ﻪﻳﺭﻗ ﻊﻣﺎﺟ ﺩﺟﺳﻣ,1608069,ﻥﺎﺗﺳﺭﻭﻧ,1686
600,1,ﻪﻧﺍﺩﺭﻣ,کﺭﻭﺎﺷﭘ ﻪﻳﺭﻗ ﺏﺗﮑﻣ,1608072,ﻥﺎﺗﺳﺭﻭﻧ,1687
600,4,ﻪﻧﺎﻧﺯ,کﺭﻭﺎﺷﭘ ﻪﻳﺭﻗ ﺏﺗﮑﻣ,1608072,ﻥﺎﺗﺳﺭﻭﻧ,1688
600,1,ﻪﻧﺍﺩﺭﻣ,ﺏﺗﮑﻣ ﻪﻳﺋﺍﺩﺗﺑﺍ ﺯﻧﻭﭘ,1603044,ﻥﺎﺗﺳﺭﻭﻧ,1689
600,2,ﻪﻧﺍﺩﺭﻣ,ﺏﺗﮑﻣ ﻪﻳﺋﺍﺩﺗﺑﺍ ﺯﻧﻭﭘ,1603044,ﻥﺎﺗﺳﺭﻭﻧ,1690
600,4,ﻪﻧﺎﻧﺯ,ﺯﻧﻭﺭﭘ ﺭﻭﮐﺫ ﻪﻁﺳﻭﺗﻣ,1601006,ﻥﺎﺗﺳﺭﻭﻧ,1691
600,1,ﻪﻧﺍﺩﺭﻣ,ﻝﭘﺭﺳ ﻊﻣﺎﺟ ﺩﺟﺳﻣ,1603045,ﻥﺎﺗﺳﺭﻭﻧ,1692
600,4,ﻪﻧﺎﻧﺯ,ﻝﭘﺭﺳ ﻊﻣﺎﺟ ﺩﺟﺳﻣ,1603045,ﻥﺎﺗﺳﺭﻭﻧ,1693
600,6,ﻪﻧﺎﻧﺯ,ﻝﭘﺭﺳ ﻊﻣﺎﺟ ﺩﺟﺳﻣ,1603045,ﻥﺎﺗﺳﺭﻭﻧ,1694
600,3,ﻪﻧﺎﻧﺯ,یﻭﺗﺷ ﻥﺍﻭﺳﻧ ﻪﻘﺑﺎﺳ ﺏﺗﮑﻣ,1601001,ﻥﺎﺗﺳﺭﻭﻧ,1695
600,1,ﻪﻧﺍﺩﺭﻣ,ﻝﮕﻧﻳﺷ ﺩﺟﺳﻣ,1602076,ﻥﺎﺗﺳﺭﻭﻧ,1696
600,2,ﻪﻧﺍﺩﺭﻣ,ﻝﮕﻧﻳﺷ ﺩﺟﺳﻣ,1602076,ﻥﺎﺗﺳﺭﻭﻧ,1697
600,6,ﻪﻧﺎﻧﺯ,ﻝיﺩﺷ ﻪﻳﺭﻗ ﮏﻠﻣ ﻪﻧﺎﺧ ﮏﻳﺩﺯﻧ,1608065,ﻥﺎﺗﺳﺭﻭﻧ,1698
600,1,ﻪﻧﺍﺩﺭﻣ,ﻥﻳﺗﻳﺗ ﻪﻁﺳﻭﺗﻣ ﺏﺗﮑﻣ,1604016,ﻥﺎﺗﺳﺭﻭﻧ,1699
600,2,ﻪﻧﺍﺩﺭﻣ,ﻥﻳﺗﻳﺗ ﻪﻁﺳﻭﺗﻣ ﺏﺗﮑﻣ,1604016,ﻥﺎﺗﺳﺭﻭﻧ,1700
600,3,ﻪﻧﺎﻧﺯ,ﻥﻳﺗﻳﺗ ﻪﻁﺳﻭﺗﻣ ﺏﺗﮑﻣ,1604016,ﻥﺎﺗﺳﺭﻭﻧ,1701
600,1,ﻪﻧﺍﺩﺭﻣ,ﻭﻫﺩﻭ ﻪﻁﺳﻭﺗﻣ ﺏﺗﮑﻣ,1604012,ﻥﺎﺗﺳﺭﻭﻧ,1702
600,3,ﻪﻧﺎﻧﺯ,ﻭﻫﺩﻭ ﻪﻁﺳﻭﺗﻣ ﺏﺗﮑﻣ,1604012,ﻥﺎﺗﺳﺭﻭﻧ,1703
600,1,ﻪﻧﺍﺩﺭﻣ,ﻡﻳﺩﻗ ﺎﻣﺍﻭ ﺏﺗﮑﻣ,1603042,ﻥﺎﺗﺳﺭﻭﻧ,1704
600,2,ﻪﻧﺍﺩﺭﻣ,ﻡﻳﺩﻗ ﺎﻣﺍﻭ ﺏﺗﮑﻣ,1603042,ﻥﺎﺗﺳﺭﻭﻧ,1705
600,3,ﻪﻧﺎﻧﺯ,ﻡﻳﺩﻗ ﺎﻣﺍﻭ ﺏﺗﮑﻣ,1603042,ﻥﺎﺗﺳﺭﻭﻧ,1706
599,3,ﻪﻧﺎﻧﺯ,ﯽﺳﻓﺍ ﻪﻳﺭﻗ ﮏﻠﻣ ﻪﻧﺎﺧ ﮏﻳﺩﺯﻧ,1608071,ﻥﺎﺗﺳﺭﻭﻧ,1707
599,1,ﻪﻧﺍﺩﺭﻣ,ﻭؕﭼﺭﺍ ﻪﻳﺭﻗ ﺩﺟﺳﻣ ﻊﻣﺎﺟ,1603040,ﻥﺎﺗﺳﺭﻭﻧ,1708
599,2,ﻪﻧﺍﺩﺭﻣ,ﻭؕﭼﺭﺍ ﻪﻳﺭﻗ ﺩﺟﺳﻣ ﻊﻣﺎﺟ,1603040,ﻥﺎﺗﺳﺭﻭﻧ,1709
599,1,ﻪﻧﺍﺩﺭﻣ,ﺏﺭﻏ ﻝﺎﺗﻣ گﺭﺑ ﻪﻳﺭﻗ ﺏﺗﮑﻣ,1608066,ﻥﺎﺗﺳﺭﻭﻧ,1710
599,3,ﻪﻧﺍﺩﺭﻣ,ﺏﺭﻏ ﻝﺎﺗﻣ گﺭﺑ ﻪﻳﺭﻗ ﺏﺗﮑﻣ,1608066,ﻥﺎﺗﺳﺭﻭﻧ,1711
599,5,ﻪﻧﺍﺩﺭﻣ,ﺏﺭﻏ ﻝﺎﺗﻣ گﺭﺑ ﻪﻳﺭﻗ ﺏﺗﮑﻣ,1608066,ﻥﺎﺗﺳﺭﻭﻧ,1712
599,2,ﻪﻧﺍﺩﺭﻣ,ﺩﺎﺑﺁ ﺯﻭﻣﺎﮐ ﺏﺗﮑﻣ,1606074,ﻥﺎﺗﺳﺭﻭﻧ,1713
599,4,ﻪﻧﺎﻧﺯ,ﺩﺎﺑﺁ ﺯﻭﻣﺎﮐ ﺏﺗﮑﻣ,1606074,ﻥﺎﺗﺳﺭﻭﻧ,1714
599,1,ﻪﻧﺍﺩﺭﻣ,ﯽﮑﺗﺷﮐ ﺭﻭﮐﺫ ﻪﻳﺋﺍﺩﺗﺑﺍ ﺏﺗﮑﻣ,1601005,ﻥﺎﺗﺳﺭﻭﻧ,1715
599,1,ﻪﻧﺍﺩﺭﻣ,ﻥﺗﻠﮐ ﺏﺗﮑﻣ,1604018,ﻥﺎﺗﺳﺭﻭﻧ,1716
599,3,ﻪﻧﺎﻧﺯ,ﻥﺗﻠﮐ ﺏﺗﮑﻣ,1604018,ﻥﺎﺗﺳﺭﻭﻧ,1717
599,3,ﻪﻧﺍﺩﺭﻣ,ﺭﺩﺭﻭﮐ ﻪﻳﺭﻗ ﺏﺗﮑﻣ,1603041,ﻥﺎﺗﺳﺭﻭﻧ,1718
599,2,ﻪﻧﺍﺩﺭﻣ,ﺕﺷﻭﮐ ﻪﻳﺋﺍﺩﺗﺑﺍ ﺏﺗﮑﻣ,1601009,ﻥﺎﺗﺳﺭﻭﻧ,1719
599,3,ﻪﻧﺎﻧﺯ,کﻭﺷﻣﻭ ﮏﻠﻣ,1604017,ﻥﺎﺗﺳﺭﻭﻧ,1720
599,3,ﻪﻧﺍﺩﺭﻣ,ﻡﺍﺭי ﯽﺷﻧ ﺏﺗﮑﻣ,1602032,ﻥﺎﺗﺳﺭﻭﻧ,1721
599,5,ﻪﻧﺎﻧﺯ,ﯽﮑﺷﭘ ﻡﻭﻠﻌﻟﺍﺭﺍﺩ,1601007,ﻥﺎﺗﺳﺭﻭﻧ,1722
599,2,ﻪﻧﺍﺩﺭﻣ,ﻝﭘﺭﺳ ﻊﻣﺎﺟ ﺩﺟﺳﻣ,1603045,ﻥﺎﺗﺳﺭﻭﻧ,1723
599,5,ﻪﻧﺎﻧﺯ,ﻝﭘﺭﺳ ﻊﻣﺎﺟ ﺩﺟﺳﻣ,1603045,ﻥﺎﺗﺳﺭﻭﻧ,1724
599,4,ﻪﻧﺎﻧﺯ,یﻭﺗﺷ ﻥﺍﻭﺳﻧ ﻪﻘﺑﺎﺳ ﺏﺗﮑﻣ,1601001,ﻥﺎﺗﺳﺭﻭﻧ,1725
599,3,ﻪﻧﺎﻧﺯ,ﻝﮕﻧﻳﺷ ﺩﺟﺳﻣ,1602076,ﻥﺎﺗﺳﺭﻭﻧ,1726
599,2,ﻪﻧﺍﺩﺭﻣ,ﻝיﺩﺷ ﻪﻳﺭﻗ ﮏﻠﻣ ﻪﻧﺎﺧ ﮏﻳﺩﺯﻧ,1608065,ﻥﺎﺗﺳﺭﻭﻧ,1727
599,5,ﻪﻧﺎﻧﺯ,ﻝיﺩﺷ ﻪﻳﺭﻗ ﮏﻠﻣ ﻪﻧﺎﺧ ﮏﻳﺩﺯﻧ,1608065,ﻥﺎﺗﺳﺭﻭﻧ,1728
599,2,ﻪﻧﺍﺩﺭﻣ,ﻭﻫﺩﻭ ﻪﻁﺳﻭﺗﻣ ﺏﺗﮑﻣ,1604012,ﻥﺎﺗﺳﺭﻭﻧ,1729
599,2,ﻪﻧﺍﺩﺭﻣ,ﺕﻧﺍﻭ ﻪﻁﺳﻭﺗﻣ ﺏﺗﮑﻣ,1602031,ﻥﺎﺗﺳﺭﻭﻧ,1730
599,3,ﻪﻧﺍﺩﺭﻣ,ﺕﻧﺍﻭ ﻪﻁﺳﻭﺗﻣ ﺏﺗﮑﻣ,1602031,ﻥﺎﺗﺳﺭﻭﻧ,1731
599,4,ﻪﻧﺍﺩﺭﻣ,ﺕﻧﺍﻭ ﻪﻁﺳﻭﺗﻣ ﺏﺗﮑﻣ,1602031,ﻥﺎﺗﺳﺭﻭﻧ,1732
599,6,ﻪﻧﺎﻧﺯ,ﺕﻧﺍﻭ ﻪﻁﺳﻭﺗﻣ ﺏﺗﮑﻣ,1602031,ﻥﺎﺗﺳﺭﻭﻧ,1733
600,3,ﻪﻧﺎﻧﺯ,ﺩﺎﻳﻧﺑ ﯽﻳﺍﺩﺗﺑﺍ ﺏﺗﮑﻣ,3213238,ﺕﺍﺭﻫ,1734
600,2,ﻪﻧﺍﺩﺭﻣ,ﻥﺎﮕﻧﭼ ﺩﺟﺳﻣ,3214328,ﺕﺍﺭﻫ,1735
600,3,ﻪﻧﺎﻧﺯ,ﻥﺎﮕﻧﭼ ﺩﺟﺳﻣ,3214328,ﺕﺍﺭﻫ,1736
600,1,ﻪﻧﺍﺩﺭﻣ,یﻭﺷﭼ ﺯﺎﺑ یﺎﺿﻓ,3216404,ﺕﺍﺭﻫ,1737
600,2,ﻪﻧﺎﻧﺯ,یﻭﺷﭼ ﺯﺎﺑ یﺎﺿﻓ,3216404,ﺕﺍﺭﻫ,1738
600,2,ﻪﻧﺍﺩﺭﻣ,ﻪﻧﺍﺩﺭﻣ ﺭﻐﭼ ﻪﻠﮔ ﻊﻣﺎﺟ ﺩﺟﺳﻣ,3210421,ﺕﺍﺭﻫ,1739
600,3,ﻪﻧﺎﻧﺯ,یﺭﻭﻏ ﺩﺟﺳﻣ,3209277,ﺕﺍﺭﻫ,1740
600,1,ﻪﻧﺍﺩﺭﻣ,کﺯﻳﺭﺎﮐ ﺩﺟﺳﻣ,3214347,ﺕﺍﺭﻫ,1741
600,3,ﻪﻧﺎﻧﺯ,ﺕﺳﻣ ﺵﻳﻣ ﺏﺗﻛﻣ,3208217,ﺕﺍﺭﻫ,1742
600,6,ﻪﻧﺍﺩﺭﻣ,یﺭﻬﻣ ﻪﺳﻳﻟ,3201010,ﺕﺍﺭﻫ,1743
600,1,ﻪﻧﺎﻧﺯ,ﻪﻧﺎﻧﺯ ﯽﻓﺎﺧ ﻪﻣﺷﭼ ﺩﺎﺑﺁ ﺩﻣﺣﻣ ﻥﻳﻳﺎﭘ ﺩﺟﺳﻣ,3210415,ﺕﺍﺭﻫ,1744
600,2,ﻪﻧﺍﺩﺭﻣ,ﻊﻣﺎﺟ ﺩﺟﺳﻣ,3215364,ﺕﺍﺭﻫ,1745
600,3,ﻪﻧﺎﻧﺯ,ﻊﻣﺎﺟ ﺩﺟﺳﻣ,3215364,ﺕﺍﺭﻫ,1746
600,1,ﻪﻧﺍﺩﺭﻣ,ﺏﺁ ﮓﻳﺭ ﺩﺟﺳﻣ,3208224,ﺕﺍﺭﻫ,1747
600,2,ﻪﻧﺎﻧﺯ,ﺎﻣﻠﺳ ﺏﺗﮑﻣ,3216397,ﺕﺍﺭﻫ,1748
600,2,ﻪﻧﺎﻧﺯ,ﻩﺩﺭﭘ ﺍﺭﺳ ﺏﺗﮑﻣ,3212388,ﺕﺍﺭﻫ,1749
599,2,ﻪﻧﺎﻧﺯ,یﺩﺎﻧﻗ ﺭﺍﺯﺎﺑ ﺩﺟﺳﻣ,3214325,ﺕﺍﺭﻫ,1750
599,4,ﻪﻧﺎﻧﺯ,ﻝﻳﺋﺭﺑﺟ ﻊﻣﺎﺟ ﺩﺟﺳﻣ,3201471,ﺕﺍﺭﻫ,1751
599,2,ﻪﻧﺎﻧﺯ,ﮏﺳﻳﺎﻧ ﺏﺗﮑﻣ,3214330,ﺕﺍﺭﻫ,1752
599,3,ﻪﻧﺍﺩﺭﻣ,ﺩﻧﺧﻟﺍ ﻪﺟﺍﻭﺧ ﻩﺎﭼ ﮏﻳﺩﺯﻧ ﺏﺗﮑﻣ,3210423,ﺕﺍﺭﻫ,1753
599,3,ﻪﻧﺎﻧﺯ,ﻡﺭﮐﺍ ﯽﺟﺎﺣ ﺍﺯﺭﻳﻣ ﻪﻌﻠﻗ ﺩﺟﺳﻣ,3214322,ﺕﺍﺭﻫ,1754
599,2,ﻪﻧﺍﺩﺭﻣ,ﻡﻭﺩ ﺯﻳﺩﻧﻗ ﯽﻣﻳﺩﻗ ﺩﺟﺳﻣ,3214302,ﺕﺍﺭﻫ,1755
599,3,ﻪﻧﺎﻧﺯ,ﯽﻓﺎﺷﮑﻧﺍ یﺍﺭﻭﺷ ﺭﻳﻣﻌﺗ,3215356,ﺕﺍﺭﻫ,1756
600,1,ﻪﻧﺍﺩﺭﻣ,ﻪﻣﺭﻳոﺭﺗ ﺭﻭﻛ ﺩﻣﺣﻣ ﺭﻭﻧ ﺩ,3009184,ﺩﻧﻣﻠﻫ,1757
600,2,ﻪﻧﺍﺩﺭﻣ,ﻪﻣﺭﻳոﺭﺗ ﺭﻭﻛ ﺩﻣﺣﻣ ﺭﻭﻧ ﺩ,3009184,ﺩﻧﻣﻠﻫ,1758
600,1,ﻪﻧﺍﺩﺭﻣ,ﯽﭼﺧﺍ ﺩﺟﺳﻣ,402154,کﺩﺭﻭ,1759
600,2,ﻪﻧﺎﻧﺯ,ﯽﭼﺧﺍ ﺩﺟﺳﻣ,402154,کﺩﺭﻭ,1760
600,1,ﻪﻧﺍﺩﺭﻣ,ﮓﻧﺳ ﻪﻟﺍ ﺏﺗﮑﻣ,404089,کﺩﺭﻭ,1761
600,2,ﻪﻧﺍﺩﺭﻣ,ﮓﻧﺳ ﻪﻟﺍ ﺏﺗﮑﻣ,404089,کﺩﺭﻭ,1762
600,3,ﻪﻧﺎﻧﺯ,ﮓﻧﺳ ﻪﻟﺍ ﺏﺗﮑﻣ,404089,کﺩﺭﻭ,1763
600,1,ﻪﻧﺍﺩﺭﻣ,کﺎﺧﻭﺑﻣﺍ ﺏﺗﮑﻣ,404088,کﺩﺭﻭ,1764
600,3,ﻪﻧﺎﻧﺯ,کﺎﺧﻭﺑﻣﺍ ﺏﺗﮑﻣ,404088,کﺩﺭﻭ,1765
600,1,ﻪﻧﺍﺩﺭﻣ,ﻥﺎﺑﺭﻋ ﻪﻳﺋﺍﺩﺗﺑﺍ ﺏﺗﮑﻣ,404092,کﺩﺭﻭ,1766
600,2,ﻪﻧﺍﺩﺭﻣ,ﻥﺎﺑﺭﻋ ﻪﻳﺋﺍﺩﺗﺑﺍ ﺏﺗﮑﻣ,404092,کﺩﺭﻭ,1767
600,3,ﻪﻧﺍﺩﺭﻣ,ﻥﺎﺑﺭﻋ ﻪﻳﺋﺍﺩﺗﺑﺍ ﺏﺗﮑﻣ,404092,کﺩﺭﻭ,1768
600,4,ﻪﻧﺎﻧﺯ,ﻥﺎﺑﺭﻋ ﻪﻳﺋﺍﺩﺗﺑﺍ ﺏﺗﮑﻣ,404092,کﺩﺭﻭ,1769
600,1,ﻪﻧﺍﺩﺭﻣ,کﺭﮐﻭﺗ ﻪﻳﺭﻗ ﻪﻧﺍﺩﺭﻣ ﻭ ﻪﻧﺎﻧﺯ ﺏﺗﮑﻣ,402155,کﺩﺭﻭ,1770
600,2,ﻪﻧﺍﺩﺭﻣ,کﺭﮐﻭﺗ ﻪﻳﺭﻗ ﻪﻧﺍﺩﺭﻣ ﻭ ﻪﻧﺎﻧﺯ ﺏﺗﮑﻣ,402155,کﺩﺭﻭ,1771
600,2,ﻪﻧﺍﺩﺭﻣ,ﻥﺎﺧﺭﺍﺩﺭﺳ ﻝﺍﻭﺭﮔﺩ ﻝﺯﻧﻣ ﺭﺍﻭﺟ,404104,کﺩﺭﻭ,1772
600,3,ﻪﻧﺎﻧﺯ,ﻥﺎﺧﺭﺍﺩﺭﺳ ﻝﺍﻭﺭﮔﺩ ﻝﺯﻧﻣ ﺭﺍﻭﺟ,404104,کﺩﺭﻭ,1773
600,8,ﻪﻧﺍﺩﺭﻣ,پﻭﺗ ﺕﺷﺩ ﯽﻟﺎﻋ ﻪﺳﻳﻟ,405114,کﺩﺭﻭ,1774
600,9,ﻪﻧﺎﻧﺯ,پﻭﺗ ﺕﺷﺩ ﯽﻟﺎﻋ ﻪﺳﻳﻟ,405114,کﺩﺭﻭ,1775
600,4,ﻪﻧﺎﻧﺯ,پﻭﺗ ﺕﺷﺩ ﻪﻧﻬﮐ ﻪﺳﻳﻟ,405142,کﺩﺭﻭ,1776
600,4,ﻪﻧﺍﺩﺭﻣ,ﻥﺎﻧﺎﻐﻓﺍ ﻩﺩ ﺏﺗﮑﻣ,401003,کﺩﺭﻭ,1777
600,5,ﻪﻧﺎﻧﺯ,ﻥﺎﻧﺎﻐﻓﺍ ﻩﺩ ﺏﺗﮑﻣ,401003,کﺩﺭﻭ,1778
600,3,ﻪﻧﺍﺩﺭﻣ,ﻪﻣﺭﻳոﺭﺗ ﻪﻧﻭﺭﻭﮐ ﯽﻠﻳﻣﺎﻓ,401011,کﺩﺭﻭ,1779
600,5,ﻪﻧﺎﻧﺯ,ﻪﻣﺭﻳոﺭﺗ ﻪﻧﻭﺭﻭﮐ ﯽﻠﻳﻣﺎﻓ,401011,کﺩﺭﻭ,1780
600,6,ﻪﻧﺎﻧﺯ,ﻪﻣﺭﻳոﺭﺗ ﻪﻧﻭﺭﻭﮐ ﯽﻠﻳﻣﺎﻓ,401011,کﺩﺭﻭ,1781
600,1,ﻪﻧﺍﺩﺭﻣ,ﺵﻭﮐﻭﺎﮔ ﻪﻣﻳﺧ,404107,کﺩﺭﻭ,1782
600,2,ﻪﻧﺍﺩﺭﻣ,ﺵﻭﮐﻭﺎﮔ ﻪﻣﻳﺧ,404107,کﺩﺭﻭ,1783
600,3,ﻪﻧﺍﺩﺭﻣ,ﺵﻭﮐﻭﺎﮔ ﻪﻣﻳﺧ,404107,کﺩﺭﻭ,1784
600,4,ﻪﻧﺎﻧﺯ,ﺵﻭﮐﻭﺎﮔ ﻪﻣﻳﺧ,404107,کﺩﺭﻭ,1785
600,5,ﻪﻧﺎﻧﺯ,ﺵﻭﮐﻭﺎﮔ ﻪﻣﻳﺧ,404107,کﺩﺭﻭ,1786
600,1,ﻪﻧﺍﺩﺭﻣ,ﻝﻳﺧ ﻥﺳﺣ ﻪﻳﺭﻗ ﮏﻳﻧﻳﻠﮐ,402144,کﺩﺭﻭ,1787
600,3,ﻪﻧﺎﻧﺯ,ﻝﻳﺧ ﻥﺳﺣ ﻪﻳﺭﻗ ﮏﻳﻧﻳﻠﮐ,402144,کﺩﺭﻭ,1788
600,4,ﻪﻧﺎﻧﺯ,ﻝﻳﺧ ﻥﺳﺣ ﻪﻳﺭﻗ ﮏﻳﻧﻳﻠﮐ,402144,کﺩﺭﻭ,1789
600,3,ﻪﻧﺍﺩﺭﻣ,ﻝﻳﺧ ﯽﺳﻭﻫ ﻪﻳﺭﻗ ﺭﺧﺍﺭﺩ ﻪﻣﻳﺧ,405122,کﺩﺭﻭ,1790
600,4,ﻪﻧﺎﻧﺯ,ﻝﻳﺧ ﯽﺳﻭﻫ ﻪﻳﺭﻗ ﺭﺧﺍﺭﺩ ﻪﻣﻳﺧ,405122,کﺩﺭﻭ,1791
600,2,ﻪﻧﺍﺩﺭﻣ,ﻪﻔﻳﻧﺣ ﻭﺑﺍ ﻡﺎﻣﺍ ﺏﺗﮑﻣ,408074,کﺩﺭﻭ,1792
600,3,ﻪﻧﺍﺩﺭﻣ,ﻪﻔﻳﻧﺣ ﻭﺑﺍ ﻡﺎﻣﺍ ﺏﺗﮑﻣ,408074,کﺩﺭﻭ,1793
600,5,ﻪﻧﺍﺩﺭﻣ,ﻪﻔﻳﻧﺣ ﻭﺑﺍ ﻡﺎﻣﺍ ﺏﺗﮑﻣ,408074,کﺩﺭﻭ,1794
600,2,ﻪﻧﺍﺩﺭﻣ,ﺩﻣﺣﻣ ﻡﺎﻣﺍ ﺏﺗﮑﻣ,405139,کﺩﺭﻭ,1795
600,3,ﻪﻧﺎﻧﺯ,ﺩﻣﺣﻣ ﻡﺎﻣﺍ ﺏﺗﮑﻣ,405139,کﺩﺭﻭ,1796
600,1,ﻪﻧﺍﺩﺭﻣ,ﻝﻳﺧ ﻝﻳﻋﺎﻣﺳﺍ ﺏﺗﮑﻣ,402153,کﺩﺭﻭ,1797
600,2,ﻪﻧﺍﺩﺭﻣ,ﻝﻳﺧ ﻝﻳﻋﺎﻣﺳﺍ ﺏﺗﮑﻣ,402153,کﺩﺭﻭ,1798
600,3,ﻪﻧﺎﻧﺯ,ﻝﻳﺧ ﻝﻳﻋﺎﻣﺳﺍ ﺏﺗﮑﻣ,402153,کﺩﺭﻭ,1799
600,1,ﻪﻧﺍﺩﺭﻣ,ﻥﻳﺭﺯ یﻭﺟ ﻪﻳﺋﺍﺩﺗﺑﺍ ﺏﺗﮑﻣ,405135,کﺩﺭﻭ,1800
600,2,ﻪﻧﺎﻧﺯ,ﻥﻳﺭﺯ یﻭﺟ ﻪﻳﺋﺍﺩﺗﺑﺍ ﺏﺗﮑﻣ,405135,کﺩﺭﻭ,1801
600,2,ﻪﻧﺍﺩﺭﻣ,ﻩﺩﻧﻼﮐ ﮏﻳﻧﻳﻠﮐ,408076,کﺩﺭﻭ,1802
600,1,ﻪﻧﺍﺩﺭﻣ,ﻝﻳﺧ ﻥﺍﺭﻣﺎﮐ ﻪﺳﻳﻟ,405137,کﺩﺭﻭ,1803
600,2,ﻪﻧﺎﻧﺯ,ﻝﻳﺧ ﻥﺍﺭﻣﺎﮐ ﻪﺳﻳﻟ,405137,کﺩﺭﻭ,1804
600,1,ﻪﻧﺍﺩﺭﻣ,ﺕﺯﻋ ﻥﺎﮐ ﺏﺗﮑﻣ,402147,کﺩﺭﻭ,1805
600,2,ﻪﻧﺎﻧﺯ,ﺕﺯﻋ ﻥﺎﮐ ﺏﺗﮑﻣ,402147,کﺩﺭﻭ,1806
600,1,ﻪﻧﺍﺩﺭﻣ,ﮏﻳ ﻝﻳﺧ ﻭﻣﺭﮐ ﺏﺗﮑﻣ,402146,کﺩﺭﻭ,1807
600,2,ﻪﻧﺎﻧﺯ,ﮏﻳ ﻝﻳﺧ ﻭﻣﺭﮐ ﺏﺗﮑﻣ,402146,کﺩﺭﻭ,1808
600,1,ﻪﻧﺍﺩﺭﻣ,ﮏﻟﻭﮐ ﻪﻳﺭﻗ ﺩﺟﺳﻣ,404103,کﺩﺭﻭ,1809
600,2,ﻪﻧﺍﺩﺭﻣ,ﮏﻟﻭﮐ ﻪﻳﺭﻗ ﺩﺟﺳﻣ,404103,کﺩﺭﻭ,1810
600,3,ﻪﻧﺎﻧﺯ,ﮏﻟﻭﮐ ﻪﻳﺭﻗ ﺩﺟﺳﻣ,404103,کﺩﺭﻭ,1811
600,2,ﻪﻧﺍﺩﺭﻣ,ﻭﺭﺷﺍ ﻪﺗﻭﮐ ﺙﺎﻧﺍ ﺏﺗﮑﻣ,401008,کﺩﺭﻭ,1812
600,4,ﻪﻧﺎﻧﺯ,ﻭﺭﺷﺍ ﻪﺗﻭﮐ ﺙﺎﻧﺍ ﺏﺗﮑﻣ,401008,کﺩﺭﻭ,1813
600,5,ﻪﻧﺎﻧﺯ,ﻭﺭﺷﺍ ﻪﺗﻭﮐ ﺙﺎﻧﺍ ﺏﺗﮑﻣ,401008,کﺩﺭﻭ,1814
600,1,ﻪﻧﺍﺩﺭﻣ,یﺭﻏﻻ ﮏﻳﻧﻳﻠﮐ,408077,کﺩﺭﻭ,1815
600,1,ﻪﻧﺍﺩﺭﻣ,ﺭﮕﻧﻟ ﻪﺳﺭﺩﻣ,404084,کﺩﺭﻭ,1816
600,2,ﻪﻧﺍﺩﺭﻣ,ﺭﮕﻧﻟ ﻪﺳﺭﺩﻣ,404084,کﺩﺭﻭ,1817
600,3,ﻪﻧﺎﻧﺯ,ﺭﮕﻧﻟ ﻪﺳﺭﺩﻣ,404084,کﺩﺭﻭ,1818
600,4,ﻪﻧﺎﻧﺯ,ﺭﮕﻧﻟ ﻪﺳﺭﺩﻣ,404084,کﺩﺭﻭ,1819
600,1,ﻪﻧﺍﺩﺭﻣ,ﯽﻠﺣﻣ ﺏﺗﮑﻣ,404086,کﺩﺭﻭ,1820
600,2,ﻪﻧﺍﺩﺭﻣ,ﯽﻠﺣﻣ ﺏﺗﮑﻣ,404086,کﺩﺭﻭ,1821
600,1,ﻪﻧﺍﺩﺭﻣ,ﻪﻳﺭﻗ ﮏﻠﻣ ﯽﺻﺧﺷ ﻪﻧﺎﺧ ﮏﻳﺩﺯﻧ,404093,کﺩﺭﻭ,1822
600,2,ﻪﻧﺍﺩﺭﻣ,ﻪﻳﺭﻗ ﮏﻠﻣ ﯽﺻﺧﺷ ﻪﻧﺎﺧ ﮏﻳﺩﺯﻧ,404093,کﺩﺭﻭ,1823
600,3,ﻪﻧﺎﻧﺯ,ﻪﻳﺭﻗ ﮏﻠﻣ ﯽﺻﺧﺷ ﻪﻧﺎﺧ ﮏﻳﺩﺯﻧ,404093,کﺩﺭﻭ,1824
600,1,ﻪﻧﺍﺩﺭﻣ,ﻪﻳﺭﻗ ﮏﻠﻣ ﺭﺗﻓﺩ,408079,کﺩﺭﻭ,1825
600,2,ﻪﻧﺎﻧﺯ,ﻪﻳﺭﻗ ﮏﻠﻣ ﺭﺗﻓﺩ,408079,کﺩﺭﻭ,1826
600,1,ﻪﻧﺍﺩﺭﻣ,ﻝﮕﻧﻣ ﻝﺯﻧﻣ ﺭﺍﻭﺟ,404091,کﺩﺭﻭ,1827
600,2,ﻪﻧﺍﺩﺭﻣ,ﻝﮕﻧﻣ ﻝﺯﻧﻣ ﺭﺍﻭﺟ,404091,کﺩﺭﻭ,1828
600,3,ﻪﻧﺍﺩﺭﻣ,ﻝﮕﻧﻣ ﻝﺯﻧﻣ ﺭﺍﻭﺟ,404091,کﺩﺭﻭ,1829
600,4,ﻪﻧﺎﻧﺯ,ﻝﮕﻧﻣ ﻝﺯﻧﻣ ﺭﺍﻭﺟ,404091,کﺩﺭﻭ,1830
600,3,ﻪﻧﺎﻧﺯ,ﺏﺎﺟﮐ ﺭﺍﺯﻫ ﺭﻳﻣ ﻪﺳﻳﻟ,409057,کﺩﺭﻭ,1831
600,1,ﻪﻧﺍﺩﺭﻣ,ﻕﻳﻔﺷ ﻼﻣ ﻝﺯﻧﻣﺭﺍﻭﺟ,404105,کﺩﺭﻭ,1832
600,2,ﻪﻧﺍﺩﺭﻣ,ﻕﻳﻔﺷ ﻼﻣ ﻝﺯﻧﻣﺭﺍﻭﺟ,404105,کﺩﺭﻭ,1833
600,3,ﻪﻧﺎﻧﺯ,ﻕﻳﻔﺷ ﻼﻣ ﻝﺯﻧﻣﺭﺍﻭﺟ,404105,کﺩﺭﻭ,1834
600,3,ﻪﻧﺎﻧﺯ,ﺩﺟﺳﻣ,405109,کﺩﺭﻭ,1835
600,1,ﻪﻧﺍﺩﺭﻣ,ﻝﻳﺧ ﯽﺳﻭﻣ ﻪﻳﺭﻗ ﺏﺗﮑﻣ,405121,کﺩﺭﻭ,1836
600,2,ﻪﻧﺍﺩﺭﻣ,ﻝﻳﺧ ﯽﺳﻭﻣ ﻪﻳﺭﻗ ﺏﺗﮑﻣ,405121,کﺩﺭﻭ,1837
600,2,ﻪﻧﺍﺩﺭﻣ,ﻡﻟﺎﻋ ﮏﺷﻣ ﺏﺗﮑﻣ,402158,کﺩﺭﻭ,1838
600,4,ﻪﻧﺎﻧﺯ,ﻥﺎﺑﻳﺎﻧ ﺏﺗﮑﻣ,401010,کﺩﺭﻭ,1839
600,3,ﻪﻧﺎﻧﺯ,ﻥﺁﺭﻘﻟﺍ ﻡﺟﻧ ﻪﺳﺭﺩﻣ,403024,کﺩﺭﻭ,1840
600,2,ﻪﻧﺎﻧﺯ,ﻥﺎﻁﻠﺳ ﺩﻧﺑ ﻥﺎﺧ ﺭﻅﻧ ﺏﺗﮑﻣ,408078,کﺩﺭﻭ,1841
600,1,ﻪﻧﺍﺩﺭﻣ,ﺱﺭﺩﻣﻟﺍﺭﻭﻧ ﻪﻳﺋﺍﺩﺗﺑﺍ ﺏﺗﮑﻣ,404096,کﺩﺭﻭ,1842
600,2,ﻪﻧﺍﺩﺭﻣ,ﺱﺭﺩﻣﻟﺍﺭﻭﻧ ﻪﻳﺋﺍﺩﺗﺑﺍ ﺏﺗﮑﻣ,404096,کﺩﺭﻭ,1843
600,3,ﻪﻧﺎﻧﺯ,ﺱﺭﺩﻣﻟﺍﺭﻭﻧ ﻪﻳﺋﺍﺩﺗﺑﺍ ﺏﺗﮑﻣ,404096,کﺩﺭﻭ,1844
600,1,ﻪﻧﺍﺩﺭﻣ,ﻕﻭﺭﺎﻓﺭﻣﻋ ﻪﻳﺋﺍﺩﺗﺑﺍ ﺏﺗﮑﻣ,404102,کﺩﺭﻭ,1845
600,2,ﻪﻧﺎﻧﺯ,ﻕﻭﺭﺎﻓﺭﻣﻋ ﻪﻳﺋﺍﺩﺗﺑﺍ ﺏﺗﮑﻣ,404102,کﺩﺭﻭ,1846
600,3,ﻪﻧﺍﺩﺭﻣ,ﻕﻭﺭﺎﻓﺭﻣﻋ ﻪﻳﺋﺍﺩﺗﺑﺍ ﺏﺗﮑﻣ,404102,کﺩﺭﻭ,1847
600,2,ﻪﻧﺎﻧﺯ,ﻪﻣﻳﺧ,405129,کﺩﺭﻭ,1848
600,1,ﻪﻧﺍﺩﺭﻣ,ﻪﻣﻳﺧ,405131,کﺩﺭﻭ,1849
600,4,ﻪﻧﺎﻧﺯ,ﻪﻣﻳﺧ,405131,کﺩﺭﻭ,1850
600,1,ﻪﻧﺍﺩﺭﻣ,ﻪﻣﻳﺧ,405134,کﺩﺭﻭ,1851
600,2,ﻪﻧﺎﻧﺯ,ﻪﻣﻳﺧ,405134,کﺩﺭﻭ,1852
600,1,ﻪﻧﺍﺩﺭﻣ,ﻪﻣﻳﺧ,406065,کﺩﺭﻭ,1853
600,3,ﻪﻧﺎﻧﺯ,ﻪﻣﻳﺧ,406065,کﺩﺭﻭ,1854
600,1,ﻪﻧﺍﺩﺭﻣ,ﻝﻳﺧﺭﺩﺎﻗ ﻪﻳﺭﻗ ﻥﻼﮐ ﺩﺟﺳﻣ,404106,کﺩﺭﻭ,1855
600,2,ﻪﻧﺍﺩﺭﻣ,ﻝﻳﺧﺭﺩﺎﻗ ﻪﻳﺭﻗ ﻥﻼﮐ ﺩﺟﺳﻣ,404106,کﺩﺭﻭ,1856
600,1,ﻪﻧﺍﺩﺭﻣ,ﻥﻳﺩﻟﺍﺩﻌﺳ ﻪﻌﻠﻗ ﻊﻣﺎﺟﺩﺟﺳﻣ,405111,کﺩﺭﻭ,1857
600,4,ﻪﻧﺎﻧﺯ,ﻥﻳﺩﻟﺍﺩﻌﺳ ﻪﻌﻠﻗ ﻊﻣﺎﺟﺩﺟﺳﻣ,405111,کﺩﺭﻭ,1858
600,3,ﻪﻧﺎﻧﺯ,ﻝﻗ ﻩﺭﻗ ﻪﺳﺭﺩﻣ,409063,کﺩﺭﻭ,1859
600,1,ﻪﻧﺍﺩﺭﻣ,ﻝﮔ ﻡﻠﻋ ﯽﺿﺎﻗ ﻝﺯﻧﻣ یﻭﻠﻬﭘ,404100,کﺩﺭﻭ,1860
600,2,ﻪﻧﺍﺩﺭﻣ,ﻝﮔ ﻡﻠﻋ ﯽﺿﺎﻗ ﻝﺯﻧﻣ یﻭﻠﻬﭘ,404100,کﺩﺭﻭ,1861
600,3,ﻪﻧﺍﺩﺭﻣ,ﻝﮔ ﻡﻠﻋ ﯽﺿﺎﻗ ﻝﺯﻧﻣ یﻭﻠﻬﭘ,404100,کﺩﺭﻭ,1862
600,4,ﻪﻧﺎﻧﺯ,ﻝﮔ ﻡﻠﻋ ﯽﺿﺎﻗ ﻝﺯﻧﻣ یﻭﻠﻬﭘ,404100,کﺩﺭﻭ,1863
600,1,ﻪﻧﺍﺩﺭﻣ,ﷲ ﺕﻣﺣﺭ ﯽﺻﺧﺷ ﻪﻧﺎﺧ ﺭﺍﻭﺟ,408082,کﺩﺭﻭ,1864
600,1,ﻪﻧﺍﺩﺭﻣ,کﺎﻬﺳ ﺏﺗﮑﻣ,402145,کﺩﺭﻭ,1865
600,2,ﻪﻧﺎﻧﺯ,کﺎﻬﺳ ﺏﺗﮑﻣ,402145,کﺩﺭﻭ,1866
600,1,ﻪﻧﺍﺩﺭﻣ,ﻪﻌﻠﻗﺭﺎﭼ ﺏﺣﺎﺻ ﻪﻳﺋﺍﺩﺗﺑﺍ ﺏﺗﮑﻣ,404095,کﺩﺭﻭ,1867
600,2,ﻪﻧﺍﺩﺭﻣ,ﻪﻌﻠﻗﺭﺎﭼ ﺏﺣﺎﺻ ﻪﻳﺋﺍﺩﺗﺑﺍ ﺏﺗﮑﻣ,404095,کﺩﺭﻭ,1868
600,3,ﻪﻧﺎﻧﺯ,ﻪﻌﻠﻗﺭﺎﭼ ﺏﺣﺎﺻ ﻪﻳﺋﺍﺩﺗﺑﺍ ﺏﺗﮑﻣ,404095,کﺩﺭﻭ,1869
600,1,ﻪﻧﺍﺩﺭﻣ,ﺩﻣﺣﻣ ﺢﻟﺎﺻ ﻝﺯﻧﻣ ﺭﺍﻭﺟ,404083,کﺩﺭﻭ,1870
600,2,ﻪﻧﺍﺩﺭﻣ,ﺩﻣﺣﻣ ﺢﻟﺎﺻ ﻝﺯﻧﻣ ﺭﺍﻭﺟ,404083,کﺩﺭﻭ,1871
600,3,ﻪﻧﺍﺩﺭﻣ,ﺩﻣﺣﻣ ﺢﻟﺎﺻ ﻝﺯﻧﻣ ﺭﺍﻭﺟ,404083,کﺩﺭﻭ,1872
600,4,ﻪﻧﺎﻧﺯ,ﺩﻣﺣﻣ ﺢﻟﺎﺻ ﻝﺯﻧﻣ ﺭﺍﻭﺟ,404083,کﺩﺭﻭ,1873
600,2,ﻪﻧﺍﺩﺭﻣ,ﺍﺩﺭﻣﺭﺳ ﺏﺗﮑﻣ,402152,کﺩﺭﻭ,1874
600,1,ﻪﻧﺍﺩﺭﻣ,ﻩﻭﮐ ﺭﺳ ﺏﺗﮑﻣ,404085,کﺩﺭﻭ,1875
600,2,ﻪﻧﺎﻧﺯ,ﻩﻭﮐ ﺭﺳ ﺏﺗﮑﻣ,404085,کﺩﺭﻭ,1876
600,2,ﻪﻧﺍﺩﺭﻣ,ﺩﺎﺑﺁ ﺩﻳﺳ ﯽﻟﺎﻋ ﻪﺳﻳﻟ,405108,کﺩﺭﻭ,1877
600,3,ﻪﻧﺎﻧﺯ,ﺩﺎﺑﺁ ﺩﻳﺳ ﯽﻟﺎﻋ ﻪﺳﻳﻟ,405108,کﺩﺭﻭ,1878
600,6,ﻪﻧﺎﻧﺯ,ﺩﺎﺑﺁ ﺩﻳﺳ ﯽﻟﺎﻋ ﻪﺳﻳﻟ,405108,کﺩﺭﻭ,1879
600,3,ﻪﻧﺍﺩﺭﻣ,ﻝﻳﺧ ﻡﻳﮑﺣ ﻪﻳﺋﺍﺩﺗﺑﺍ ﺏﺗﮑﻣ,405124,کﺩﺭﻭ,1880
600,1,ﻪﻧﺍﺩﺭﻣ,ﮏﺑﻳﺳ ﻪﻳﺭﻗ ﯽﺣﺻ ﮏﻳﻧﻳﻠﮐ,404087,کﺩﺭﻭ,1881
600,2,ﻪﻧﺍﺩﺭﻣ,ﮏﺑﻳﺳ ﻪﻳﺭﻗ ﯽﺣﺻ ﮏﻳﻧﻳﻠﮐ,404087,کﺩﺭﻭ,1882
600,3,ﻪﻧﺎﻧﺯ,ﮏﺑﻳﺳ ﻪﻳﺭﻗ ﯽﺣﺻ ﮏﻳﻧﻳﻠﮐ,404087,کﺩﺭﻭ,1883
600,1,ﻪﻧﺍﺩﺭﻣ,ﻪﻌﻠﻗ ﺵﺷ ﺏﺗﮑﻣ,405118,کﺩﺭﻭ,1884
600,2,ﻪﻧﺎﻧﺯ,ﻪﻌﻠﻗ ﺵﺷ ﺏﺗﮑﻣ,405118,کﺩﺭﻭ,1885
600,1,ﻪﻧﺍﺩﺭﻣ,ﺩﺍﺯﺭﻳﺷ ﻪﻳﺋﺍﺩﺗﺑﺍ ﺏﺗﮑﻣ,404098,کﺩﺭﻭ,1886
600,2,ﻪﻧﺎﻧﺯ,ﺩﺍﺯﺭﻳﺷ ﻪﻳﺋﺍﺩﺗﺑﺍ ﺏﺗﮑﻣ,404098,کﺩﺭﻭ,1887
600,1,ﻪﻧﺍﺩﺭﻣ,ﯽﺑﻣﻭﺑ ﺭﺩ ﻥﺎﮐﻭﺩ ﺭﺍﻭﺟ,404097,کﺩﺭﻭ,1888
600,3,ﻪﻧﺍﺩﺭﻣ,ﯽﺑﻣﻭﺑ ﺭﺩ ﻥﺎﮐﻭﺩ ﺭﺍﻭﺟ,404097,کﺩﺭﻭ,1889
600,4,ﻪﻧﺎﻧﺯ,ﯽﺑﻣﻭﺑ ﺭﺩ ﻥﺎﮐﻭﺩ ﺭﺍﻭﺟ,404097,کﺩﺭﻭ,1890
600,1,ﻪﻧﺍﺩﺭﻣ,ﻪﻧﭘ ﻪﻳﺭﻗ ﺭﺍﺯﺎﺑ ﺭﺩ ﻥﺎﮐﻭﺩ ﺏﻘﻋ,404090,کﺩﺭﻭ,1891
600,2,ﻪﻧﺍﺩﺭﻣ,ﻪﻧﭘ ﻪﻳﺭﻗ ﺭﺍﺯﺎﺑ ﺭﺩ ﻥﺎﮐﻭﺩ ﺏﻘﻋ,404090,کﺩﺭﻭ,1892
600,4,ﻪﻧﺎﻧﺯ,ﻪﻧﭘ ﻪﻳﺭﻗ ﺭﺍﺯﺎﺑ ﺭﺩ ﻥﺎﮐﻭﺩ ﺏﻘﻋ,404090,کﺩﺭﻭ,1893
600,2,ﻪﻧﺍﺩﺭﻣ,ﺩﺍﺩﺭﮑﺷ ﻪﻳﺭﻗ ﺩﺟﺳﻣ,404094,کﺩﺭﻭ,1894
600,3,ﻪﻧﺎﻧﺯ,ﺩﺍﺩﺭﮑﺷ ﻪﻳﺭﻗ ﺩﺟﺳﻣ,404094,کﺩﺭﻭ,1895
600,1,ﻪﻧﺍﺩﺭﻣ,ﺏﺎﻳﺳ ﺏﺗﮑﻣ,404101,کﺩﺭﻭ,1896
600,2,ﻪﻧﺎﻧﺯ,ﺏﺎﻳﺳ ﺏﺗﮑﻣ,404101,کﺩﺭﻭ,1897
600,3,ﻪﻧﺍﺩﺭﻣ,ﺏﺎﻳﺳ ﺏﺗﮑﻣ,404101,کﺩﺭﻭ,1898
600,2,ﻪﻧﺎﻧﺯ,ﻝﻳﺧ ﻥﺎﻁﻠﺳ ﻪﻳﺭﻗ ﺩﺟﺳﻣ,405127,کﺩﺭﻭ,1899
600,3,ﻪﻧﺎﻧﺯ,ﻝﻐﺑ ﺭﻭﺳ ﻪﻣﻳﺧ,402159,کﺩﺭﻭ,1900
600,4,ﻪﻧﺎﻧﺯ,ﻥﺍﺩﻳﺳ ﯽﮕﻧﺗ ﮏﻳﻧﻳﻠﮐ,406070,کﺩﺭﻭ,1901
600,5,ﻪﻧﺎﻧﺯ,ﻥﺍﺩﻳﺳ ﯽﮕﻧﺗ ﮏﻳﻧﻳﻠﮐ,406070,کﺩﺭﻭ,1902
600,2,ﻪﻧﺎﻧﺯ,ﺭﻳﻣﺍ ﻪﻌﻠﻗ ﺭﺩ  ﻪﻣﻳﺧ,405136,کﺩﺭﻭ,1903
600,3,ﻪﻧﺎﻧﺯ,ﺭﻭﺍﺩﻧﺳ ﻪﻳﺭﻗ ﺭﺩ  ﻪﻣﻳﺧ,405138,کﺩﺭﻭ,1904
600,1,ﻪﻧﺍﺩﺭﻣ,ﻡړﻟ ﺕﺷﺩ ﻪﻣﻳﺧ,405133,کﺩﺭﻭ,1905
600,2,ﻪﻧﺍﺩﺭﻣ,ﺎﻳﺳﺍ ﺕﻔﻫ ﻪﻳﺭﻗ ﺭﺩ ﻪﻣﻳﺧ,405117,کﺩﺭﻭ,1906
600,1,ﻪﻧﺍﺩﺭﻣ,ﺩﺎﺑﺁ ﺦﻳﺷ ﻩﻭﮐ ﻪﻣﻳﺧ,405140,کﺩﺭﻭ,1907
600,2,ﻪﻧﺎﻧﺯ,کﺯﻳﺗ ﮏﻳﻧﻳﻠﮐ,407026,کﺩﺭﻭ,1908
600,1,ﻪﻧﺍﺩﺭﻣ,ﻝﻳﺧ ﻥﺎﺧ ﻥﻳﻫﺯ ﺏﺗﮑﻣ,405115,کﺩﺭﻭ,1909
600,1,ﻪﻧﺍﺩﺭﻣ,ﻥﺎﺧ ﻪﻧﺯ ﺩﺟﺳﻣ,405130,کﺩﺭﻭ,1910
600,2,ﻪﻧﺎﻧﺯ,ﻥﺎﺧ ﻪﻧﺯ ﺩﺟﺳﻣ,405130,کﺩﺭﻭ,1911
600,2,ﻪﻧﺎﻧﺯ,ﮏﮐﺭﺯ ﻪﻳﺭﻗ ﺩﺟﺳﻣ,404099,کﺩﺭﻭ,1912
600,4,ﻪﻧﺎﻧﺯ,ﺕﻻﻭﻳﺯ ﯽﻟﺎﻋ ﻪﺳﻳﻟ,403014,کﺩﺭﻭ,1913
599,1,ﻪﻧﺍﺩﺭﻣ,ﺭﺎﻣﻟﺍ ﺏﺗﮑﻣ,405128,کﺩﺭﻭ,1914
599,2,ﻪﻧﺍﺩﺭﻣ,ﯽﻧﻳﺳﺣ کﻼﺑ ﺏﺗﮑﻣ,406068,کﺩﺭﻭ,1915
599,1,ﻪﻧﺍﺩﺭﻣ,ﻥﺎﺧﺭﺍﺩﺭﺳ ﻝﺍﻭﺭﮔﺩ ﻝﺯﻧﻣ ﺭﺍﻭﺟ,404104,کﺩﺭﻭ,1916
599,3,ﻪﻧﺍﺩﺭﻣ,ﻥﺎﻧﺎﻐﻓﺍ ﻩﺩ ﺏﺗﮑﻣ,401003,کﺩﺭﻭ,1917
599,1,ﻪﻧﺍﺩﺭﻣ,ﻩﺩﺎﻗ ﻥﺩﺭﮐ ﺩﺟﺳﻣ,409046,کﺩﺭﻭ,1918
599,2,ﻪﻧﺎﻧﺯ,ﻩﺩﺎﻗ ﻥﺩﺭﮐ ﺩﺟﺳﻣ,409046,کﺩﺭﻭ,1919
599,1,ﻪﻧﺍﺩﺭﻣ,ﻥﺎﺧ ﺭﻳﺑﮑﻟﺍﺩﺑﻋ یﺯﺎﻏ ﻪﺳﻳﻟ,406067,کﺩﺭﻭ,1920
599,2,ﻪﻧﺍﺩﺭﻣ,ﺭﺩﻧﻠﻟ ﺏﺗﮑﻣ,406064,کﺩﺭﻭ,1921
599,3,ﻪﻧﺍﺩﺭﻣ,ﺭﺩﻧﻠﻟ ﺏﺗﮑﻣ,406064,کﺩﺭﻭ,1922
599,3,ﻪﻧﺎﻧﺯ,ﯽﻠﺣﻣ ﺏﺗﮑﻣ,404086,کﺩﺭﻭ,1923
599,4,ﻪﻧﺎﻧﺯ,ﷲﺩﺳﺍ ﮏﻠﻣ ﻝﺯﻧﻣ ﺭﺍﻭﺟ,406069,کﺩﺭﻭ,1924
599,1,ﻪﻧﺍﺩﺭﻣ,ﺏﺎﺟﮐ ﺭﺍﺯﻫ ﺭﻳﻣ ﻪﺳﻳﻟ,409057,کﺩﺭﻭ,1925
599,1,ﻪﻧﺍﺩﺭﻣ,ﻪﻣﻳﺧ,405129,کﺩﺭﻭ,1926
599,1,ﻪﻧﺍﺩﺭﻣ,ﺩﺎﺑﺁ ﺩﻳﺳ ﯽﻟﺎﻋ ﻪﺳﻳﻟ,405108,کﺩﺭﻭ,1927
599,2,ﻪﻧﺍﺩﺭﻣ,ﯽﺑﻣﻭﺑ ﺭﺩ ﻥﺎﮐﻭﺩ ﺭﺍﻭﺟ,404097,کﺩﺭﻭ,1928
599,3,ﻪﻧﺍﺩﺭﻣ,ﻪﻧﭘ ﻪﻳﺭﻗ ﺭﺍﺯﺎﺑ ﺭﺩ ﻥﺎﮐﻭﺩ ﺏﻘﻋ,404090,کﺩﺭﻭ,1929
599,2,ﻪﻧﺎﻧﺯ,ﺍﺩﻬﺷ ﻪﺳﻳﻟ,409035,کﺩﺭﻭ,1930