01,ديھش ديھان هسيل,0101089,لباک,١
01,خياشملا سمش ترضح هسيل,0101086,لباک,٢
01,هيرفعج دجسم,0101111,لباک,٣
01,دواد ترضح دجسم,0101209,لباک,۴
01,تسو اپس دجسم,3311190,هارف,۵
01,پساو دجسم,3311193,هارف,۶
01,هريد یلک راھدا,0704085,نامغل,٧
01,هسيل دابآرحب,0602072,راھرگنن,٨
01,قوراف هناخ یولھپ,1101040,ینزغ,٩
01,یلاوسلو ديدج ريمعت,2107238,خلب,١٠
01,+ بيبح یجاح و نيدلا نامز لزنم راوج,1707062,ناشخدب,١١
01,تاموج يرونکچ,0603081,راھرگنن,١٢
01,همريڅرت نوتسمليم لولب یجاح,1218239,اکيتکپ,١٣
01,هميخ,0807106,ريشجنپ,١۴
01,باروش هيرق قرش لامش هميخ,3301037,هارف,١۵
01,هرجھ کډاب د,1405070,تسوخ,١۶
01,یځنووښ دوردنت د,0704063,نامغل,١٧
01,بتکم یلاډ پمپ وليت + فيس يجاح د,2703070,راھدنک,١٨
01,یدږن هت روك نانم يجاح د,2715255,راھدنک,١٩
01,هسيل یلک ګنس بيد د,2502038,ناگزرا,٢٠
01,بتكم ناج +دبع ديھش د,2711220,راھدنک,٢١
01,يځنووښ ينځنم ونيع د,2701010,راھدنک,٢٢
01,هسيل ناخ +دبع يزاغ د,2711224,راھدنک,٢٣
01,همريڅرت روك دمحم ضيف د,2714200,راھدنک,٢۴
01,یځنووښوا تاموج يلکد نيمګ د,0701005,نامغل,٢۵
01,بتکم اغآ فيطل د,2703072,راھدنک,٢۶
01,تاموج ويزلم د,1401005,تسوخ,٢٧
01,بتکم یلک د ولډوګ رتھم د,1107219,ینزغ,٢٨
01,بتكم ثانا ينيم سيوريم د,2701022,راھدنک,٢٩
01,تاموج يلکد اټانرو د,0704064,نامغل,٣٠
01,کينيلک يلاوسلو د,3005211,دنملھ,٣١
01,زكرم يلاوسلو د,2714201,راھدنک,٣٢
01,زكرم يلاوسلو د,2715254,راھدنک,٣٣
01,تاموج ېډا ويبوقعي د,1401015,تسوخ,٣۴
01,يځنووښ ونوجن وا وناکلھد دابآ ملاساد,0703097,نامغل,٣۵
01,یځنووښ نامرد,0605174,راھرگنن,٣۶
01,يځنوښ يتاوصد,0702038,نامغل,٣٧
01,دجسم هاش تلود,0705115,نامغل,٣٨
01,رتسداک تساير,2701054,راھدنک,٣٩
01,بتکم هيئادتبا ليخاز,0607134,راھرگنن,۴٠
01,یځنووښ ونوجن نوګرا ړوز,1211172,اکيتکپ,۴١
01,تاموج ړيز,0601033,راھرگنن,۴٢
01,دازآ هحاس,0205050,اسيپاک,۴٣
01,هاگرکشل یامنيس,3001002,دنملھ,۴۴
01,هسيل ناخ دوواد دمحم رادرس ديھش,0602048,راھرگنن,۴۵
01,یځنووښ ليخ سابع,1210158,اکيتکپ,۴۶
01,خاشورغ ناخ ديفس هيرق,0901017,نلاغب,۴٧
01,يزمسك,2714202,راھدنک,۴٨
01,روميت دنب  كينيلك,2710135,راھدنک,۴٩
01,ليخ مرك كينيلك,2708248,راھدنک,۵٠
01,مولعلا راونا بتک,1105060,ینزغ,۵١
01,ثانا هد هنايم بتکم و ىشوخ هسيل,0504046,رگول,۵٢
01,شاتقآ هسيل,1904143,زدنک,۵٣
01,وتمرج رجاھ یب یب هسيل,1106111,ینزغ,۵۴
01,لق هشپ هسيل,0902084,نلاغب,۵۵
01,نامارکروکذ هسيل,0803043,ريشجنپ,۵۶
01,وراغ روکز هسيل,0914224,نلاغب,۵٧
01,یئانس هسيل,1101027,ینزغ,۵٨
01,مداخ + بيبح ديھش هسيل,1112196,ینزغ,۵٩
01,یرظن دمصلادبع خيش هسيل,3307064,هارف,۶٠
01,یخلب ديھش یلاع هسيل,2103050,خلب,۶١
01,هنيدم یلاع هسيل,1707063,ناشخدب,۶٢
01,هدزک هسيل,1716099,ناشخدب,۶٣
01,نلاغم ناوسن هسيل,1101028,ینزغ,۶۴
01,ايلع مري هسيل,0909193,نلاغب,۶۵
01,یځنووښ وناکلھ کزرام,1205075,اکيتکپ,۶۶
01,زنورپ روکذ هطسوتم,1601006,ناتسرون,۶٧
01,ميلس ديھش هطسوتم,0206085,اسيپاک,۶٨
01,تاموج عماج دابآ روبجم,0601039,راھرگنن,۶٩
01,بتكم هكين دمحم,2708246,راھدنک,٧٠
01,هبيطق ماما هسردم,0908185,نلاغب,٧١
01,ترايز زابريم لام هسردم,2501052,ناگزرا,٧٢
01,١٧ هيحان زکرم,0101327,لباک,٧٣
01,دجسم,0904266,نلاغب,٧۴
01,نجيا دجسم,3311206,هارف,٧۵
01,یگنگ هيرق لااب دجسم,1111150,ینزغ,٧۶
01,هنانز یفاخ همشچ دابآ دمحم نيياپ دجسم,3210415,تارھ,٧٧
01,یھام باگت دجسم,3212385,تارھ,٧٨
01,کمانوا عماج دجسم,0306069,ناورپ,٧٩
01,شمرت عماج دجسم,0911172,نلاغب,٨٠
01,هرد وج دجسم,1003046,نايماب,٨١
01,ون يوج دجسم,3214465,تارھ,٨٢
01,نادغارچ دجسم,1003047,نايماب,٨٣
01,مود رتخد لھچ دجسم,3207194,تارھ,٨۴
01,زاب یجاح دجسم,0101512,لباک,٨۵
01,رھاظ یجاح دجسم,2501003,ناگزرا,٨۶
01,هاقناخ دجسم,1703222,ناشخدب,٨٧
01,قودق تشد دجسم,2115312,خلب,٨٨
01,یزمر هد دجسم,1106108,ینزغ,٨٩
01,لوډوگ یناتفد ملاع ديس دجسم,1111195,ینزغ,٩٠
01,زيناش دجسم,0807082,ريشجنپ,٩١
01,قايبط دجسم,2107272,خلب,٩٢
01,دابآ رکسع دجسم,3301006,هارف,٩٣
01,هلات خارف دجسم,1110282,ینزغ,٩۴
01,هيرق دجسم,1511119,اھرنک,٩۵
01,یلفس هاګنچ هيرق دجسم,1107244,ینزغ,٩۶
01,یبآ ود نھد هيرق دجسم,3106111,سيغداب,٩٧
01,لاوداديم هيرق دجسم,1107231,ینزغ,٩٨
01,لاو هيرق دجسم,3311245,هارف,٩٩
01,لغم ناواک دجسم,3311217,هارف,١٠٠
01,نلاک دجسم,3106097,سيغداب,١٠١
01,لاک یداش نلاک دجسم,0402156,کدرو,١٠٢
01,ظافحلاراد يدمحم دجسم,0101090,لباک,١٠٣
01,ليخ ماقم دجسم,0206076,اسيپاک,١٠۴
01,یشاش هد ون دجسم,1106117,ینزغ,١٠۵
01,یردريو دجسم,3311218,هارف,١٠۶
01,ناخ +دبع عماجدجسم,3211455,تارھ,١٠٧
01,ناحير وبا  بتکم,1111185,ینزغ,١٠٨
01,یياب شوخ یادتبا بتکم,2904076,بايراف,١٠٩
01,ثانا یيادتبا بتکم,3406047,زورمين,١١٠
01,یخلب انيس یلع هيئادتبا بتکم,2102070,خلب,١١١
01,ادمحا بتکم,1106119,ینزغ,١١٢
01,شک هرا بتکم,0904132,نلاغب,١١٣
01,رضخ هجاوخ هيقاحلا بتکم,0904144,نلاغب,١١۴
01,چرم یگنت ثانا بتکم,0910161,نلاغب,١١۵
01,قيلس یتيا بتکم,2907094,بايراف,١١۶
01,روخ بآ بتکم,3106094,سيغداب,١١٧
01,یخلب عيادب بتکم,2111191,خلب,١١٨
01,ارھز همطاف یب یب بتکم,1106121,ینزغ,١١٩
01,ميرم یب یب بتکم,2107251,خلب,١٢٠
01,ینادواک کيب رفعج بتکم,3207183,تارھ,١٢١
01,ناديس غاب راھچ بتکم,2109142,خلب,١٢٢
01,فارگليت تشپ هنارتخد بتکم,1006096,نايماب,١٢٣
01,تاداس ريم هنارتخد بتکم,3214300,تارھ,١٢۴
01,توت تخرد بتکم,3204162,تارھ,١٢۵
01,مج یلع کتشد بتکم,0902080,نلاغب,١٢۶
01,دند هيرق دند بتکم,1725194,ناشخدب,١٢٧
01,ونھد بتکم,2111189,خلب,١٢٨
01,هگيد بتکم,1701021,ناشخدب,١٢٩
01,بايسآ رس بتکم,2108214,خلب,١٣٠
01,همشچ رس بتکم,2306075,روغ,١٣١
01,بارس بتکم,2114288,خلب,١٣٢
01,ناديس بتکم,1711184,ناشخدب,١٣٣
01,ناد ليس بتکم,1720242,ناشخدب,١٣۴
01,رشرش بتکم,0910154,نلاغب,١٣۵
01,یمغ بتکم,1722265,ناشخدب,١٣۶
01,گنس یروغ بتکم,0909190,نلاغب,١٣٧
01,کزايپ هيرق بتکم,3215363,تارھ,١٣٨
01,هيروق هيرق بتکم,1110265,ینزغ,١٣٩
01,ون زيراک بتکم,3207178,تارھ,١۴٠
01,ليخ نکل بتکم,0904134,نلاغب,١۴١
01,ليخرصيق هسيل بتکم,0905048,نلاغب,١۴٢
01,وداو هسيل بتکم,0911169,نلاغب,١۴٣
01,بياع هباب هطسوتم بتکم,0910162,نلاغب,١۴۴
01,ینازخ هطسوتم بتکم,1901044,زدنک,١۴۵
01,همشچ هدنگ هطسوتم بتکم,1702286,ناشخدب,١۴۶
01,نيدلا ل لاج انلاوم بتکم,2102067,خلب,١۴٧
01,فينح دمحم ناوسن بتکم,0914280,نلاغب,١۴٨
01,دفرو بتکم,1722263,ناشخدب,١۴٩
01,هشنري بتکم,1702045,ناشخدب,١۵٠
02,هزاغ هسيل,0106391,لباک,١۵١
02,یلباک رادرس ناوسن هسيل,0101490,لباک,١۵٢
02,تلاسر هسردم,0101123,لباک,١۵٣
02,هجيج دجسم,3303056,هارف,١۵۴
02,تسو اپس دجسم,3311190,هارف,١۵۵
02,توک دجسم,3311198,هارف,١۵۶
02,اھ ینامغل دجسم,0101192,لباک,١۵٧
02,رغ رن دجسم,3311209,هارف,١۵٨
02,پساو دجسم,3311193,هارف,١۵٩
02,هريد یلک راھدا,0704085,نامغل,١۶٠
02,یلاوسلو ديدج ريمعت,2107238,خلب,١۶١
02,تاموج اوقت,0601024,راھرگنن,١۶٢
02,ملاسلادبع  هناخ راوج,2308224,روغ,١۶٣
02,تاموج يرونکچ,0603081,راھرگنن,١۶۴
02,تساير يمومع نلاپ د,2701033,راھدنک,١۶۵
02,یځنووښ دوردنت د,0704063,نامغل,١۶۶
02,تاموج وٻړګريت د,0701006,نامغل,١۶٧
02,تاموج رازاب وليخ یناج د,1209110,اکيتکپ,١۶٨
02,یدږن هت روك نانم يجاح د,2715255,راھدنک,١۶٩
02,ريمعت ۍيلاونراڅ د,2711211,راھدنک,١٧٠
02,هسيل دمحم رداق دمحم ديھش د,1403147,تسوخ,١٧١
02,بتكم ناخ دمصلادبع د,2711210,راھدنک,١٧٢
02,ناديم تښوغ د,0610332,راھرگنن,١٧٣
02,همريڅرت روك + نامرف د,2711217,راھدنک,١٧۴
02,بتکم یلک د ولډوګ رتھم د,1107219,ینزغ,١٧۵
02,بتكم عساولادبع یولوم د,2702112,راھدنک,١٧۶
02,کينيلک يلاوسلو د,3005211,دنملھ,١٧٧
02,یکشپ مولعلاراد,1601007,ناتسرون,١٧٨
02,هسيلونوجنا وا وناکلھ غابراھچد,0702035,نامغل,١٧٩
02,یځنووښ نامرد,0605174,راھرگنن,١٨٠
02,بتكم يھاش رھاظ,2701038,راھدنک,١٨١
02,هسيل دوعسم نبا +دبع,0703107,نامغل,١٨٢
02,يمانرد تاموج يلک ناخ بجع,1402089,تسوخ,١٨٣
02,يزمسك,2714202,راھدنک,١٨۴
02,روميت دنب  كينيلك,2710135,راھدنک,١٨۵
02,ليخ مرك كينيلك,2708248,راھدنک,١٨۶
02,هسردم لوھک کلل,1312222,ايتکپ,١٨٧
02,ديھش + حيبذ داتسا هسيل,2103060,خلب,١٨٨
02,ناتسراھب هسيل,1706102,ناشخدب,١٨٩
02,وتمرج رجاھ یب یب هسيل,1106111,ینزغ,١٩٠
02,ناجنخ روکز هسيل,0906112,نلاغب,١٩١
02,مداخ + بيبح ديھش هسيل,1112196,ینزغ,١٩٢
02,یرظن دمصلادبع خيش هسيل,3307064,هارف,١٩٣
02,کشخ و دايص هسيل,0902078,نلاغب,١٩۴
02,هاوخريخ فسوي دمحم یلاع هسيل,2102065,خلب,١٩۵
02,ناخ ارمع هسيل,1501001,اھرنک,١٩۶
02,رھوگ هعلق هسيل,2304064,روغ,١٩٧
02,نلاام هسيل,3203095,تارھ,١٩٨
02,ناھج هکلم هسيل,1101014,ینزغ,١٩٩
02,نيدلا جارس یولوم هسيل,1901017,زدنک,٢٠٠
02,زکرم ناوسن هسيل,0910153,نلاغب,٢٠١
02,یځنووښ وناکلھ کزرام,1205075,اکيتکپ,٢٠٢
02,تارھ سبحم,3201432,تارھ,٢٠٣
02,هبيطق ماما هسردم,0908185,نلاغب,٢٠۴
02,نايچوک ینيد هسردم,0101473,لباک,٢٠۵
02,نادوک هسردم,3214329,تارھ,٢٠۶
02,دجسم,0904266,نلاغب,٢٠٧
02,دجسم,2910215,بايراف,٢٠٨
02,یرگا دجسم,0904244,نلاغب,٢٠٩
02,نجيا دجسم,3311206,هارف,٢١٠
02,یگنگ هيرق لااب دجسم,1111150,ینزغ,٢١١
02,ناخ هشپ دجسم,2902041,بايراف,٢١٢
02,لااب چولق یمروت دجسم,1111173,ینزغ,٢١٣
02,شمرت عماج دجسم,0911172,نلاغب,٢١۴
02,گير هاچ عماج دجسم,3211259,تارھ,٢١۵
02,یچروي عماج دجسم,0302153,ناورپ,٢١۶
02,هرد وج دجسم,1003046,نايماب,٢١٧
02,گنس راھچ دجسم,3209292,تارھ,٢١٨
02,زاب یجاح دجسم,0101512,لباک,٢١٩
02,یزمر هد دجسم,1106108,ینزغ,٢٢٠
02,هضور هد دجسم,1111187,ینزغ,٢٢١
02,دابآ ريش دجسم,3214310,تارھ,٢٢٢
02,دابآ رکسع دجسم,3301006,هارف,٢٢٣
02,کيدآ هرق دجسم,2804079,ناجزوج,٢٢۴
02,ناگنزرا هيرق دجسم,0908182,نلاغب,٢٢۵
02,یبآ ود نھد هيرق دجسم,3106111,سيغداب,٢٢۶
02,هغراز هيرق دجسم,0903240,نلاغب,٢٢٧
02,لاوداديم هيرق دجسم,1107231,ینزغ,٢٢٨
02,یاپ کين هيرق دجسم,1904145,زدنک,٢٢٩
02,لاو هيرق دجسم,3311245,هارف,٢٣٠
02,یبويا ديفس هعلق دجسم,3207181,تارھ,٢٣١
02,مرکا یجاح ازريم هعلق دجسم,3214322,تارھ,٢٣٢
02,ماس زيراک دجسم,3208203,تارھ,٢٣٣
02,لغم ناواک دجسم,3311217,هارف,٢٣۴
02,یھاش مرک دجسم,2114297,خلب,٢٣۵
02,ليخ ماقم دجسم,0206076,اسيپاک,٢٣۶
02,دابآرھم دجسم,3303236,هارف,٢٣٧
02,یردريو دجسم,3311218,هارف,٢٣٨
02,ناخ +دبع عماجدجسم,3211455,تارھ,٢٣٩
02,اوګير بتكم,2704174,راھدنک,٢۴٠
02,(ناخ ليع امسا ريما هسيل)نايفوص بتكم,3202436,تارھ,٢۴١
02,ناحير وبا  بتکم,1111185,ینزغ,٢۴٢
02,هيادتبا بتکم,0905269,نلاغب,٢۴٣
02,ناچرخ هعلق یيادتبا بتکم,3209459,تارھ,٢۴۴
02,هخي یئادتبا بتکم,0913210,نلاغب,٢۴۵
02,هيئادتبا بتکم,1512054,اھرنک,٢۴۶
02,یخلب انيس یلع هيئادتبا بتکم,2102070,خلب,٢۴٧
02,نيتملادبع ديس یز ميھاربا بتکم,1105069,ینزغ,٢۴٨
02,ادمحا بتکم,1106119,ینزغ,٢۴٩
02,شک هرا بتکم,0904132,نلاغب,٢۵٠
02,دھاج داتسا بتکم,2101030,خلب,٢۵١
02,رضخ هجاوخ هيقاحلا بتکم,0904144,نلاغب,٢۵٢
02,چرم یگنت ثانا بتکم,0910161,نلاغب,٢۵٣
02,روخ بآ بتکم,3106094,سيغداب,٢۵۴
02,وديب بتکم,2109131,خلب,٢۵۵
02,رازم یاپ بتکم,1721251,ناشخدب,٢۵۶
02,هرد گنلپ بتکم,1701022,ناشخدب,٢۵٧
02,ینادواک کيب رفعج بتکم,3207183,تارھ,٢۵٨
02,لقپچ بتکم,3207182,تارھ,٢۵٩
02,کروقچ بتکم,2115311,خلب,٢۶٠
02,هبوچ بتکم,2111193,خلب,٢۶١
02,مج یلع کتشد بتکم,0902080,نلاغب,٢۶٢
02,خرس هد بتکم,1005074,نايماب,٢۶٣
02,هگيد بتکم,1701021,ناشخدب,٢۶۴
02,هعلق شات روکذ بتکم,2905139,بايراف,٢۶۵
02,همشچ رس بتکم,2306075,روغ,٢۶۶
02,رشرش بتکم,0910154,نلاغب,٢۶٧
02,ثيلوبا خيش بتکم,3205264,تارھ,٢۶٨
02,یمغ بتکم,1722265,ناشخدب,٢۶٩
02,گنس یروغ بتکم,0909190,نلاغب,٢٧٠
02,+ ضيف بتکم,1509092,اھرنک,٢٧١
02,+دبع يراق بتکم,0101023,لباک,٢٧٢
02,ديھش قوراف یضاق بتکم,2111197,خلب,٢٧٣
02,یرقشق هيرق بتکم,2201027,لپرس,٢٧۴
02,هيروق هيرق بتکم,1110265,ینزغ,٢٧۵
02,ون زيراک بتکم,3207178,تارھ,٢٧۶
02,ليصا لوق هنھک بتکم,1106107,ینزغ,٢٧٧
02,یپروک بتکم,2304070,روغ,٢٧٨
02,ليخ نکل بتکم,0904134,نلاغب,٢٧٩
02,رازاب هسيل بتکم,0913208,نلاغب,٢٨٠
02,ناوسن هسيل بتکم,3207190,تارھ,٢٨١
02,وداو هسيل بتکم,0911169,نلاغب,٢٨٢
02,بياع هباب هطسوتم بتکم,0910162,نلاغب,٢٨٣
02,ضر یلع ترضح هطسوتم بتکم,0307092,ناورپ,٢٨۴
02,ینازخ هطسوتم بتکم,1901044,زدنک,٢٨۵
02,یچس هطسوتم بتکم,0913255,نلاغب,٢٨۶
02,فينح دمحم ناوسن بتکم,0914280,نلاغب,٢٨٧
02,هرد زغن بتکم,1701017,ناشخدب,٢٨٨
02,2 ربمن بتکم,0901010,نلاغب,٢٨٩
02,دابآ ون بتکم,3211453,تارھ,٢٩٠
02,دفرو بتکم,1722263,ناشخدب,٢٩١
03,قرب نشيتسا ريمعت,0905073,نلاغب,٢٩٢
03,باروش و روس هسيل,3301026,هارف,٢٩٣
03,+ ليلخ ميھاربا دجسم,0101212,لباک,٢٩۴
03,نارتخد لھچ دجسم,0103419,لباک,٢٩۵
03,للاب ترضح دجسم,0101078,لباک,٢٩۶
03,دابآ ريخ دجسم,3311212,هارف,٢٩٧
03,رغ رن دجسم,3311209,هارف,٢٩٨
03,زيراک لااب هطسوتم بتکم,0106386,لباک,٢٩٩
03,ناخيش هطسوتم بتکم,0108336,لباک,٣٠٠
03,تاموج اوقت,0601024,راھرگنن,٣٠١
03,هيدومحم هناخ هيکت,2107239,خلب,٣٠٢
03,بتکم ليخرمث,0602056,راھرگنن,٣٠٣
03,راتس طباض لزنم راوج,0202021,اسيپاک,٣٠۴
03,باروش هيرق قرش لامش هميخ,3301037,هارف,٣٠۵
03,یځنووښ ینځنم ونوجنا د,0612216,راھرگنن,٣٠۶
03,ګنڅرت روك ناخ ريشب د,2718242,راھدنک,٣٠٧
03,همريڅرت روك + نامرف د,2711217,راھدنک,٣٠٨
03,همريڅرت روك دمحم ضيف د,2714200,راھدنک,٣٠٩
03,يځنووښ ينځنم دابآ هچلك د,2717016,راھدنک,٣١٠
03,بتکم یلک د ولډوګ رتھم د,1107219,ینزغ,٣١١
03,بتكم عساولادبع یولوم د,2702112,راھدنک,٣١٢
03,تاموج يلکد اټانرو د,0704064,نامغل,٣١٣
03,کينيلک يلاوسلو د,3005211,دنملھ,٣١۴
03,زكرم يلاوسلو د,2714201,راھدنک,٣١۵
03,یکشپ مولعلاراد,1601007,ناتسرون,٣١۶
03,تاموج ناماد,0602073,راھرگنن,٣١٧
03,دجسم پمك مھود,2705158,راھدنک,٣١٨
03,همريڅرت روک لوسر,1401047,تسوخ,٣١٩
03,تاموج ۍکرپس,1409058,تسوخ,٣٢٠
03,هسيل دابآريش,0618502,راھرگنن,٣٢١
03,یځنووښ ليخ سابع,1210158,اکيتکپ,٣٢٢
03,هسيل دوعسم نبا +دبع,0703107,نامغل,٣٢٣
03,يزمسك,2714202,راھدنک,٣٢۴
03,ليخ مرك كينيلك,2708248,راھدنک,٣٢۵
03,کينيلک,0603080,راھرگنن,٣٢۶
03,ون یوج رھن کيدزن یرگول,0901027,نلاغب,٣٢٧
03,ثانا هد هنايم بتکم و ىشوخ هسيل,0504046,رگول,٣٢٨
03,ورسخ رصان ثانا هسيل,2113099,خلب,٣٢٩
03,شاتقآ هسيل,1904143,زدنک,٣٣٠
03,وتمرج رجاھ یب یب هسيل,1106111,ینزغ,٣٣١
03,یلع ترضح هسيل,0307082,ناورپ,٣٣٢
03,وراغ روکز هسيل,0914224,نلاغب,٣٣٣
03,یئانس هسيل,1101027,ینزغ,٣٣۴
03,مداخ + بيبح ديھش هسيل,1112196,ینزغ,٣٣۵
03,یخلب ديھش یلاع هسيل,2103050,خلب,٣٣۶
03,هاوخريخ فسوي دمحم یلاع هسيل,2102065,خلب,٣٣٧
03,چولب نوزحم هسيل,1715156,ناشخدب,٣٣٨
03,یسيغداب ناوسن هسيل,2903062,بايراف,٣٣٩
03,اھ گنچ و مرج ون هسيل,1710082,ناشخدب,٣۴٠
03,یځنووښ وناکلھ کزرام,1205075,اکيتکپ,٣۴١
03,ون هام,1724277,ناشخدب,٣۴٢
03,ميلس ديھش هطسوتم,0206085,اسيپاک,٣۴٣
03,بتكم هكين دمحم,2708246,راھدنک,٣۴۴
03,هرق هتشپ  هسردم,0911165,نلاغب,٣۴۵
03,دجسم,0904266,نلاغب,٣۴۶
03,دجسم,2910215,بايراف,٣۴٧
03,روھاي  دجسم,0914226,نلاغب,٣۴٨
03,هد دنلب دجسم,3302050,هارف,٣۴٩
03,ارفل دنب هتخت دجسم,2910122,بايراف,٣۵٠
03,گنس راھچ دجسم,3209292,تارھ,٣۵١
03,زاب یجاح دجسم,0101512,لباک,٣۵٢
03,بيبح دجسم,1111175,ینزغ,٣۵٣
03,ماظن ديس دجسم,0101200,لباک,٣۵۴
03,ىرکښ دجسم,1408184,تسوخ,٣۵۵
03,فيرش دجسم,2603056,لباز,٣۵۶
03,یبآ ود نھد هيرق دجسم,3106111,سيغداب,٣۵٧
03,لاو هيرق دجسم,3311245,هارف,٣۵٨
03,ماس زيراک دجسم,3208203,تارھ,٣۵٩
03,لوق فک دجسم,1006102,نايماب,٣۶٠
03,چغلاک دجسم,1101039,ینزغ,٣۶١
03,هيادتبا بتکم,0905269,نلاغب,٣۶٢
03,هيئادتبا بتکم,1512054,اھرنک,٣۶٣
03,یخلب انيس یلع هيئادتبا بتکم,2102070,خلب,٣۶۴
03,رازھ لگ هيئادتبا بتکم,3203113,تارھ,٣۶۵
03,ديز وبا بتکم,2103059,خلب,٣۶۶
03,ادمحا بتکم,1106119,ینزغ,٣۶٧
03,چرم یگنت ثانا بتکم,0910161,نلاغب,٣۶٨
03,قيلس یتيا بتکم,2907094,بايراف,٣۶٩
03,وت ماداب بتکم,3204161,تارھ,٣٧٠
03,هتخوت بتکم,2103049,خلب,٣٧١
03,نامثع ترضح بتکم,0904128,نلاغب,٣٧٢
03,راغوز بتکم,1727270,ناشخدب,٣٧٣
03,همشچ رس بتکم,2306075,روغ,٣٧۴
03,رشرش بتکم,0910154,نلاغب,٣٧۵
03,ديھش دمحم ملاغ بتکم,2103056,خلب,٣٧۶
03,+ ضيف بتکم,1509092,اھرنک,٣٧٧
03,مدق بتکم,1702047,ناشخدب,٣٧٨
03,ون زيراک بتکم,3207178,تارھ,٣٧٩
03,وداو هسيل بتکم,0911169,نلاغب,٣٨٠
03,هطسوتم بتکم,1510102,اھرنک,٣٨١
03,بياع هباب هطسوتم بتکم,0910162,نلاغب,٣٨٢
03,ینازخ هطسوتم بتکم,1901044,زدنک,٣٨٣
03,نيمخ هطسوتم بتکم,2309189,روغ,٣٨۴
03,نيچوق هطسوتم بتکم,2801024,ناجزوج,٣٨۵
03,کولم بتکم,1111158,ینزغ,٣٨۶
03,نيدلا ل لاج انلاوم بتکم,2102067,خلب,٣٨٧
03,کلوب یتلآ ناوسن بتکم,2911174,بايراف,٣٨٨
03,یھد هد ناوسن بتکم,1702044,ناشخدب,٣٨٩
03,هرد زغن بتکم,1701017,ناشخدب,٣٩٠
03,تخرد هکي کينيلک و بتکم,3207171,تارھ,٣٩١
03,دفرو بتکم,1722263,ناشخدب,٣٩٢
03,هشنري بتکم,1702045,ناشخدب,٣٩٣
04,لاو دنويم مشاھدمحم هسيل,0101153,لباک,٣٩۴
04,يليماف دصجنپ ادھش دجسم,0101310,لباک,٣٩۵
04,هسيل ييلاا,0601004,راھرگنن,٣٩۶
04,تاموج اوقت,0601024,راھرگنن,٣٩٧
04,ىلک زيراک تاموج,1407066,تسوخ,٣٩٨
04,هميخ,2708250,راھدنک,٣٩٩
04,هميخ يدژن هت دزور یلک یګنت د,2718240,راھدنک,۴٠٠
04,همريڅرت روك ناخ يزور يجاح د,2714269,راھدنک,۴٠١
04,بتکم یلاډ پمپ وليت + فيس يجاح د,2703070,راھدنک,۴٠٢
04,بتكم ددم رادرس د,2701025,راھدنک,۴٠٣
04,هسيل ناخ +دبع يزاغ د,2711224,راھدنک,۴٠۴
04,همريڅرت روك + نامرف د,2711217,راھدنک,۴٠۵
04,همريڅرت روك دمحم ضيف د,2714200,راھدنک,۴٠۶
04,هقطنم دمحم اطع لام د,2704191,راھدنک,۴٠٧
04,کينيلک يلاوسلو د,3005211,دنملھ,۴٠٨
04,تاموج ېډا ويبوقعي د,1401015,تسوخ,۴٠٩
04,یکشپ مولعلاراد,1601007,ناتسرون,۴١٠
04,يځنووښ ونوجن وا وناکلھد دابآ ملاساد,0703097,نامغل,۴١١
04,تاموج ناماد,0602073,راھرگنن,۴١٢
04,يځنووښونوجن وا وناکلھد ويازکرابد,0703095,نامغل,۴١٣
04,هسيلونوجنا وا وناکلھ غابراھچد,0702035,نامغل,۴١۴
04,هاگرکشل یامنيس,3001002,دنملھ,۴١۵
04,يزمسك,2714202,راھدنک,۴١۶
04,ليخ مرك كينيلك,2708248,راھدنک,۴١٧
04,هسيل ريبک زيراک,0602059,راھرگنن,۴١٨
04,يزكرم هسيل,3002067,دنملھ,۴١٩
04,وتمرج رجاھ یب یب هسيل,1106111,ینزغ,۴٢٠
04,ناخدمحا هعلق روکذ هسيل,0101318,لباک,۴٢١
04,وراغ روکز هسيل,0914224,نلاغب,۴٢٢
04,یخلب ديھش یلاع هسيل,2103050,خلب,۴٢٣
04,غاو هيرق هسيل,1110264,ینزغ,۴٢۴
04,ناھج هکلم هسيل,1101014,ینزغ,۴٢۵
04,یسيغداب ناوسن هسيل,2903062,بايراف,۴٢۶
04,زنورپ روکذ هطسوتم,1601006,ناتسرون,۴٢٧
04,ديھش + عمس هطسوتم,1903132,زدنک,۴٢٨
04,بتكم هكين دمحم,2708246,راھدنک,۴٢٩
04,هرق هتشپ  هسردم,0911165,نلاغب,۴٣٠
04,نايچوک ینيد هسردم,0101473,لباک,۴٣١
04,زاب یجاح دجسم,0101512,لباک,۴٣٢
04,هضور هد دجسم,1111187,ینزغ,۴٣٣
04,دابآ رکسع دجسم,3301006,هارف,۴٣۴
04,هيرق دجسم,1510103,اھرنک,۴٣۵
04,دمحم هعلق دجسم,3301035,هارف,۴٣۶
04,دابآرديح بتكم,3004053,دنملھ,۴٣٧
04,(ناخ ليع امسا ريما هسيل)نايفوص بتكم,3202436,تارھ,۴٣٨
04,هيئادتبا بتکم,1512054,اھرنک,۴٣٩
04,ادمحا بتکم,1106119,ینزغ,۴۴٠
04,قيلس یتيا بتکم,2907094,بايراف,۴۴١
04,هد لااب بتکم,1301012,ايتکپ,۴۴٢
04,هنارتخد بتکم,3215354,تارھ,۴۴٣
04,هعلق شات روکذ بتکم,2905139,بايراف,۴۴۴
04,شوا هيرق بتکم,2207092,لپرس,۴۴۵
04,هعلق بتکم,1721246,ناشخدب,۴۴۶
04,یپروک بتکم,2304070,روغ,۴۴٧
04,هطسوتم بتکم,1510102,اھرنک,۴۴٨
04,هعلق ین بتکم,1111189,ینزغ,۴۴٩
04,وتفھ بتکم,3207172,تارھ,۴۵٠
04,نايچمي بتکم,1707070,ناشخدب,۴۵١
05,يکتوھ دومحم هسيل,0101033,لباک,۴۵٢
05,دابآ نز دجسم,0101255,لباک,۴۵٣
05,ىلک زيراک تاموج,1407066,تسوخ,۴۵۴
05,بتكم ناج +دبع ديھش د,2711220,راھدنک,۴۵۵
05,همريڅرت روك + نامرف د,2711217,راھدنک,۴۵۶
05,همريڅرت روك دمحم ضيف د,2714200,راھدنک,۴۵٧
05,يځنووښ ينځنم دابآ هچلك د,2717016,راھدنک,۴۵٨
05,کينيلک يلاوسلو د,3005211,دنملھ,۴۵٩
05,زكرم يلاوسلو د,2715254,راھدنک,۴۶٠
05,روجغ نيملعملاراد,1114332,ینزغ,۴۶١
05,نيملعملراد,0601023,راھرگنن,۴۶٢
05,هسيل ناخ دوواد دمحم رادرس ديھش,0602048,راھرگنن,۴۶٣
05,بتكم يھاش رھاظ,2701038,راھدنک,۴۶۴
05,يزمسك,2714202,راھدنک,۴۶۵
05,ثانا هد هنايم بتکم و ىشوخ هسيل,0504046,رگول,۴۶۶
05,نيفراعلا سمش هسيل,1101006,ینزغ,۴۶٧
05,هاوخريخ فسوي دمحم یلاع هسيل,2102065,خلب,۴۶٨
05,ناسھک هسيل,3213230,تارھ,۴۶٩
05,ناھج هکلم هسيل,1101014,ینزغ,۴٧٠
05,دابآون هيرق هسردم,1501005,اھرنک,۴٧١
05,١٧ هيحان زکرم,0101327,لباک,۴٧٢
05,(ناخ ليع امسا ريما هسيل)نايفوص بتكم,3202436,تارھ,۴٧٣
05,یخلب عيطملا وبا بتکم,2102064,خلب,۴٧۴
05,ادمحا بتکم,1106119,ینزغ,۴٧۵
05,ناوريس بتکم,3212377,تارھ,۴٧۶
05,دابآ خيش بتکم,2103062,خلب,۴٧٧
05,ناملاغ بتکم,2301035,روغ,۴٧٨
05,نادنمھم بتکم,2106167,خلب,۴٧٩
05,نيدلا ل لاج انلاوم بتکم,2102067,خلب,۴٨٠
05,هعلق ین بتکم,1111189,ینزغ,۴٨١
06,هسيل ييلاا,0601004,راھرگنن,۴٨٢
06,تاموج اوقت,0601024,راھرگنن,۴٨٣
06,هسيل يھاشروميت,2701029,راھدنک,۴٨۴
06,هميخ يدژن هت دزور یلک یګنت د,2718240,راھدنک,۴٨۵
06,بتکم یلاډ پمپ وليت + فيس يجاح د,2703070,راھدنک,۴٨۶
06,هسيل یلک ګنس بيد د,2502038,ناگزرا,۴٨٧
06,يځنووښ ينځنم ونيع د,2701010,راھدنک,۴٨٨
06,همريڅرت روك + نامرف د,2711217,راھدنک,۴٨٩
06,زكرم يلاوسلو د,2714201,راھدنک,۴٩٠
06,ثانا هد هنايم بتکم و ىشوخ هسيل,0504046,رگول,۴٩١
06,تارب مشاھ  هسيل,2101036,خلب,۴٩٢
06,یللام هسيل,3001008,دنملھ,۴٩٣
06,نيدلا جارس یولوم هسيل,1901017,زدنک,۴٩۴
06,٢ ربمن ناوسن هسيل,1701016,ناشخدب,۴٩۵
06,کين هسردم,1005069,نايماب,۴٩۶
06,یخلب انيس یلع هيئادتبا بتکم,2102070,خلب,۴٩٧
06,یخلب عيطملا وبا بتکم,2102064,خلب,۴٩٨
06,هعلق ملاسا روکذ بتکم,2906149,بايراف,۴٩٩
06,ميتي هيرق بتکم,1902120,زدنک,۵٠٠
06,نيدلا ل لاج انلاوم بتکم,2102067,خلب,۵٠١
07,هژورپ هسيل,0101242,لباک,۵٠٢
07,نيدلا بارحم هسيل,0101126,لباک,۵٠٣
07,بتكم يراھدنك لضاف د,2701036,راھدنک,۵٠۴
07,ميتي هيرق بتکم,1902120,زدنک,۵٠۵
07,نيدلا ل لاج انلاوم بتکم,2102067,خلب,۵٠۶
08,هميخ يدژن هت دزور یلک یګنت د,2718240,راھدنک,۵٠٧
08,راگنلک ىداھج هسيل,0501002,رگول,۵٠٨
08,نيدلا جارس یولوم هسيل,1901017,زدنک,۵٠٩
08,زاب یجاح دجسم,0101512,لباک,۵١٠
08,نيدلا ل لاج انلاوم بتکم,2102067,خلب,۵١١
08,ايرث هکلم ناوسن بتکم,0101062,لباک,۵١٢
09,هسيل يھاشروميت,2701029,راھدنک,۵١٣
09,یکات دمحم هجاوخ هسيل,3201006,تارھ,۵١۴
09,نيدلا ل لاج انلاوم بتکم,2102067,خلب,۵١۵
10,هداھش هعلق هسيل,1101035,ینزغ,۵١۶
12,١٧ هيحان زکرم,0101327,لباک,۵١٧
01,يلاويدراچ لالاريم,0605179,راھرگنن,۵١٨
03,بتکم اناوزان,0601017,راھرگنن,۵١٩
01,یلو یجاح لزنم کيدزن,2113102,خلب,۵٢٠
02,ناخ باون یجاح نوتسمليم کيدزن,1218245,اکيتکپ,۵٢١
03,یلاوسلو یھدھد ناوسن,1702290,ناشخدب,۵٢٢
01,یځنووښ یروت زکرم یلاوسلو,1219231,اکيتکپ,۵٢٣
02,یځنووښ یروت زکرم یلاوسلو,1219231,اکيتکپ,۵٢۴
03,یځنووښ یروت زکرم یلاوسلو,1219231,اکيتکپ,۵٢۵
